country,state,city,station,last_update,latitude,longitude,pollutant_id,pollutant_min,pollutant_max,pollutant_avg
India,Andhra_Pradesh,Kadapa,"Yerramukkapalli, Kadapa - APPCB","11-02-2026 10:00:00",14.465052,78.824187,OZONE,14,16,14
India,Andhra_Pradesh,Rajamahendravaram,"Anand Kala Kshetram, Rajamahendravaram - APPCB","11-02-2026 10:00:00",16.9872867,81.7363176,NO2,14,44,26
India,Andhra_Pradesh,Rajamahendravaram,"Anand Kala Kshetram, Rajamahendravaram - APPCB","11-02-2026 10:00:00",16.9872867,81.7363176,NH3,4,6,6
India,Andhra_Pradesh,Rajamahendravaram,"Anand Kala Kshetram, Rajamahendravaram - APPCB","11-02-2026 10:00:00",16.9872867,81.7363176,OZONE,14,33,18
India,Andhra_Pradesh,Tirumala,"Toll Gate, Tirumala - APPCB","11-02-2026 10:00:00",13.67,79.35,PM10,72,102,89
India,Andhra_Pradesh,Tirumala,"Toll Gate, Tirumala - APPCB","11-02-2026 10:00:00",13.67,79.35,SO2,4,12,8
India,Andhra_Pradesh,Tirumala,"Toll Gate, Tirumala - APPCB","11-02-2026 10:00:00",13.67,79.35,CO,18,32,24
India,Andhra_Pradesh,Tirumala,"Toll Gate, Tirumala - APPCB","11-02-2026 10:00:00",13.67,79.35,OZONE,40,82,66
India,Andhra_Pradesh,Tirupati,"Vaikuntapuram, Tirupati - APPCB","11-02-2026 10:00:00",13.615387,79.409230,OZONE,18,20,19
India,Andhra_Pradesh,Vijayawada,"HB Colony, Vijayawada - APPCB","11-02-2026 10:00:00",16.536107,80.594233,OZONE,2,2,2
India,Andhra_Pradesh,Vijayawada,"Kanuru, Vijayawada - APPCB","11-02-2026 10:00:00",16.486692,80.699436,SO2,18,22,20
India,Andhra_Pradesh,Vijayawada,"Rajiv Gandhi Park, Vijayawada - APPCB","11-02-2026 10:00:00",16.509717,80.612222,SO2,NA,NA,NA
India,Andhra_Pradesh,Vijayawada,"Rajiv Gandhi Park, Vijayawada - APPCB","11-02-2026 10:00:00",16.509717,80.612222,OZONE,6,46,12
India,Andhra_Pradesh,Visakhapatnam,"GVM Corporation, Visakhapatnam - APPCB","11-02-2026 10:00:00",17.72,83.3,NH3,3,4,3
India,Arunachal_Pradesh,Naharlagun,"Naharlagun, Naharlagun - APSPCB","11-02-2026 10:00:00",27.103358,93.679645,NH3,1,1,1
India,Arunachal_Pradesh,Naharlagun,"Naharlagun, Naharlagun - APSPCB","11-02-2026 10:00:00",27.103358,93.679645,SO2,9,10,10
India,Arunachal_Pradesh,Naharlagun,"Naharlagun, Naharlagun - APSPCB","11-02-2026 10:00:00",27.103358,93.679645,OZONE,5,6,6
India,Assam,Byrnihat,"Central Academy for SFS, Byrnihat - PCBA","11-02-2026 10:00:00",26.071318,91.87488,NO2,4,10,8
India,Assam,Byrnihat,"Central Academy for SFS, Byrnihat - PCBA","11-02-2026 10:00:00",26.071318,91.87488,SO2,11,32,31
India,Assam,Guwahati,"LGBI Airport, Guwahati - PCBA","11-02-2026 10:00:00",26.10887,91.589544,NH3,4,6,5
India,Bihar,Gaya,"Kareemganj, Gaya - BSPCB","11-02-2026 10:00:00",24.792403,84.992416,NH3,1,2,1
India,Bihar,Gaya,"SFTI Kusdihra, Gaya - BSPCB","11-02-2026 10:00:00",24.762518,84.982348,NH3,2,7,4
India,Bihar,Gaya,"SFTI Kusdihra, Gaya - BSPCB","11-02-2026 10:00:00",24.762518,84.982348,OZONE,7,29,8
India,Bihar,Hajipur,"Industrial Area, Hajipur - BSPCB","11-02-2026 10:00:00",25.697189,85.245900,PM10,73,148,120
India,Bihar,Hajipur,"Industrial Area, Hajipur - BSPCB","11-02-2026 10:00:00",25.697189,85.245900,NH3,7,21,15
India,Bihar,Katihar,"Mirchaibari, Katihar - BSPCB","11-02-2026 10:00:00",25.560083,87.553265,PM2.5,48,157,79
India,Bihar,Katihar,"Mirchaibari, Katihar - BSPCB","11-02-2026 10:00:00",25.560083,87.553265,CO,79,98,83
India,Bihar,Kishanganj,"SDM Office_Khagra, Kishanganj - BSPCB","11-02-2026 10:00:00",26.0881305,87.93840336,PM10,41,77,57
India,Assam,Sivasagar,"Girls College, Sivasagar - PCBA","11-02-2026 10:00:00",26.987634,94.636574,PM10,30,98,47
India,Assam,Sivasagar,"Girls College, Sivasagar - PCBA","11-02-2026 10:00:00",26.987634,94.636574,NH3,5,36,13
India,Bihar,Araria,"Kharahiya Basti, Araria - BSPCB","11-02-2026 10:00:00",26.146529,87.454184,CO,24,100,63
India,Bihar,Arrah,"New DM Office, Arrah - BSPCB","11-02-2026 10:00:00",25.5626095,84.663264,PM10,24,71,49
India,Bihar,Arrah,"New DM Office, Arrah - BSPCB","11-02-2026 10:00:00",25.5626095,84.663264,NH3,1,1,1
India,Bihar,Aurangabad,"Gurdeo Nagar, Aurangabad - BSPCB","11-02-2026 10:00:00",24.75746,84.366208,PM10,62,118,85
India,Bihar,Bettiah,"Kamalnath Nagar, Bettiah - BSPCB","11-02-2026 10:00:00",26.80365,84.51954,PM2.5,55,147,84
India,Assam,Guwahati,"Pan Bazaar, Guwahati - PCBA","11-02-2026 10:00:00",26.187500,91.744194,NH3,1,1,1
India,Assam,Guwahati,"Railway Colony, Guwahati - PCBA","11-02-2026 10:00:00",26.181742,91.78063,NO2,3,4,3
India,Assam,Nagaon,"Christianpatty, Nagaon - PCBA","11-02-2026 10:00:00",26.349082,92.68449,NO2,1,1,1
India,Assam,Nalbari,"Bata Chowk, Nalbari - PCBA","11-02-2026 10:00:00",26.446912,91.439057,PM2.5,93,197,151
India,Assam,Nalbari,"Bata Chowk, Nalbari - PCBA","11-02-2026 10:00:00",26.446912,91.439057,CO,14,22,21
India,Assam,Silchar,"Tarapur, Silchar - PCBA","11-02-2026 10:00:00",24.82827,92.79525,PM2.5,3,93,59
India,Assam,Silchar,"Tarapur, Silchar - PCBA","11-02-2026 10:00:00",24.82827,92.79525,NH3,1,1,1
India,Assam,Silchar,"Tarapur, Silchar - PCBA","11-02-2026 10:00:00",24.82827,92.79525,OZONE,2,7,2
India,Bihar,Muzaffarpur,"Muzaffarpur Collectorate, Muzaffarpur - BSPCB","11-02-2026 10:00:00",26.1209,85.3647,CO,31,82,40
India,Bihar,Patna,"Govt. High School Shikarpur, Patna - BSPCB","11-02-2026 10:00:00",25.592539,85.227158,PM2.5,198,348,292
India,Bihar,Patna,"Muradpur, Patna - BSPCB","11-02-2026 10:00:00",25.619651,85.147382,PM2.5,49,86,66
India,Bihar,Patna,"Muradpur, Patna - BSPCB","11-02-2026 10:00:00",25.619651,85.147382,OZONE,4,16,5
India,Bihar,Patna,"Rajbansi Nagar, Patna - BSPCB","11-02-2026 10:00:00",25.599486,85.113666,PM10,52,171,100
India,Bihar,Patna,"Rajbansi Nagar, Patna - BSPCB","11-02-2026 10:00:00",25.599486,85.113666,NO2,14,59,31
India,Bihar,Bhagalpur,"DM Office_Kachari Chowk, Bhagalpur - BSPCB","11-02-2026 10:00:00",25.251013,86.989001,PM10,45,127,74
India,Bihar,Bhagalpur,"DM Office_Kachari Chowk, Bhagalpur - BSPCB","11-02-2026 10:00:00",25.251013,86.989001,SO2,30,76,53
India,Bihar,"Bihar Sharif","D M Colony, Bihar Sharif - BSPCB","11-02-2026 10:00:00",25.204762,85.514960,NO2,9,10,9
India,Bihar,"Bihar Sharif","D M Colony, Bihar Sharif - BSPCB","11-02-2026 10:00:00",25.204762,85.514960,SO2,10,10,10
India,Bihar,Chhapra,"Darshan Nagar, Chhapra - BSPCB","11-02-2026 10:00:00",25.7808257,84.7446768,PM10,29,285,108
India,Bihar,Gaya,"Collectorate, Gaya - BSPCB","11-02-2026 10:00:00",24.7955,84.9994,PM2.5,NA,NA,NA
India,Bihar,Manguraha,"Forest Rest House, Manguraha - BSPCB","11-02-2026 10:00:00",27.308328,84.531742,CO,32,33,32
India,Bihar,Motihari,"Gandak Colony, Motihari - BSPCB","11-02-2026 10:00:00",26.63086,84.90051,NH3,3,3,3
India,Bihar,Munger,"Town Hall, Munger - BSPCB","11-02-2026 10:00:00",25.376776,86.471523,PM10,45,114,71
India,Bihar,Munger,"Town Hall, Munger - BSPCB","11-02-2026 10:00:00",25.376776,86.471523,NH3,2,2,2
India,Bihar,Munger,"Town Hall, Munger - BSPCB","11-02-2026 10:00:00",25.376776,86.471523,SO2,26,31,30
India,Bihar,Purnia,"Mariam Nagar, Purnia - BSPCB","11-02-2026 10:00:00",25.366336,87.117468,SO2,15,16,16
India,Bihar,Saharsa,"Police Line, Saharsa - BSPCB","11-02-2026 10:00:00",25.892357,86.590325,NO2,5,8,7
India,Bihar,Saharsa,"Police Line, Saharsa - BSPCB","11-02-2026 10:00:00",25.892357,86.590325,OZONE,7,11,10
India,Bihar,Samastipur,"DM Office_Kasipur, Samastipur - BSPCB","11-02-2026 10:00:00",25.859655,85.77944,NO2,7,9,8
India,Andhra_Pradesh,Anantapur,"Gulzarpet, Anantapur - APPCB","11-02-2026 10:00:00",14.675886,77.593027,CO,21,29,24
India,Andhra_Pradesh,Anantapur,"Gulzarpet, Anantapur - APPCB","11-02-2026 10:00:00",14.675886,77.593027,OZONE,17,17,17
India,Andhra_Pradesh,Chittoor,"Gangineni Cheruvu, Chittoor - APPCB","11-02-2026 10:00:00",13.204880,79.097889,NH3,5,6,6
India,Bihar,Siwan,"Chitragupta Nagar, Siwan - BSPCB","11-02-2026 10:00:00",26.2271665,84.3570427,NO2,NA,NA,NA
India,Bihar,Siwan,"Chitragupta Nagar, Siwan - BSPCB","11-02-2026 10:00:00",26.2271665,84.3570427,OZONE,13,14,13
India,Chandigarh,Chandigarh,"Sector 22, Chandigarh - CPCC","11-02-2026 10:00:00",30.735567,76.775714,PM2.5,58,170,101
India,Chandigarh,Chandigarh,"Sector 22, Chandigarh - CPCC","11-02-2026 10:00:00",30.735567,76.775714,NO2,7,178,30
India,Chandigarh,Chandigarh,"Sector-25, Chandigarh - CPCC","11-02-2026 10:00:00",30.751462,76.762879,SO2,2,31,8
India,Chhattisgarh,Bhilai,"32Bungalows, Bhilai - CECB","11-02-2026 10:00:00",21.194815,81.314770,PM2.5,16,51,32
India,Chhattisgarh,Bhilai,"32Bungalows, Bhilai - CECB","11-02-2026 10:00:00",21.194815,81.314770,OZONE,2,35,3
India,Chhattisgarh,Bhilai,"Civic Center, Bhilai - Bhilai Steel Plant","11-02-2026 10:00:00",21.185571,81.343175,NO2,22,240,102
India,Delhi,Delhi,"Mundka, Delhi - DPCC","11-02-2026 10:00:00",28.684678,77.076574,PM2.5,97,500,370
India,Delhi,Delhi,"NSIT Dwarka, Delhi - CPCB","11-02-2026 10:00:00",28.60909,77.0325413,PM10,117,281,178
India,Delhi,Delhi,"Najafgarh, Delhi - DPCC","11-02-2026 10:00:00",28.570173,76.933762,NO2,95,151,120
India,Delhi,Delhi,"Najafgarh, Delhi - DPCC","11-02-2026 10:00:00",28.570173,76.933762,CO,18,122,56
India,Delhi,Delhi,"Narela, Delhi - DPCC","11-02-2026 10:00:00",28.822836,77.101981,NO2,21,99,53
India,Delhi,Delhi,"Narela, Delhi - DPCC","11-02-2026 10:00:00",28.822836,77.101981,SO2,12,40,21
India,Delhi,Delhi,"Nehru Nagar, Delhi - DPCC","11-02-2026 10:00:00",28.567890,77.250515,NH3,7,13,10
India,Delhi,Delhi,"North Campus, DU, Delhi - IMD","11-02-2026 10:00:00",28.6573814,77.1585447,NO2,60,178,113
India,Chhattisgarh,Raipur,"Siltara Phase-II, Raipur - CECB","11-02-2026 10:00:00",21.371751,81.664929,PM10,88,158,122
India,Chhattisgarh,Tumidih,"OP Jindal Industrial Park, Tumidih - CECB","11-02-2026 10:00:00",22.06631475,83.33820077,OZONE,4,94,14
India,Delhi,Delhi,"Alipur, Delhi - DPCC","11-02-2026 10:00:00",28.815329,77.153010,SO2,1,14,5
India,Delhi,Delhi,"Alipur, Delhi - DPCC","11-02-2026 10:00:00",28.815329,77.153010,OZONE,5,81,6
India,Delhi,Delhi,"Ashok Vihar, Delhi - DPCC","11-02-2026 10:00:00",28.695381,77.181665,PM10,129,491,339
India,Delhi,Delhi,"Ashok Vihar, Delhi - DPCC","11-02-2026 10:00:00",28.695381,77.181665,NH3,7,8,8
India,Delhi,Delhi,"Ashok Vihar, Delhi - DPCC","11-02-2026 10:00:00",28.695381,77.181665,OZONE,6,193,8
India,Delhi,Delhi,"Jahangirpuri, Delhi - DPCC","11-02-2026 10:00:00",28.732820,77.170633,PM2.5,88,471,345
India,Delhi,Delhi,"Jahangirpuri, Delhi - DPCC","11-02-2026 10:00:00",28.732820,77.170633,SO2,47,66,54
India,Delhi,Delhi,"Jawaharlal Nehru Stadium, Delhi - DPCC","11-02-2026 10:00:00",28.580280,77.233829,PM2.5,77,416,291
India,Delhi,Delhi,"Jawaharlal Nehru Stadium, Delhi - DPCC","11-02-2026 10:00:00",28.580280,77.233829,SO2,67,90,77
India,Delhi,Delhi,"Lodhi Road, Delhi - IMD","11-02-2026 10:00:00",28.5918245,77.2273074,OZONE,21,159,31
India,Delhi,Delhi,"Major Dhyan Chand National Stadium, Delhi - DPCC","11-02-2026 10:00:00",28.611281,77.237738,NH3,18,22,19
India,Delhi,Delhi,"Major Dhyan Chand National Stadium, Delhi - DPCC","11-02-2026 10:00:00",28.611281,77.237738,CO,7,145,66
India,Delhi,Delhi,"North Campus, DU, Delhi - IMD","11-02-2026 10:00:00",28.6573814,77.1585447,OZONE,NA,NA,NA
India,Delhi,Delhi,"Okhla Phase-2, Delhi - DPCC","11-02-2026 10:00:00",28.530785,77.271255,NH3,11,21,14
India,Delhi,Delhi,"Patparganj, Delhi - DPCC","11-02-2026 10:00:00",28.623763,77.287209,PM2.5,147,449,316
India,Delhi,Delhi,"Patparganj, Delhi - DPCC","11-02-2026 10:00:00",28.623763,77.287209,OZONE,1,196,3
India,Delhi,Delhi,"Pusa, Delhi - DPCC","11-02-2026 10:00:00",28.639652,77.146275,PM2.5,80,417,269
India,Delhi,Delhi,"Pusa, Delhi - DPCC","11-02-2026 10:00:00",28.639652,77.146275,SO2,9,28,19
India,Delhi,Delhi,"Pusa, Delhi - IMD","11-02-2026 10:00:00",28.636110,77.173332,CO,95,145,122
India,Chhattisgarh,Kunjemura,"OP Jindal School, Kunjemura - CECB","11-02-2026 10:00:00",22.126650,83.483212,NO2,20,59,41
India,Chhattisgarh,Kunjemura,"OP Jindal School, Kunjemura - CECB","11-02-2026 10:00:00",22.126650,83.483212,NH3,2,2,2
India,Chhattisgarh,Raipur,"AIIMS, Raipur - CECB","11-02-2026 10:00:00",21.258815,81.578979,PM2.5,NA,NA,NA
India,Chhattisgarh,Raipur,"AIIMS, Raipur - CECB","11-02-2026 10:00:00",21.258815,81.578979,PM10,NA,NA,NA
India,Chhattisgarh,Raipur,"AIIMS, Raipur - CECB","11-02-2026 10:00:00",21.258815,81.578979,CO,NA,NA,NA
India,Chhattisgarh,Raipur,"AIIMS, Raipur - CECB","11-02-2026 10:00:00",21.258815,81.578979,OZONE,NA,NA,NA
India,Chhattisgarh,Raipur,"Bhatagaon New ISBT, Raipur - CECB","11-02-2026 10:00:00",21.219665,81.630094,SO2,3,14,7
India,Chhattisgarh,Raipur,"Bhatagaon New ISBT, Raipur - CECB","11-02-2026 10:00:00",21.219665,81.630094,CO,35,107,77
India,Chhattisgarh,Korba,"Rampur, Korba - CECB","11-02-2026 10:00:00",22.368195,82.746431,NH3,NA,NA,NA
India,Chhattisgarh,Korba,"Urja Nagar, Korba - CECB","11-02-2026 10:00:00",22.348441,82.549611,PM2.5,6,302,71
India,Chhattisgarh,Korba,"Urja Nagar, Korba - CECB","11-02-2026 10:00:00",22.348441,82.549611,PM10,22,331,87
India,Chhattisgarh,Kunjemura,"OP Jindal School, Kunjemura - CECB","11-02-2026 10:00:00",22.126650,83.483212,PM10,63,223,120
India,Delhi,Delhi,"Dwarka-Sector 8, Delhi - DPCC ","11-02-2026 10:00:00",28.5710274,77.0719006,SO2,28,35,31
India,Delhi,Delhi,"Dwarka-Sector 8, Delhi - DPCC ","11-02-2026 10:00:00",28.5710274,77.0719006,OZONE,4,62,6
India,Delhi,Delhi,"IIT Delhi, Delhi - IITM","11-02-2026 10:00:00",28.542460,77.191651,PM2.5,53,363,195
India,Delhi,Delhi,"IIT Delhi, Delhi - IITM","11-02-2026 10:00:00",28.542460,77.191651,PM10,124,385,201
India,Delhi,Delhi,"Bawana, Delhi - DPCC","11-02-2026 10:00:00",28.776200,77.051074,OZONE,3,145,8
India,Delhi,Delhi,"CRRI Mathura Road, Delhi - IMD","11-02-2026 10:00:00",28.5512005,77.2735737,NO2,11,52,34
India,Delhi,Delhi,"Chandni Chowk, Delhi - IITM","11-02-2026 10:00:00",28.656756,77.227234,PM10,186,496,359
India,Delhi,Delhi,"Vivek Vihar, Delhi - DPCC","11-02-2026 10:00:00",28.672342,77.315260,OZONE,1,148,2
India,Delhi,Delhi,"Wazirpur, Delhi - DPCC","11-02-2026 10:00:00",28.699793,77.165453,NO2,91,301,238
India,Gujarat,Ahmedabad,"Chandkheda, Ahmedabad - IITM","11-02-2026 10:00:00",23.107969,72.574648,SO2,10,54,21
India,Gujarat,Ahmedabad,"Chandkheda, Ahmedabad - IITM","11-02-2026 10:00:00",23.107969,72.574648,OZONE,1,39,4
India,Gujarat,Ahmedabad,"Gyaspur, Ahmedabad - IITM","11-02-2026 10:00:00",22.977134,72.553024,PM10,93,162,122
India,Gujarat,Ahmedabad,"Maninagar, Ahmedabad - GPCB","11-02-2026 10:00:00",23.002657,72.591912,CO,8,34,26
India,Gujarat,Ahmedabad,"Raikhad, Ahmedabad - IITM","11-02-2026 10:00:00",23.020509,72.579261,PM2.5,49,98,69
India,Gujarat,Ahmedabad,"Raikhad, Ahmedabad - IITM","11-02-2026 10:00:00",23.020509,72.579261,CO,16,60,33
India,Gujarat,Ahmedabad,"Raikhad, Ahmedabad - IITM","11-02-2026 10:00:00",23.020509,72.579261,OZONE,1,70,2
India,Gujarat,Gandhinagar,"GIFT City, Gandhinagar - IITM","11-02-2026 10:00:00",23.163798,72.677768,CO,10,62,31
India,Gujarat,Gandhinagar,"IIPHG Lekawada, Gandhinagar - IITM","11-02-2026 10:00:00",23.243639,72.68994,PM2.5,35,178,80
India,Gujarat,Gandhinagar,"IIPHG Lekawada, Gandhinagar - IITM","11-02-2026 10:00:00",23.243639,72.68994,NH3,1,7,5
India,Gujarat,Gandhinagar,"Sector-10, Gandhinagar - GPCB","11-02-2026 10:00:00",23.221714,72.654328,PM10,42,134,98
India,Gujarat,Mehsana,"Sadanand Nagar, Mehsana - Nexteng Enviro","11-02-2026 10:00:00",23.593150,72.372792,NO2,24,39,29
India,Gujarat,Mehsana,"Sadanand Nagar, Mehsana - Nexteng Enviro","11-02-2026 10:00:00",23.593150,72.372792,NH3,1,3,2
India,Gujarat,Rajkot,"Mavdi, Rajkot - Nexteng Enviro ","11-02-2026 10:00:00",22.248853,70.776774,NH3,3,6,4
India,Haryana,Jind,"Police Lines, Jind - HSPCB","11-02-2026 10:00:00",29.307814,76.337619,NH3,1,3,2
India,Haryana,Kaithal,"Rishi Nagar, Kaithal - HSPCB","11-02-2026 10:00:00",29.8006,76.4155,OZONE,8,22,10
India,Haryana,Karnal,"Sector-12, Karnal - HSPCB","11-02-2026 10:00:00",29.695300,77.002700,NO2,6,7,6
India,Haryana,Karnal,"Sector-12, Karnal - HSPCB","11-02-2026 10:00:00",29.695300,77.002700,NH3,5,6,6
India,Haryana,Kurukshetra,"Sector-7, Kurukshetra - HSPCB","11-02-2026 10:00:00",29.966942,76.875879,NH3,5,5,5
India,Haryana,Kurukshetra,"Sector-7, Kurukshetra - HSPCB","11-02-2026 10:00:00",29.966942,76.875879,SO2,1,29,6
India,Haryana,Mandikhera,"General Hospital, Mandikhera(Nuh) - HSPCB","11-02-2026 10:00:00",27.9002,76.9938,NH3,13,14,13
India,Delhi,Delhi,"R K Puram, Delhi - DPCC","11-02-2026 10:00:00",28.563262,77.186937,NH3,8,13,10
India,Delhi,Delhi,"Rohini, Delhi - DPCC","11-02-2026 10:00:00",28.732528,77.119920,PM2.5,88,454,340
India,Delhi,Delhi,"Shadipur, Delhi - CPCB","11-02-2026 10:00:00",28.6514781,77.1473105,PM2.5,171,500,358
India,Delhi,Delhi,"Sonia Vihar, Delhi - DPCC","11-02-2026 10:00:00",28.710508,77.249485,PM10,193,483,339
India,Delhi,Delhi,"Sonia Vihar, Delhi - DPCC","11-02-2026 10:00:00",28.710508,77.249485,CO,68,146,108
India,Delhi,Delhi,"Sri Aurobindo Marg, Delhi - DPCC","11-02-2026 10:00:00",28.531346,77.190156,NO2,25,108,49
India,Delhi,Delhi,"Sri Aurobindo Marg, Delhi - DPCC","11-02-2026 10:00:00",28.531346,77.190156,CO,20,109,80
India,Gujarat,Surat,"Katargam, Surat - Nexteng Enviro","11-02-2026 10:00:00","21.217779 ","72.834787 ",PM10,91,193,134
India,Gujarat,Surat,"Katargam, Surat - Nexteng Enviro","11-02-2026 10:00:00","21.217779 ","72.834787 ",OZONE,8,9,8
India,Gujarat,Surat,"Science Center, Surat - SMC","11-02-2026 10:00:00",21.170046,72.795405,PM2.5,2,88,37
India,Gujarat,Surat,"Science Center, Surat - SMC","11-02-2026 10:00:00",21.170046,72.795405,NO2,22,37,29
India,Gujarat,Vadodara,"Bapunagar, Vadodara - Nexteng Enviro","11-02-2026 10:00:00",22.320153,73.216285,PM10,74,130,99
India,Gujarat,Vadodara,"Bapunagar, Vadodara - Nexteng Enviro","11-02-2026 10:00:00",22.320153,73.216285,NH3,2,3,2
India,Gujarat,Vadodara,"Bapunagar, Vadodara - Nexteng Enviro","11-02-2026 10:00:00",22.320153,73.216285,OZONE,1,4,1
India,Gujarat,Vatva,"Phase-4 GIDC, Vatva - GPCB","11-02-2026 10:00:00",22.969611,72.643500,OZONE,29,45,30
India,Haryana,Bhiwani,"H.B. Colony, Bhiwani - HSPCB","11-02-2026 10:00:00",28.806223,76.141105,CO,9,12,11
India,Haryana,"Charkhi Dadri","Mini Secretariat, Charkhi Dadri - HSPCB","11-02-2026 10:00:00",28.593883,76.270653,PM2.5,168,364,283
India,Haryana,"Charkhi Dadri","Mini Secretariat, Charkhi Dadri - HSPCB","11-02-2026 10:00:00",28.593883,76.270653,NH3,5,8,6
India,Haryana,"Charkhi Dadri","Mini Secretariat, Charkhi Dadri - HSPCB","11-02-2026 10:00:00",28.593883,76.270653,SO2,10,11,11
India,Haryana,"Charkhi Dadri","Mini Secretariat, Charkhi Dadri - HSPCB","11-02-2026 10:00:00",28.593883,76.270653,CO,9,25,14
India,Haryana,"Charkhi Dadri","Mini Secretariat, Charkhi Dadri - HSPCB","11-02-2026 10:00:00",28.593883,76.270653,OZONE,14,17,15
India,Haryana,Faridabad,"New Industrial Town, Faridabad - HSPCB","11-02-2026 10:00:00",28.39072,77.30059,PM10,129,138,134
India,Haryana,Faridabad,"New Industrial Town, Faridabad - HSPCB","11-02-2026 10:00:00",28.39072,77.30059,SO2,8,8,8
India,Haryana,Faridabad,"Sector 11, Faridabad - HSPCB","11-02-2026 10:00:00",28.376058,77.315741,PM10,103,417,211
India,Haryana,Fatehabad,"Huda Sector, Fatehabad - HSPCB","11-02-2026 10:00:00",29.503664,75.467934,NH3,13,15,14
India,Haryana,Gurugram,"NISE Gwal Pahari, Gurugram - IMD","11-02-2026 10:00:00",28.422681,77.148944,OZONE,6,60,9
India,Haryana,Hisar,"Urban Estate-II, Hisar - HSPCB","11-02-2026 10:00:00",29.140560,75.744941,NO2,26,27,26
India,Gujarat,Ahmedabad,"SAC ISRO Satellite, Ahmedabad - IITM","11-02-2026 10:00:00",23.023389,72.515201,NO2,4,28,15
India,Gujarat,Ahmedabad,"SVPI Airport Hansol, Ahmedabad - IITM","11-02-2026 10:00:00",23.076793,72.627874,OZONE,1,53,3
India,Karnataka,Kalaburagi,"Mahatma Basaveswar Colony, Kalaburgi - KSPCB","11-02-2026 10:00:00",17.336318,76.847397,PM10,15,79,58
India,Karnataka,Kalaburagi,"Mahatma Basaveswar Colony, Kalaburgi - KSPCB","11-02-2026 10:00:00",17.336318,76.847397,NO2,11,21,16
India,Karnataka,Kalaburagi,"Mahatma Basaveswar Colony, Kalaburgi - KSPCB","11-02-2026 10:00:00",17.336318,76.847397,SO2,2,5,4
India,Karnataka,Mangalore,"Kadri, Mangalore - KSPCB","11-02-2026 10:00:00",12.889250,74.853000,NH3,NA,NA,NA
India,Karnataka,Mangalore,"Kadri, Mangalore - KSPCB","11-02-2026 10:00:00",12.889250,74.853000,OZONE,NA,NA,NA
India,Karnataka,Mysuru,"Hebbal 1st Stage, Mysuru - KSPCB","11-02-2026 10:00:00",12.21041,76.37376,PM10,63,158,85
India,Karnataka,Mysuru,"Hebbal 1st Stage, Mysuru - KSPCB","11-02-2026 10:00:00",12.21041,76.37376,SO2,2,20,7
India,Karnataka,Ramanagara,"Vijay Nagar, Ramanagara - KSPCB","11-02-2026 10:00:00",12.733409,77.298051,NO2,47,71,57
India,Karnataka,Ramanagara,"Vijay Nagar, Ramanagara - KSPCB","11-02-2026 10:00:00",12.733409,77.298051,NH3,3,5,3
India,Karnataka,Ramanagara,"Vijay Nagar, Ramanagara - KSPCB","11-02-2026 10:00:00",12.733409,77.298051,SO2,13,28,19
India,Karnataka,Ramanagara,"Vijay Nagar, Ramanagara - KSPCB","11-02-2026 10:00:00",12.733409,77.298051,OZONE,23,79,33
India,Karnataka,Bengaluru,"City Railway Station, Bengaluru - KSPCB","11-02-2026 10:00:00",12.9756843,77.5660749,NO2,32,38,35
India,Karnataka,Bengaluru,"Hebbal, Bengaluru - KSPCB","11-02-2026 10:00:00",13.029152,77.585901,PM10,83,138,107
India,Karnataka,Bengaluru,"Hebbal, Bengaluru - KSPCB","11-02-2026 10:00:00",13.029152,77.585901,SO2,11,16,14
India,Karnataka,Bengaluru,"Hebbal, Bengaluru - KSPCB","11-02-2026 10:00:00",13.029152,77.585901,OZONE,7,18,8
India,Karnataka,Bengaluru,"Hombegowda Nagar, Bengaluru - KSPCB","11-02-2026 10:00:00",12.938539,77.590100,PM10,42,61,52
India,Karnataka,Bengaluru,"Hombegowda Nagar, Bengaluru - KSPCB","11-02-2026 10:00:00",12.938539,77.590100,NH3,3,6,5
India,Karnataka,Bengaluru,"Jigani, Bengaluru - KSPCB","11-02-2026 10:00:00",12.7816279,77.6299145,NO2,23,25,24
India,Karnataka,Bengaluru,"Jigani, Bengaluru - KSPCB","11-02-2026 10:00:00",12.7816279,77.6299145,NH3,4,4,4
India,Karnataka,Bengaluru,"Jigani, Bengaluru - KSPCB","11-02-2026 10:00:00",12.7816279,77.6299145,SO2,22,22,22
India,Karnataka,Bengaluru,"Kasturi Nagar, Bengaluru - KSPCB","11-02-2026 10:00:00",13.003872,77.664217,NO2,28,39,31
India,Karnataka,Bagalkot,"Vidayagiri, Bagalkot - KSPCB","11-02-2026 10:00:00",16.172806,75.659694,PM2.5,35,36,35
India,Karnataka,Bagalkot,"Vidayagiri, Bagalkot - KSPCB","11-02-2026 10:00:00",16.172806,75.659694,PM10,45,46,46
India,Karnataka,Bagalkot,"Vidayagiri, Bagalkot - KSPCB","11-02-2026 10:00:00",16.172806,75.659694,NH3,1,2,1
India,Karnataka,Bagalkot,"Vidayagiri, Bagalkot - KSPCB","11-02-2026 10:00:00",16.172806,75.659694,SO2,7,7,7
India,Karnataka,Bagalkot,"Vidayagiri, Bagalkot - KSPCB","11-02-2026 10:00:00",16.172806,75.659694,CO,7,40,22
India,Karnataka,Bengaluru,"BTM Layout, Bengaluru - CPCB","11-02-2026 10:00:00",12.9135218,77.5950804,CO,42,92,53
India,Karnataka,Bengaluru,"BWSSB Kadabesanahalli, Bengaluru - CPCB","11-02-2026 10:00:00",12.9352049,77.6814488,PM10,50,253,153
India,Karnataka,Bengaluru,"BWSSB Kadabesanahalli, Bengaluru - CPCB","11-02-2026 10:00:00",12.9352049,77.6814488,NH3,NA,NA,NA
India,Karnataka,Bengaluru,"City Railway Station, Bengaluru - KSPCB","11-02-2026 10:00:00",12.9756843,77.5660749,PM10,100,102,101
India,Haryana,Manesar,"Sector-2 IMT, Manesar - HSPCB","11-02-2026 10:00:00",28.360699,76.936090,SO2,13,35,24
India,Haryana,Manesar,"Sector-2 IMT, Manesar - HSPCB","11-02-2026 10:00:00",28.360699,76.936090,OZONE,3,16,6
India,Haryana,Narnaul,"Shastri Nagar, Narnaul - HSPCB","11-02-2026 10:00:00",28.060249,76.113115,PM2.5,60,288,128
India,Haryana,Narnaul,"Shastri Nagar, Narnaul - HSPCB","11-02-2026 10:00:00",28.060249,76.113115,PM10,56,153,95
India,Haryana,Narnaul,"Shastri Nagar, Narnaul - HSPCB","11-02-2026 10:00:00",28.060249,76.113115,SO2,4,5,4
India,Haryana,Narnaul,"Shastri Nagar, Narnaul - HSPCB","11-02-2026 10:00:00",28.060249,76.113115,OZONE,1,16,2
India,Haryana,Palwal,"Shyam Nagar, Palwal - HSPCB","11-02-2026 10:00:00",28.1485564,77.3320667,CO,11,56,35
India,Haryana,Panchgaon,"Amity University, Panchgaon - IITM","11-02-2026 10:00:00",28.3153,76.9143,PM10,7,306,60
India,Haryana,Panchgaon,"Amity University, Panchgaon - IITM","11-02-2026 10:00:00",28.3153,76.9143,OZONE,5,97,11
India,Karnataka,Bengaluru,"Silk Board, Bengaluru - KSPCB","11-02-2026 10:00:00",12.917348,77.622813,CO,24,80,29
India,Karnataka,Chamarajanagar,"Urban, Chamarajanagar - KSPCB","11-02-2026 10:00:00",11.55358,76.55521,PM10,37,86,52
India,Karnataka,Chamarajanagar,"Urban, Chamarajanagar - KSPCB","11-02-2026 10:00:00",11.55358,76.55521,SO2,3,4,3
India,Karnataka,Chamarajanagar,"Urban, Chamarajanagar - KSPCB","11-02-2026 10:00:00",11.55358,76.55521,OZONE,13,38,17
India,Karnataka,Chikkaballapur,"Chikkaballapur Rural, Chikkaballapur - KSPCB","11-02-2026 10:00:00",13.428828,77.731418,PM10,NA,NA,NA
India,Karnataka,Chikkamagaluru,"Kalyana Nagara, Chikkamagaluru - KSPCB","11-02-2026 10:00:00",13.328028,75.797056,SO2,6,12,8
India,Haryana,Panchkula,"Sector-6, Panchkula - HSPCB ","11-02-2026 10:00:00",30.7057778,76.8531805555555,NO2,23,27,25
India,Haryana,Panipat,"Sector-18, Panipat - HSPCB","11-02-2026 10:00:00",29.432304,76.972765,PM2.5,74,303,144
India,Haryana,Panipat,"Sector-18, Panipat - HSPCB","11-02-2026 10:00:00",29.432304,76.972765,NH3,2,3,2
India,Haryana,Panipat,"Sector-18, Panipat - HSPCB","11-02-2026 10:00:00",29.432304,76.972765,OZONE,30,30,30
India,Haryana,Rohtak,"MD University, Rohtak - HSPCB","11-02-2026 10:00:00",28.52123,76.37138,SO2,10,15,12
India,Haryana,Sonipat,"Murthal, Sonipat - HSPCB","11-02-2026 10:00:00",29.027200,77.062100,NH3,11,11,11
India,Karnataka,Bengaluru,"Peenya, Bengaluru - CPCB","11-02-2026 10:00:00",13.0270199,77.494094,SO2,6,18,11
India,Karnataka,Bengaluru,"Peenya, Bengaluru - CPCB","11-02-2026 10:00:00",13.0270199,77.494094,CO,6,17,8
India,Karnataka,Bengaluru,"Shivapura_Peenya, Bengaluru - KSPCB","11-02-2026 10:00:00",13.0246342,77.5080115,PM10,95,129,107
India,Karnataka,Bengaluru,"Shivapura_Peenya, Bengaluru - KSPCB","11-02-2026 10:00:00",13.0246342,77.5080115,CO,24,44,39
India,Karnataka,Bengaluru,"Silk Board, Bengaluru - KSPCB","11-02-2026 10:00:00",12.917348,77.622813,PM10,96,182,132
India,Karnataka,Bengaluru,"Silk Board, Bengaluru - KSPCB","11-02-2026 10:00:00",12.917348,77.622813,NO2,39,112,72
India,Haryana,Sonipat,"Murthal, Sonipat - HSPCB","11-02-2026 10:00:00",29.027200,77.062100,OZONE,25,26,26
India,"Himachal Pradesh",Baddi,"HIMUDA Complex Phase-1, Baddi - HPPCB","11-02-2026 10:00:00",30.943887,76.801991,NH3,5,7,6
India,"Himachal Pradesh",Baddi,"HIMUDA Complex Phase-1, Baddi - HPPCB","11-02-2026 10:00:00",30.943887,76.801991,OZONE,38,158,45
India,Haryana,Manesar,"Sector-2 IMT, Manesar - HSPCB","11-02-2026 10:00:00",28.360699,76.936090,PM10,87,210,139
India,"Madhya Pradesh",Katni,"Gole Bazar, Katni - MPPCB","11-02-2026 10:00:00",23.50016,80.23284,NH3,3,4,4
India,"Madhya Pradesh",Katni,"Gole Bazar, Katni - MPPCB","11-02-2026 10:00:00",23.50016,80.23284,SO2,8,47,29
India,"Madhya Pradesh",Katni,"Gole Bazar, Katni - MPPCB","11-02-2026 10:00:00",23.50016,80.23284,CO,16,72,24
India,"Madhya Pradesh",Mandideep,"Sector-D Industrial Area, Mandideep - MPPCB","11-02-2026 10:00:00",23.108440,77.511428,CO,16,95,71
India,"Madhya Pradesh",Mandideep,"Sector-D Industrial Area, Mandideep - MPPCB","11-02-2026 10:00:00",23.108440,77.511428,OZONE,18,79,25
India,"Madhya Pradesh",Pithampur,"Sector-2 Industrial Area, Pithampur - MPPCB","11-02-2026 10:00:00",22.624758,75.675238,PM2.5,80,326,209
India,"Madhya Pradesh",Pithampur,"Sector-2 Industrial Area, Pithampur - MPPCB","11-02-2026 10:00:00",22.624758,75.675238,SO2,8,35,30
India,"Madhya Pradesh",Ratlam,"Shasthri Nagar, Ratlam - IPCA Lab","11-02-2026 10:00:00",23.331731,75.045981,PM2.5,8,150,80
India,"Madhya Pradesh",Sagar,"Civil Lines, Sagar - MPPCB","11-02-2026 10:00:00",23.838586,78.759431,PM2.5,NA,NA,NA
India,"Madhya Pradesh",Sagar,"Civil Lines, Sagar - MPPCB","11-02-2026 10:00:00",23.838586,78.759431,OZONE,51,120,75
India,"Madhya Pradesh",Sagar,"Deen Dayal Nagar, Sagar - MPPCB","11-02-2026 10:00:00",23.8640158,78.80289321,PM2.5,29,140,58
India,"Madhya Pradesh",Sagar,"Deen Dayal Nagar, Sagar - MPPCB","11-02-2026 10:00:00",23.8640158,78.80289321,NO2,6,43,14
India,"Madhya Pradesh",Sagar,"Deen Dayal Nagar, Sagar - MPPCB","11-02-2026 10:00:00",23.8640158,78.80289321,SO2,4,7,5
India,"Madhya Pradesh",Satna,"Bandhavgar Colony, Satna - Birla Cement","11-02-2026 10:00:00",24.58434363,80.8549414,PM2.5,48,51,50
India,Kerala,Kannur,"Thavakkara, Kannur - Kerala PCB","11-02-2026 10:00:00",11.875000,75.373200,PM2.5,59,71,66
India,Kerala,Kannur,"Thavakkara, Kannur - Kerala PCB","11-02-2026 10:00:00",11.875000,75.373200,NH3,2,2,2
India,Kerala,Kannur,"Thavakkara, Kannur - Kerala PCB","11-02-2026 10:00:00",11.875000,75.373200,CO,17,20,19
India,Kerala,Kollam,"Polayathode, Kollam - Kerala PCB","11-02-2026 10:00:00",8.8787,76.6073,NO2,9,10,9
India,Kerala,Kollam,"Polayathode, Kollam - Kerala PCB","11-02-2026 10:00:00",8.8787,76.6073,OZONE,29,36,29
India,Kerala,Thiruvananthapuram,"Kariavattom, Thiruvananthapuram - Kerala PCB","11-02-2026 10:00:00",8.563700,76.886500,NH3,1,1,1
India,Kerala,Thiruvananthapuram,"Plammoodu, Thiruvananthapuram - Kerala PCB","11-02-2026 10:00:00",8.5149093,76.9435879,NO2,NA,NA,NA
India,Kerala,Thiruvananthapuram,"Plammoodu, Thiruvananthapuram - Kerala PCB","11-02-2026 10:00:00",8.5149093,76.9435879,CO,8,29,12
India,Kerala,Thrissur,"Corporation Ground, Thrissur - Kerala PCB","11-02-2026 10:00:00",10.532400,76.215900,PM2.5,64,86,78
India,"Madhya Pradesh",Bhopal,"Idgah Hills, Bhopal - MPPCB","11-02-2026 10:00:00",23.264759,77.381568,SO2,14,24,18
India,"Madhya Pradesh",Gwalior,"Deen Dayal Nagar, Gwalior - MPPCB","11-02-2026 10:00:00",26.259242,78.216432,CO,4,104,18
India,"Madhya Pradesh",Gwalior,"Maharaj Bada, Gwalior - MPPCB","11-02-2026 10:00:00",26.200388,78.147714,PM2.5,25,143,66
India,"Madhya Pradesh",Gwalior,"Maharaj Bada, Gwalior - MPPCB","11-02-2026 10:00:00",26.200388,78.147714,PM10,46,173,106
India,"Madhya Pradesh",Gwalior,"Maharaj Bada, Gwalior - MPPCB","11-02-2026 10:00:00",26.200388,78.147714,SO2,5,12,8
India,"Madhya Pradesh",Gwalior,"Maharaj Bada, Gwalior - MPPCB","11-02-2026 10:00:00",26.200388,78.147714,OZONE,5,76,42
India,"Madhya Pradesh",Indore,"Chhoti Gwaltoli, Indore - MPPCB","11-02-2026 10:00:00",22.4310,75.5213,SO2,24,50,34
India,"Madhya Pradesh",Indore,"Maguda Nagar, Indore - IMC","11-02-2026 10:00:00",22.7524,75.8872,PM2.5,59,286,124
India,"Madhya Pradesh",Indore,"Regional Park, Indore - IMC","11-02-2026 10:00:00",22.6780,75.8559,SO2,9,13,11
India,"Madhya Pradesh",Indore,"Regional Park, Indore - IMC","11-02-2026 10:00:00",22.6780,75.8559,OZONE,6,11,6
India,"Madhya Pradesh",Singrauli,"Suryakiran Bhawan NCL, Singrauli - MPPCB","11-02-2026 10:00:00",24.108970,82.645580,NH3,1,2,1
India,Maharashtra,Ahmednagar,"Tarakpur, Ahmednagar - MPCB","11-02-2026 10:00:00",19.10122,74.73339,PM2.5,NA,NA,NA
India,Maharashtra,Akola,"Ramdaspeth, Akola - MPCB","11-02-2026 10:00:00",20.719516,77.000253,PM2.5,49,114,71
India,Maharashtra,Akola,"Ramdaspeth, Akola - MPCB","11-02-2026 10:00:00",20.719516,77.000253,PM10,53,140,93
India,Maharashtra,Akola,"Ramdaspeth, Akola - MPCB","11-02-2026 10:00:00",20.719516,77.000253,SO2,12,34,19
India,Maharashtra,Amravati,"Shivneri Colony, Amravati - MPCB","11-02-2026 10:00:00",20.9402359,77.7895248,PM10,NA,NA,NA
India,Maharashtra,Amravati,"Shivneri Colony, Amravati - MPCB","11-02-2026 10:00:00",20.9402359,77.7895248,OZONE,NA,NA,NA
India,Maharashtra,Amravati,"Shri Shivaji Science College, Amravati - MPCB","11-02-2026 10:00:00",20.939198,77.765701,PM2.5,29,130,82
India,Maharashtra,Amravati,"Shri Shivaji Science College, Amravati - MPCB","11-02-2026 10:00:00",20.939198,77.765701,NH3,1,8,3
India,Maharashtra,Amravati,"Shri Shivaji Science College, Amravati - MPCB","11-02-2026 10:00:00",20.939198,77.765701,SO2,15,48,31
India,Maharashtra,Aurangabad,"MIDC Chilkalthana, Aurangabad - MPCB","11-02-2026 10:00:00",19.875620,75.387310,NH3,3,5,4
India,Maharashtra,Aurangabad,"MIDC Chilkalthana, Aurangabad - MPCB","11-02-2026 10:00:00",19.875620,75.387310,SO2,11,19,14
India,Maharashtra,Aurangabad,"MIDC Chilkalthana, Aurangabad - MPCB","11-02-2026 10:00:00",19.875620,75.387310,CO,14,72,30
India,Maharashtra,Aurangabad,"More Chowk Waluj, Aurangabad - MPCB","11-02-2026 10:00:00",19.8389439,75.244448,PM2.5,68,163,101
India,Maharashtra,Aurangabad,"More Chowk Waluj, Aurangabad - MPCB","11-02-2026 10:00:00",19.8389439,75.244448,NH3,10,11,11
India,Maharashtra,Aurangabad,"More Chowk Waluj, Aurangabad - MPCB","11-02-2026 10:00:00",19.8389439,75.244448,CO,2,106,65
India,Maharashtra,Badlapur,"Katrap, Badlapur - MPCB","11-02-2026 10:00:00",19.16485,73.23409,NH3,4,9,6
India,"Madhya Pradesh",Bhopal,"Paryavaran Parisar, Bhopal - MPPCB","11-02-2026 10:00:00",23.210494,77.425409,PM10,86,309,173
India,"Madhya Pradesh",Bhopal,"Paryavaran Parisar, Bhopal - MPPCB","11-02-2026 10:00:00",23.210494,77.425409,CO,10,104,23
India,"Madhya Pradesh",Bhopal,"Paryavaran Parisar, Bhopal - MPPCB","11-02-2026 10:00:00",23.210494,77.425409,OZONE,4,45,14
India,"Madhya Pradesh",Bhopal,"T T Nagar, Bhopal - MPPCB","11-02-2026 10:00:00",23.233584,77.400574,NO2,24,92,53
India,"Madhya Pradesh",Dewas,"Bhopal Chauraha, Dewas - MPPCB","11-02-2026 10:00:00",22.9682591,76.064118,PM2.5,71,173,106
India,"Madhya Pradesh",Dewas,"Bhopal Chauraha, Dewas - MPPCB","11-02-2026 10:00:00",22.9682591,76.064118,OZONE,9,99,22
India,"Madhya Pradesh",Gwalior,"City Center, Gwalior - MPPCB","11-02-2026 10:00:00",26.203442,78.193251,NO2,47,108,79
India,"Madhya Pradesh",Gwalior,"City Center, Gwalior - MPPCB","11-02-2026 10:00:00",26.203442,78.193251,NH3,1,4,2
India,"Madhya Pradesh",Gwalior,"City Center, Gwalior - MPPCB","11-02-2026 10:00:00",26.203442,78.193251,CO,30,103,57
India,Karnataka,Vijayapura,"Ibrahimpur, Vijayapura - KSPCB","11-02-2026 10:00:00",16.802639,75.722694,PM2.5,30,31,30
India,Karnataka,Vijayapura,"Ibrahimpur, Vijayapura - KSPCB","11-02-2026 10:00:00",16.802639,75.722694,NH3,1,2,1
India,Karnataka,Vijayapura,"Ibrahimpur, Vijayapura - KSPCB","11-02-2026 10:00:00",16.802639,75.722694,CO,9,34,24
India,Karnataka,Yadgir,"Collector Office, Yadgir - KSPCB","11-02-2026 10:00:00",16.7602,77.1428,PM2.5,54,91,70
India,Karnataka,Yadgir,"Collector Office, Yadgir - KSPCB","11-02-2026 10:00:00",16.7602,77.1428,NH3,2,2,2
India,Kerala,Eloor,"Udyogamandal, Eloor - Kerala PCB","11-02-2026 10:00:00",10.073232,76.302765,PM2.5,95,224,160
India,"Madhya Pradesh",Indore,"Residency Area, Indore - IMC","11-02-2026 10:00:00",22.7084,75.8815,OZONE,6,12,7
India,"Madhya Pradesh",Jabalpur,"Govindh Bhavan Colony, Jabalpur - JMC","11-02-2026 10:00:00",23.163174,79.973061,OZONE,6,32,8
India,"Madhya Pradesh",Jabalpur,"Marhatal, Jabalpur - MPPCB","11-02-2026 10:00:00",23.168606,79.932247,SO2,11,33,24
India,"Madhya Pradesh",Jabalpur,"Suhagi, Jabalpur - JMC","11-02-2026 10:00:00",23.218135,79.957770,NH3,5,7,6
India,"Madhya Pradesh",Jabalpur,"Suhagi, Jabalpur - JMC","11-02-2026 10:00:00",23.218135,79.957770,OZONE,48,90,52
India,Maharashtra,Bhiwandi,"Gokul Nagar, Bhiwandi - MPCB","11-02-2026 10:00:00",19.309073,73.057223,SO2,3,17,10
India,Maharashtra,Boisar,"Khaira, Boisar - MPCB","11-02-2026 10:00:00",19.786089,72.757971,SO2,1,17,5
India,Maharashtra,Chandrapur,"MIDC Khutala, Chandrapur - MPCB","11-02-2026 10:00:00",19.9775302,79.2337086,NO2,7,24,15
India,Maharashtra,Dhule,"Deopur, Dhule - MPCB","11-02-2026 10:00:00",20.918946,74.776388,PM10,117,152,129
India,Maharashtra,Jalgaon,"Prabhat Colony, Jalgaon - MPCB","11-02-2026 10:00:00",21.001264,75.565602,SO2,4,14,9
India,Maharashtra,Jalgaon,"Prabhat Colony, Jalgaon - MPCB","11-02-2026 10:00:00",21.001264,75.565602,CO,20,51,22
India,Maharashtra,Jalna,"Old MIDC, Jalna - MPCB","11-02-2026 10:00:00",19.854616,75.905894,SO2,NA,NA,NA
India,Maharashtra,Kalyan,"Khadakpada, Kalyan - MPCB","11-02-2026 10:00:00",19.25292,73.142019,NH3,1,1,1
India,Maharashtra,Kalyan,"Pimpleshwar Mandir, Kalyan - MPCB","11-02-2026 10:00:00",19.192056,72.9585188,PM2.5,NA,NA,NA
India,Maharashtra,Kalyan,"Pimpleshwar Mandir, Kalyan - MPCB","11-02-2026 10:00:00",19.192056,72.9585188,NO2,NA,NA,NA
India,Maharashtra,Kalyan,"Pimpleshwar Mandir, Kalyan - MPCB","11-02-2026 10:00:00",19.192056,72.9585188,SO2,NA,NA,NA
India,Maharashtra,Kolhapur,"Sinchan Bhavan, Kolhapur - MPCB","11-02-2026 10:00:00",16.7143745,74.2426398,PM2.5,40,88,61
India,Maharashtra,Kolhapur,"Sinchan Bhavan, Kolhapur - MPCB","11-02-2026 10:00:00",16.7143745,74.2426398,SO2,2,14,5
India,Maharashtra,Latur,"Sawe Wadi, Latur - MPCB","11-02-2026 10:00:00",18.39963,76.57452,NO2,12,81,35
India,Maharashtra,Mumbai,"Kherwadi_Bandra East, Mumbai - MPCB","11-02-2026 10:00:00",19.0632143,72.8456324,SO2,3,5,4
India,Maharashtra,Mumbai,"Kherwadi_Bandra East, Mumbai - MPCB","11-02-2026 10:00:00",19.0632143,72.8456324,CO,8,58,46
India,Maharashtra,Mumbai,"Khindipada-Bhandup West, Mumbai - IITM","11-02-2026 10:00:00",19.1653323,72.922099,SO2,6,30,16
India,Maharashtra,Mumbai,"Malad West, Mumbai - IITM","11-02-2026 10:00:00",19.19709,72.82204,PM2.5,49,97,74
India,Maharashtra,Mumbai,"Malad West, Mumbai - IITM","11-02-2026 10:00:00",19.19709,72.82204,NO2,37,114,60
India,Maharashtra,Mumbai,"Mindspace-Malad West, Mumbai - MPCB","11-02-2026 10:00:00",19.1878657,72.8304069,PM2.5,87,94,91
India,Maharashtra,Mumbai,"Mindspace-Malad West, Mumbai - MPCB","11-02-2026 10:00:00",19.1878657,72.8304069,PM10,85,111,96
India,Maharashtra,Mumbai,"Mindspace-Malad West, Mumbai - MPCB","11-02-2026 10:00:00",19.1878657,72.8304069,NO2,14,108,44
India,Maharashtra,Mumbai,"Mulund West, Mumbai - MPCB","11-02-2026 10:00:00",19.1750,72.9419,PM2.5,62,100,79
India,Maharashtra,Mumbai,"Mulund West, Mumbai - MPCB","11-02-2026 10:00:00",19.1750,72.9419,NO2,14,23,16
India,Maharashtra,Nashik,"Gangapur Road, Nashik - MPCB","11-02-2026 10:00:00",20.0073285,73.7762427,PM2.5,42,96,62
India,Maharashtra,Nashik,"Hirawadi, Nashik - MPCB","11-02-2026 10:00:00",20.021503,73.813844,NO2,6,41,17
India,Maharashtra,Nashik,"Hirawadi, Nashik - MPCB","11-02-2026 10:00:00",20.021503,73.813844,SO2,11,48,19
India,Maharashtra,Nashik,"MIDC Ambad, Nashik - MPCB","11-02-2026 10:00:00",19.950220,73.731480,OZONE,3,64,25
India,Maharashtra,Nashik,"Pandav Nagari, Nashik - MPCB","11-02-2026 10:00:00",19.9591346,73.7788008,SO2,3,17,7
India,Maharashtra,"Navi Mumbai","Kopripada-Vashi, Navi Mumbai - MPCB","11-02-2026 10:00:00",19.090337,73.014232,SO2,7,15,9
India,Maharashtra,"Navi Mumbai","Mahape, Navi Mumbai - MPCB","11-02-2026 10:00:00",19.1135051,73.008978,PM2.5,43,87,59
India,Maharashtra,Mumbai,"Borivali East, Mumbai - MPCB","11-02-2026 10:00:00",19.2243333,72.8658113,PM10,60,81,74
India,Maharashtra,Mumbai,"Borivali East, Mumbai - MPCB","11-02-2026 10:00:00",19.2243333,72.8658113,SO2,13,18,15
India,Maharashtra,Mumbai,"Borivali East, Mumbai - MPCB","11-02-2026 10:00:00",19.2243333,72.8658113,OZONE,17,54,20
India,Maharashtra,Mumbai,"Byculla, Mumbai - BMC","11-02-2026 10:00:00",18.9767,72.8380,PM2.5,NA,NA,NA
India,Maharashtra,Mumbai,"Chakala-Andheri East, Mumbai - IITM","11-02-2026 10:00:00",19.11074,72.86084,NH3,NA,NA,NA
India,Maharashtra,Mumbai,"Chembur, Mumbai - MPCB","11-02-2026 10:00:00",19.0364585,72.8954371,PM2.5,64,90,77
India,Maharashtra,Mumbai,"Chhatrapati Shivaji Intl. Airport (T2), Mumbai - MPCB","11-02-2026 10:00:00",19.10078,72.87462,NO2,1,2,1
India,Maharashtra,Mumbai,"Vile Parle West, Mumbai - MPCB","11-02-2026 10:00:00",19.10861,72.83622,NO2,11,11,11
India,Maharashtra,Mumbai,"Vile Parle West, Mumbai - MPCB","11-02-2026 10:00:00",19.10861,72.83622,SO2,47,51,49
India,Maharashtra,Nagpur,"Ambazari, Nagpur - MPCB","11-02-2026 10:00:00",21.121801,79.04952,PM2.5,92,315,192
India,Maharashtra,Nagpur,"Ambazari, Nagpur - MPCB","11-02-2026 10:00:00",21.121801,79.04952,NH3,3,44,9
India,Maharashtra,Nagpur,"Mahal, Nagpur - MPCB","11-02-2026 10:00:00",21.14472,79.107595,NO2,31,97,55
India,Maharashtra,Nagpur,"Opp GPO Civil Lines, Nagpur - MPCB","11-02-2026 10:00:00",21.152875,79.0517531,PM2.5,59,248,154
India,Maharashtra,Nagpur,"Ram Nagar, Nagpur - MPCB","11-02-2026 10:00:00",21.143383,79.048912,NO2,12,86,36
India,Maharashtra,Latur,"Sawe Wadi, Latur - MPCB","11-02-2026 10:00:00",18.39963,76.57452,NH3,4,24,10
India,Maharashtra,Mahad,"Kamble Tarf Birwadi, Mahad - MPCB","11-02-2026 10:00:00",18.1023399,73.4783687,NO2,33,61,40
India,Maharashtra,Mahad,"Kamble Tarf Birwadi, Mahad - MPCB","11-02-2026 10:00:00",18.1023399,73.4783687,NH3,3,13,10
India,Maharashtra,Malegaon,"Mahesh Nagar, Malegaon - MPCB","11-02-2026 10:00:00",20.555712,74.529236,PM2.5,80,134,99
India,Maharashtra,Malegaon,"Mahesh Nagar, Malegaon - MPCB","11-02-2026 10:00:00",20.555712,74.529236,NO2,5,25,8
India,Maharashtra,Malegaon,"Mahesh Nagar, Malegaon - MPCB","11-02-2026 10:00:00",20.555712,74.529236,NH3,1,1,1
India,Maharashtra,Mira-Bhayandar,"Bhayandar West, Mira-Bhayandar - MPCB","11-02-2026 10:00:00",19.296481,72.840923,PM2.5,65,137,88
India,Maharashtra,Mumbai,"Navy Nagar-Colaba, Mumbai - IITM","11-02-2026 10:00:00",18.897756,72.813320,PM2.5,112,193,155
India,Maharashtra,Mumbai,"Navy Nagar-Colaba, Mumbai - IITM","11-02-2026 10:00:00",18.897756,72.813320,NO2,NA,NA,NA
India,Maharashtra,Mumbai,"Navy Nagar-Colaba, Mumbai - IITM","11-02-2026 10:00:00",18.897756,72.813320,NH3,NA,NA,NA
India,Maharashtra,Mumbai,"Powai, Mumbai - MPCB","11-02-2026 10:00:00",19.137500,72.915056,NO2,7,8,8
India,Maharashtra,Mumbai,"Siddharth Nagar-Worli, Mumbai - IITM","11-02-2026 10:00:00",19.000083,72.813993,NH3,4,10,5
India,Maharashtra,Mumbai,"Siddharth Nagar-Worli, Mumbai - IITM","11-02-2026 10:00:00",19.000083,72.813993,CO,2,75,43
India,Maharashtra,Mumbai,"Sion, Mumbai - MPCB","11-02-2026 10:00:00",19.047000,72.874600,PM2.5,49,173,85
India,Maharashtra,Mumbai,"Sion, Mumbai - MPCB","11-02-2026 10:00:00",19.047000,72.874600,NH3,6,7,7
India,Maharashtra,Mumbai,"Colaba, Mumbai - MPCB","11-02-2026 10:00:00",18.910000,72.820000,PM10,60,115,89
India,Maharashtra,Mumbai,"Ghatkopar, Mumbai - BMC","11-02-2026 10:00:00",19.083694,72.920967,NH3,1,4,2
India,Maharashtra,Mumbai,"Kandivali West, Mumbai - BMC","11-02-2026 10:00:00",19.215859,72.831718,NO2,13,62,25
India,Maharashtra,Mumbai,"Kandivali West, Mumbai - BMC","11-02-2026 10:00:00",19.215859,72.831718,CO,37,78,49
India,Maharashtra,Mumbai,"Kherwadi_Bandra East, Mumbai - MPCB","11-02-2026 10:00:00",19.0632143,72.8456324,PM10,111,174,138
India,Maharashtra,Mumbai,"Kherwadi_Bandra East, Mumbai - MPCB","11-02-2026 10:00:00",19.0632143,72.8456324,NO2,15,79,42
India,Maharashtra,Mira-Bhayandar,"Bhayandar West, Mira-Bhayandar - MPCB","11-02-2026 10:00:00",19.296481,72.840923,OZONE,1,53,4
India,Maharashtra,Mumbai,"Bandra Kurla Complex, Mumbai - MPCB","11-02-2026 10:00:00",19.065931,72.862131,NO2,35,107,68
India,Maharashtra,Solapur,"Dnyaneshwar Nagar, Solapur - MPCB","11-02-2026 10:00:00",17.6336264,75.9132495,NH3,6,56,17
India,Maharashtra,Solapur,"Dnyaneshwar Nagar, Solapur - MPCB","11-02-2026 10:00:00",17.6336264,75.9132495,CO,10,109,14
India,Maharashtra,Thane,"Kasarvadavali, Thane - MPCB","11-02-2026 10:00:00",19.26777,72.97182,PM2.5,48,69,54
India,Maharashtra,Thane,"Upvan Fort, Thane - MPCB","11-02-2026 10:00:00",19.222279,72.957979,PM10,101,125,114
India,Maharashtra,Thane,"Upvan Fort, Thane - MPCB","11-02-2026 10:00:00",19.222279,72.957979,NO2,20,88,41
India,Maharashtra,Thane,"Upvan Fort, Thane - MPCB","11-02-2026 10:00:00",19.222279,72.957979,SO2,23,51,32
India,Maharashtra,Thane,"Upvan Fort, Thane - MPCB","11-02-2026 10:00:00",19.222279,72.957979,OZONE,23,96,29
India,Maharashtra,Ulhasnagar,"Sidhi Vinayak Nagar, Ulhasnagar - MPCB","11-02-2026 10:00:00",19.235581,73.159121,NH3,4,10,6
India,Maharashtra,Ulhasnagar,"Sidhi Vinayak Nagar, Ulhasnagar - MPCB","11-02-2026 10:00:00",19.235581,73.159121,SO2,9,59,19
India,Maharashtra,Virar,"Bolinj, Virar - MPCB","11-02-2026 10:00:00",19.4458210,72.7988231,PM2.5,55,89,77
India,Maharashtra,Virar,"Bolinj, Virar - MPCB","11-02-2026 10:00:00",19.4458210,72.7988231,NO2,14,41,22
India,Maharashtra,Virar,"Bolinj, Virar - MPCB","11-02-2026 10:00:00",19.4458210,72.7988231,NH3,2,4,3
India,Punjab,Amritsar,"Golden Temple, Amritsar - PPCB","11-02-2026 10:00:00",31.620000,74.876512,OZONE,30,42,36
India,Punjab,Bathinda,"Hardev Nagar, Bathinda - PPCB","11-02-2026 10:00:00",30.233011,74.907758,NO2,8,21,13
India,Punjab,Jalandhar,"Civil Line, Jalandhar - PPCB","11-02-2026 10:00:00",31.321907,75.578914,NO2,39,44,42
India,Punjab,Khanna,"Kalal Majra, Khanna - PPCB","11-02-2026 10:00:00","30.736056 ",76.209694,OZONE,19,40,22
India,Punjab,Ludhiana,"Punjab Agricultural University, Ludhiana - PPCB","11-02-2026 10:00:00",30.9028,75.8086,NO2,38,46,41
India,Punjab,Ludhiana,"Punjab Agricultural University, Ludhiana - PPCB","11-02-2026 10:00:00",30.9028,75.8086,SO2,27,51,33
India,Punjab,"Mandi Gobindgarh","RIMT University, Mandi Gobindgarh - PPCB","11-02-2026 10:00:00",30.649961,76.331442,PM2.5,63,442,176
India,Punjab,"Mandi Gobindgarh","RIMT University, Mandi Gobindgarh - PPCB","11-02-2026 10:00:00",30.649961,76.331442,SO2,3,83,32
India,Maharashtra,Pune,"Hadapsar, Pune - IITM","11-02-2026 10:00:00",18.501793,73.927532,OZONE,1,85,6
India,Maharashtra,Pune,"Katraj Dairy, Pune - MPCB","11-02-2026 10:00:00",18.454450,73.854155,PM2.5,62,80,71
India,Maharashtra,Pune,"Panchawati_Pashan, Pune - IITM","11-02-2026 10:00:00",18.536457,73.805454,OZONE,3,53,7
India,Maharashtra,Pune,"Revenue Colony-Shivajinagar, Pune - IITM","11-02-2026 10:00:00",18.530085,73.849598,SO2,2,20,9
India,Maharashtra,Pune,"Transport Nagar-Nigdi, Pune - IITM","11-02-2026 10:00:00",18.664282,73.763966,PM2.5,173,317,252
India,Maharashtra,Pune,"Transport Nagar-Nigdi, Pune - IITM","11-02-2026 10:00:00",18.664282,73.763966,PM10,112,192,145
India,Maharashtra,Pune,"Transport Nagar-Nigdi, Pune - IITM","11-02-2026 10:00:00",18.664282,73.763966,NO2,19,127,55
India,Maharashtra,Sangli,"Vijay Nagar, Sangli - MPCB","11-02-2026 10:00:00"," 16.5038",74.3623,PM2.5,53,282,128
India,Maharashtra,Sangli,"Vijay Nagar, Sangli - MPCB","11-02-2026 10:00:00"," 16.5038",74.3623,OZONE,3,61,15
India,Maharashtra,Pimpri-Chinchwad,"Gavalinagar, Pimpri Chinchwad - MPCB","11-02-2026 10:00:00",18.63673,73.82487,NH3,7,21,11
India,Maharashtra,Pimpri-Chinchwad,"Park Street Wakad, Pimpri Chinchwad - MPCB","11-02-2026 10:00:00",18.59051,73.77946,NO2,46,128,82
India,Maharashtra,Pimpri-Chinchwad,"Park Street Wakad, Pimpri Chinchwad - MPCB","11-02-2026 10:00:00",18.59051,73.77946,NH3,4,7,5
India,Maharashtra,Pimpri-Chinchwad,"Thergaon, Pimpri Chinchwad - MPCB","11-02-2026 10:00:00",18.616318,73.765797,NO2,39,104,78
India,Maharashtra,Pune,"Bhosari, Pune - IITM","11-02-2026 10:00:00",18.640051,73.848956,NO2,8,15,12
India,Maharashtra,Pune,"Bhosari, Pune - IITM","11-02-2026 10:00:00",18.640051,73.848956,CO,28,82,50
India,Maharashtra,Pune,"Bhumkar Nagar, Pune - IITM","11-02-2026 10:00:00",18.605770,73.749976,PM10,NA,NA,NA
India,Maharashtra,Pune,"Bhumkar Nagar, Pune - IITM","11-02-2026 10:00:00",18.605770,73.749976,OZONE,17,116,24
India,Maharashtra,Pune,"Dhankawadi, Pune - IITM","11-02-2026 10:00:00",18.459883,73.852193,CO,54,138,80
India,Meghalaya,Shillong,"Lumpyngngad, Shillong - Meghalaya PCB","11-02-2026 10:00:00",25.5586,91.8985,PM2.5,1,23,9
India,Meghalaya,Shillong,"Lumpyngngad, Shillong - Meghalaya PCB","11-02-2026 10:00:00",25.5586,91.8985,PM10,3,17,10
India,Meghalaya,Shillong,"Lumpyngngad, Shillong - Meghalaya PCB","11-02-2026 10:00:00",25.5586,91.8985,NO2,NA,NA,NA
India,Nagaland,Kohima,"PWD Junction, Kohima - NPCB","11-02-2026 10:00:00",25.6635413,94.0989878,PM2.5,28,85,45
India,Nagaland,Kohima,"PWD Junction, Kohima - NPCB","11-02-2026 10:00:00",25.6635413,94.0989878,NO2,3,4,3
India,Nagaland,Kohima,"PWD Junction, Kohima - NPCB","11-02-2026 10:00:00",25.6635413,94.0989878,CO,6,30,7
India,Odisha,Balasore,"Kalidaspur, Balasore - OSPCB","11-02-2026 10:00:00",21.51161,86.89088,NH3,2,6,3
India,Odisha,Balasore,"Kalidaspur, Balasore - OSPCB","11-02-2026 10:00:00",21.51161,86.89088,SO2,14,41,24
India,Odisha,Balasore,"Kalidaspur, Balasore - OSPCB","11-02-2026 10:00:00",21.51161,86.89088,OZONE,14,92,24
India,Odisha,Barbil,"Forest Office, Barbil - OSPCB","11-02-2026 10:00:00",22.1166054,85.3945546,NH3,1,3,2
India,Maharashtra,"Navi Mumbai","Nerul, Navi Mumbai - MPCB","11-02-2026 10:00:00",19.008751,73.016620,NH3,8,8,8
India,Maharashtra,"Navi Mumbai","Sanpada, Navi Mumbai - MPCB","11-02-2026 10:00:00",19.0575752,73.0151367,NH3,13,13,13
India,Maharashtra,"Navi Mumbai","Sector-2E Kalamboli, Navi Mumbai - MPCB","11-02-2026 10:00:00",19.02579,73.10297,PM2.5,52,90,69
India,Maharashtra,"Navi Mumbai","Sector-2E Kalamboli, Navi Mumbai - MPCB","11-02-2026 10:00:00",19.02579,73.10297,PM10,66,143,91
India,Maharashtra,"Navi Mumbai","Sector-2E Kalamboli, Navi Mumbai - MPCB","11-02-2026 10:00:00",19.02579,73.10297,NO2,13,73,38
India,Maharashtra,"Navi Mumbai","Sector-2E Kalamboli, Navi Mumbai - MPCB","11-02-2026 10:00:00",19.02579,73.10297,OZONE,1,91,1
India,Maharashtra,Parbhani,"Masoom Colony, Parbhani - MPCB","11-02-2026 10:00:00",19.265594,76.761463,NO2,12,25,15
India,Maharashtra,Pimpri-Chinchwad,"Gavalinagar, Pimpri Chinchwad - MPCB","11-02-2026 10:00:00",18.63673,73.82487,NO2,24,89,51
India,Odisha,Byasanagar,"Ferro Chrome Colony, Byasanagar - OSPCB","11-02-2026 10:00:00",20.94185,86.11510,OZONE,15,220,84
India,Odisha,Cuttack,"CDA Area, Cuttack - OSPCB","11-02-2026 10:00:00","20.48891     ","85.84768     ",NO2,23,81,44
India,Odisha,Nayagarh,"Dabuna, Nayagarh - OSPCB","11-02-2026 10:00:00",21.847279,85.416905,PM2.5,25,59,38
India,Odisha,Nayagarh,"Dabuna, Nayagarh - OSPCB","11-02-2026 10:00:00",21.847279,85.416905,SO2,6,19,10
India,Odisha,Rourkela,"Fertilizer Township, Rourkela - OSPCB","11-02-2026 10:00:00",22.18972222,84.86277778,PM2.5,NA,NA,NA
India,Odisha,Rourkela,"Fertilizer Township, Rourkela - OSPCB","11-02-2026 10:00:00",22.18972222,84.86277778,PM10,NA,NA,NA
India,Odisha,Barbil,"Forest Office, Barbil - OSPCB","11-02-2026 10:00:00",22.1166054,85.3945546,OZONE,3,102,13
India,Odisha,Bhubaneswar,"Patia, Bhubaneswar - OSPCB","11-02-2026 10:00:00",20.34652,85.81630,NH3,4,9,6
India,Odisha,Bhubaneswar,"Patia, Bhubaneswar - OSPCB","11-02-2026 10:00:00",20.34652,85.81630,CO,31,68,46
India,Odisha,Bileipada,"Tata Township, Bileipada - OSPCB","11-02-2026 10:00:00",22.06156703,85.47409613,NH3,4,4,4
India,Odisha,Bileipada,"Tata Township, Bileipada - OSPCB","11-02-2026 10:00:00",22.06156703,85.47409613,OZONE,22,23,23
India,Odisha,Brajrajnagar,"GM Office, Brajrajnagar - OSPCB","11-02-2026 10:00:00",21.8004996,83.8396977,OZONE,28,33,31
India,Odisha,Rourkela,"Sector-2, Rourkela - OSPCB","11-02-2026 10:00:00",22.24500000,84.88111111,PM10,42,104,61
India,Odisha,Rourkela,"Sector-2, Rourkela - OSPCB","11-02-2026 10:00:00",22.24500000,84.88111111,CO,29,70,30
India,Odisha,Tensa,"Barsua Iron Ore Mines, Tensa - OSPCB","11-02-2026 10:00:00",21.869985,85.167016,PM10,4,89,49
India,Rajasthan,Barmer,"Railway Colony, Barmer - RSPCB","11-02-2026 10:00:00",25.747299,71.393989,NO2,11,34,16
India,Rajasthan,Barmer,"Railway Colony, Barmer - RSPCB","11-02-2026 10:00:00",25.747299,71.393989,NH3,9,19,12
India,Rajasthan,Barmer,"Railway Colony, Barmer - RSPCB","11-02-2026 10:00:00",25.747299,71.393989,CO,25,114,113
India,Rajasthan,Barmer,"Railway Colony, Barmer - RSPCB","11-02-2026 10:00:00",25.747299,71.393989,OZONE,38,85,68
India,Rajasthan,Bharatpur,"Krishna Nagar, Bharatpur - RSPCB","11-02-2026 10:00:00",27.215415,77.50873,NO2,14,77,36
India,Rajasthan,Bharatpur,"Krishna Nagar, Bharatpur - RSPCB","11-02-2026 10:00:00",27.215415,77.50873,SO2,3,11,6
India,Rajasthan,Bhiwadi,"RIICO Ind. Area III, Bhiwadi - RSPCB","11-02-2026 10:00:00",28.194909,76.862296,PM2.5,82,387,244
India,Rajasthan,Bhiwadi,"RIICO Ind. Area III, Bhiwadi - RSPCB","11-02-2026 10:00:00",28.194909,76.862296,PM10,115,362,196
India,Rajasthan,Bhiwadi,"Vasundhara Nagar_UIT, Bhiwadi - RSPCB","11-02-2026 10:00:00",28.207266,76.829265,PM2.5,77,386,272
India,Rajasthan,Bhiwadi,"Vasundhara Nagar_UIT, Bhiwadi - RSPCB","11-02-2026 10:00:00",28.207266,76.829265,PM10,120,425,251
India,Rajasthan,Kota,"Dhanmandi, Kota - RSPCB","11-02-2026 10:00:00",25.164090,75.858137,NH3,6,9,7
India,Rajasthan,Kota,"Dhanmandi, Kota - RSPCB","11-02-2026 10:00:00",25.164090,75.858137,OZONE,4,126,23
India,Rajasthan,Kota,"Nayapura, Kota - RSPCB","11-02-2026 10:00:00",25.196024,75.855668,NO2,30,115,64
India,Rajasthan,Kota,"Nayapura, Kota - RSPCB","11-02-2026 10:00:00",25.196024,75.855668,NH3,NA,NA,NA
India,Rajasthan,Kota,"Nayapura, Kota - RSPCB","11-02-2026 10:00:00",25.196024,75.855668,OZONE,6,124,52
India,Rajasthan,Kota,"Shrinath Puram, Kota - RSPCB","11-02-2026 10:00:00",25.14389,75.821256,SO2,6,30,14
India,Rajasthan,Nagaur,"Karni Colony, Nagaur - RSPCB","11-02-2026 10:00:00",27.213494,73.734444,NO2,12,49,21
India,Rajasthan,Nagaur,"Karni Colony, Nagaur - RSPCB","11-02-2026 10:00:00",27.213494,73.734444,OZONE,39,93,51
India,Rajasthan,Pali,"Indira Colony Vistar, Pali - RSPCB","11-02-2026 10:00:00",25.771061," 73.340227",PM2.5,47,227,102
India,Rajasthan,Bikaner,"MM Ground, Bikaner - RSPCB","11-02-2026 10:00:00",28.018792,73.292658,PM10,80,197,135
India,Rajasthan,Bundi,"New Colony, Bundi - RSPCB","11-02-2026 10:00:00",25.435774,75.644272,PM2.5,63,140,90
India,Rajasthan,Bundi,"New Colony, Bundi - RSPCB","11-02-2026 10:00:00",25.435774,75.644272,NO2,18,72,30
India,Rajasthan,Bundi,"New Colony, Bundi - RSPCB","11-02-2026 10:00:00",25.435774,75.644272,CO,13,56,30
India,Rajasthan,Chittorgarh,"Shastri Nagar, Chittorgarh - RSPCB","11-02-2026 10:00:00",24.892047,74.623527,NO2,11,99,52
India,Rajasthan,Churu,"Subash Chowk, Churu - RSPCB","11-02-2026 10:00:00",28.296139,74.961696,NH3,10,59,18
India,Rajasthan,Churu,"Subash Chowk, Churu - RSPCB","11-02-2026 10:00:00",28.296139,74.961696,SO2,7,9,8
India,Rajasthan,Churu,"Subash Chowk, Churu - RSPCB","11-02-2026 10:00:00",28.296139,74.961696,CO,15,80,42
India,Punjab,Patiala,"Model Town, Patiala - PPCB","11-02-2026 10:00:00",30.349388,76.366642,NH3,6,7,6
India,Punjab,Rupnagar,"Ratanpura, Rupnagar - Ambuja Cements","11-02-2026 10:00:00",31.0325454,76.5623046,CO,35,44,40
India,Rajasthan,Alwar,"Moti Doongri, Alwar - RSPCB","11-02-2026 10:00:00",27.554793,76.611536,PM2.5,37,118,86
India,Rajasthan,Alwar,"Moti Doongri, Alwar - RSPCB","11-02-2026 10:00:00",27.554793,76.611536,NO2,58,128,97
India,Rajasthan,Banswara,"Rati Talai, Banswara - RSPCB","11-02-2026 10:00:00",23.555190,74.440010,NH3,7,13,8
India,Rajasthan,Banswara,"Rati Talai, Banswara - RSPCB","11-02-2026 10:00:00",23.555190,74.440010,SO2,1,29,7
India,Rajasthan,Jaisalmer,"Sadar Bazar, Jaisalmer - RSPCB","11-02-2026 10:00:00",26.912329,70.909168,NO2,13,37,21
India,Rajasthan,Jalore,"Mudtra Sili, Jalore - RSPCB","11-02-2026 10:00:00",25.344694,72.626208,PM2.5,28,197,65
India,Rajasthan,Jalore,"Mudtra Sili, Jalore - RSPCB","11-02-2026 10:00:00",25.344694,72.626208,SO2,3,11,6
India,Rajasthan,Jhalawar,"Rajlaxmi Nagar, Jhalawar - RSPCB","11-02-2026 10:00:00",24.588397,76.172782,PM10,59,152,102
India,Rajasthan,Jhalawar,"Rajlaxmi Nagar, Jhalawar - RSPCB","11-02-2026 10:00:00",24.588397,76.172782,OZONE,12,132,36
India,Rajasthan,Jhunjhunu,"Indra Nagar, Jhunjhunu - RSPCB","11-02-2026 10:00:00",28.108988,75.386577,NH3,6,69,13
India,Rajasthan,Dungarpur,"Bhoiwada, Dungarpur - RSPCB","11-02-2026 10:00:00",23.837789,73.714926,PM10,51,199,102
India,Rajasthan,Dungarpur,"Bhoiwada, Dungarpur - RSPCB","11-02-2026 10:00:00",23.837789,73.714926,NO2,9,34,18
India,Rajasthan,Dungarpur,"Bhoiwada, Dungarpur - RSPCB","11-02-2026 10:00:00",23.837789,73.714926,NH3,6,13,8
India,Rajasthan,Hanumangarh,"Housing Board, Hanumangarh - RSPCB","11-02-2026 10:00:00",29.610750,74.283608,PM10,100,163,128
India,Rajasthan,Jaipur,"Mansarovar Sector-12, Jaipur - RSPCB","11-02-2026 10:00:00",26.843698,75.766894,PM2.5,53,277,106
India,Rajasthan,Jaipur,"RIICO Sitapura, Jaipur - RSPCB","11-02-2026 10:00:00",26.786682,75.827928,NH3,NA,NA,NA
India,Rajasthan,Jaipur,"RIICO Sitapura, Jaipur - RSPCB","11-02-2026 10:00:00",26.786682,75.827928,SO2,NA,NA,NA
India,Rajasthan,Jaipur,"Sector-2 Murlipura, Jaipur - RSPCB","11-02-2026 10:00:00",26.960669,75.771817,PM2.5,38,155,75
India,Rajasthan,Jaipur,"Sector-2 Murlipura, Jaipur - RSPCB","11-02-2026 10:00:00",26.960669,75.771817,SO2,6,8,7
India,Rajasthan,Jaipur,"Shastri Nagar, Jaipur - RSPCB","11-02-2026 10:00:00",26.9502929,75.730943,PM2.5,18,258,115
India,Rajasthan,Jhunjhunu,"Indra Nagar, Jhunjhunu - RSPCB","11-02-2026 10:00:00",28.108988,75.386577,SO2,4,12,7
India,Rajasthan,Jhunjhunu,"Indra Nagar, Jhunjhunu - RSPCB","11-02-2026 10:00:00",28.108988,75.386577,OZONE,25,128,59
India,Rajasthan,Jodhpur,"Collectorate, Jodhpur - RSPCB","11-02-2026 10:00:00",26.268249,73.0193853,NH3,8,38,15
India,Rajasthan,Karauli,"Satyawati Vihar, Karauli - RSPCB","11-02-2026 10:00:00",26.506177,77.025989,PM10,55,168,84
India,TamilNadu,Coimbatore,"PSG College of Arts and Science, Coimbatore - TNPCB","11-02-2026 10:00:00",11.0328,77.0349,OZONE,3,8,5
India,TamilNadu,Coimbatore,"SIDCO Kurichi, Coimbatore - TNPCB","11-02-2026 10:00:00",10.942451,76.978996,PM10,46,85,69
India,TamilNadu,Gummidipoondi,"Anthoni Pillai Nagar, Gummidipoondi - TNPCB","11-02-2026 10:00:00",13.4127,80.1081,PM2.5,87,430,189
India,TamilNadu,Gummidipoondi,"Anthoni Pillai Nagar, Gummidipoondi - TNPCB","11-02-2026 10:00:00",13.4127,80.1081,NO2,17,28,21
India,TamilNadu,Madurai,"Uchapatti, Madurai - TNPCB","11-02-2026 10:00:00",9.865935,78.022669,PM10,NA,NA,NA
India,TamilNadu,Madurai,"Uchapatti, Madurai - TNPCB","11-02-2026 10:00:00",9.865935,78.022669,NO2,NA,NA,NA
India,TamilNadu,Madurai,"Uchapatti, Madurai - TNPCB","11-02-2026 10:00:00",9.865935,78.022669,OZONE,NA,NA,NA
India,TamilNadu,Perundurai,"SIPCOT Industrial Park, Perundurai - TNPCB","11-02-2026 10:00:00",11.258242,77.552761,SO2,14,15,14
India,TamilNadu,Pudukottai,"SIPCOT Nathampannai, Pudukottai - TNPCB","11-02-2026 10:00:00",10.423417,78.784889,PM2.5,NA,NA,NA
India,TamilNadu,Pudukottai,"SIPCOT Nathampannai, Pudukottai - TNPCB","11-02-2026 10:00:00",10.423417,78.784889,NO2,4,23,9
India,TamilNadu,Chennai,"Kodungaiyur, Chennai - TNPCB","11-02-2026 10:00:00",13.1278,80.2642,PM10,329,362,357
India,TamilNadu,Chennai,"Manali Village, Chennai - TNPCB","11-02-2026 10:00:00",13.1662,80.2584,PM2.5,60,204,97
India,TamilNadu,Chennai,"Manali Village, Chennai - TNPCB","11-02-2026 10:00:00",13.1662,80.2584,SO2,11,16,15
India,TamilNadu,Chennai,"Manali Village, Chennai - TNPCB","11-02-2026 10:00:00",13.1662,80.2584,OZONE,16,24,22
India,TamilNadu,Chennai,"Manali, Chennai - CPCB","11-02-2026 10:00:00",13.164544,80.26285,PM2.5,NA,NA,NA
India,TamilNadu,Chennai,"Manali, Chennai - CPCB","11-02-2026 10:00:00",13.164544,80.26285,OZONE,10,10,10
India,TamilNadu,Chennai,"Perungudi, Chennai - TNPCB","11-02-2026 10:00:00",12.9533,80.2357,NH3,1,2,1
India,TamilNadu,Chennai,"Perungudi, Chennai - TNPCB","11-02-2026 10:00:00",12.9533,80.2357,OZONE,3,32,4
India,TamilNadu,Chennai,"Royapuram, Chennai - TNPCB","11-02-2026 10:00:00",13.1036,80.2909,CO,42,58,54
India,TamilNadu,Chennai,"Velachery Res. Area, Chennai - CPCB","11-02-2026 10:00:00",13.0052189,80.2398125,PM2.5,60,150,103
India,Tripura,Agartala,"Bardowali, Agartala - Tripura SPCB","11-02-2026 10:00:00",23.8175497,91.2726974,PM10,25,64,46
India,Tripura,Agartala,"Bardowali, Agartala - Tripura SPCB","11-02-2026 10:00:00",23.8175497,91.2726974,NH3,3,5,4
India,Uttar_Pradesh,Agra,"Manoharpur, Agra - UPPCB","11-02-2026 10:00:00",27.23711,78.01936,NH3,4,5,4
India,Uttar_Pradesh,Agra,"Manoharpur, Agra - UPPCB","11-02-2026 10:00:00",27.23711,78.01936,SO2,5,7,6
India,Uttar_Pradesh,Agra,"Manoharpur, Agra - UPPCB","11-02-2026 10:00:00",27.23711,78.01936,CO,19,23,20
India,Uttar_Pradesh,Agra,"Rohta, Agra - UPPCB","11-02-2026 10:00:00",27.106972,78.000111,NO2,15,16,15
India,Uttar_Pradesh,Agra,"Sanjay Palace, Agra - UPPCB","11-02-2026 10:00:00",27.19865833,78.00598056,PM2.5,47,248,149
India,TamilNadu,Thoothukudi,"Meelavittan, Thoothukudi - TNPCB","11-02-2026 10:00:00","8.816428 ",78.099039,SO2,4,18,11
India,Telangana,Hyderabad,"Central University, Hyderabad - TSPCB","11-02-2026 10:00:00",17.460103,78.334361,PM10,21,54,38
India,Telangana,Hyderabad,"Central University, Hyderabad - TSPCB","11-02-2026 10:00:00",17.460103,78.334361,NH3,2,6,4
India,Telangana,Hyderabad,"ECIL Kapra, Hyderabad - TSPCB","11-02-2026 10:00:00",17.470431,78.566959,PM10,61,96,75
India,Telangana,Hyderabad,"ECIL Kapra, Hyderabad - TSPCB","11-02-2026 10:00:00",17.470431,78.566959,NO2,7,36,23
India,Rajasthan,Pratapgarh,"Pragati Nagar, Pratapgarh - RSPCB","11-02-2026 10:00:00",24.041198,74.780702,SO2,4,13,8
India,Rajasthan,Rajsamand,"Dhoinda, Rajsamand - RSPCB","11-02-2026 10:00:00",25.036360,73.883502,CO,23,54,28
India,Rajasthan,Sikar,"Radhakishan Pura, Sikar - RSPCB","11-02-2026 10:00:00",27.608912,75.153302,NO2,17,90,36
India,Telangana,Hyderabad,"IITH Kandi, Hyderabad - TSPCB","11-02-2026 10:00:00",17.585705,78.126199,PM10,79,103,84
India,Telangana,Hyderabad,"Kokapet, Hyderabad - TSPCB","11-02-2026 10:00:00",17.393559,78.339194,CO,22,37,23
India,Telangana,Hyderabad,"Nacharam_TSIIC IALA, Hyderabad - TSPCB","11-02-2026 10:00:00",17.429398,78.569354,CO,9,36,34
India,Telangana,Hyderabad,"New Malakpet, Hyderabad - TSPCB","11-02-2026 10:00:00",17.37206,78.50864,NO2,15,18,16
India,Telangana,Hyderabad,"Zoo Park, Hyderabad - TSPCB","11-02-2026 10:00:00",17.349694,78.451437,NO2,6,14,10
India,TamilNadu,Chennai,"Arumbakkam, Chennai - TNPCB","11-02-2026 10:00:00",13.0664,"80.2112 ",PM2.5,70,207,109
India,TamilNadu,Chennai,"Arumbakkam, Chennai - TNPCB","11-02-2026 10:00:00",13.0664,"80.2112 ",NO2,8,28,13
India,Rajasthan,Udaipur,"Ashok Nagar, Udaipur - RSPCB","11-02-2026 10:00:00",24.5886166,73.6321397,NH3,3,5,4
India,Rajasthan,Udaipur,"Ashok Nagar, Udaipur - RSPCB","11-02-2026 10:00:00",24.5886166,73.6321397,SO2,4,7,5
India,Uttar_Pradesh,Agra,"Sanjay Palace, Agra - UPPCB","11-02-2026 10:00:00",27.19865833,78.00598056,CO,28,42,34
India,Uttar_Pradesh,Agra,"Sector-3B Avas Vikas Colony, Agra - UPPCB","11-02-2026 10:00:00",27.19412,77.96237,PM2.5,46,158,82
India,Uttar_Pradesh,Agra,"Sector-3B Avas Vikas Colony, Agra - UPPCB","11-02-2026 10:00:00",27.19412,77.96237,PM10,72,168,116
India,Uttar_Pradesh,Agra,"Shahjahan Garden, Agra - UPPCB","11-02-2026 10:00:00",27.169338,78.03582,PM2.5,14,76,43
India,Uttar_Pradesh,Agra,"Shahjahan Garden, Agra - UPPCB","11-02-2026 10:00:00",27.169338,78.03582,PM10,82,153,118
India,Uttar_Pradesh,Agra,"Shastripuram, Agra - UPPCB","11-02-2026 10:00:00",27.19862,77.92066,NO2,35,36,36
India,Uttar_Pradesh,Agra,"Shastripuram, Agra - UPPCB","11-02-2026 10:00:00",27.19862,77.92066,NH3,3,3,3
India,Uttar_Pradesh,Baghpat,"Sardar Patel Inter College, Baghpat - UPPCB","11-02-2026 10:00:00",28.964949,77.278761,SO2,26,94,39
India,Uttar_Pradesh,Bareilly,"Civil Lines, Bareilly - UPPCB","11-02-2026 10:00:00",28.359581,79.414455,PM2.5,9,60,33
India,Uttar_Pradesh,Lucknow,"Talkatora District Industries Center, Lucknow - CPCB","11-02-2026 10:00:00",26.83399722,80.8917361,NH3,9,15,12
India,Uttar_Pradesh,Meerut,"Ganga Nagar, Meerut - UPPCB","11-02-2026 10:00:00",28.999264,77.7590354,NH3,NA,NA,NA
India,Uttar_Pradesh,Meerut,"Ganga Nagar, Meerut - UPPCB","11-02-2026 10:00:00",28.999264,77.7590354,SO2,NA,NA,NA
India,Uttar_Pradesh,Meerut,"Ganga Nagar, Meerut - UPPCB","11-02-2026 10:00:00",28.999264,77.7590354,CO,NA,NA,NA
India,Uttar_Pradesh,Meerut,"Ganga Nagar, Meerut - UPPCB","11-02-2026 10:00:00",28.999264,77.7590354,OZONE,NA,NA,NA
India,Uttar_Pradesh,Moradabad,"Buddhi Vihar, Moradabad - UPPCB","11-02-2026 10:00:00",28.83526,78.74460,PM2.5,30,236,115
India,Uttar_Pradesh,Moradabad,"Buddhi Vihar, Moradabad - UPPCB","11-02-2026 10:00:00",28.83526,78.74460,OZONE,8,21,10
India,Uttar_Pradesh,Moradabad,"Eco Herbal Park, Moradabad - UPPCB","11-02-2026 10:00:00",28.840739,78.697531,PM2.5,57,308,160
India,Uttar_Pradesh,Moradabad,"Eco Herbal Park, Moradabad - UPPCB","11-02-2026 10:00:00",28.840739,78.697531,NO2,29,92,54
India,Uttar_Pradesh,Khurja,"Kalindi Kunj, Khurja - UPPCB","11-02-2026 10:00:00",28.2348927,77.8683002,SO2,14,15,14
India,Uttar_Pradesh,Khurja,"Kalindi Kunj, Khurja - UPPCB","11-02-2026 10:00:00",28.2348927,77.8683002,OZONE,3,19,17
India,Uttar_Pradesh,Lucknow,"Kendriya Vidyalaya, Lucknow - CPCB","11-02-2026 10:00:00",26.906111,80.948222,NO2,23,30,28
India,Uttar_Pradesh,Lucknow,"Kendriya Vidyalaya, Lucknow - CPCB","11-02-2026 10:00:00",26.906111,80.948222,NH3,12,17,15
India,Uttar_Pradesh,Lucknow,"Kendriya Vidyalaya, Lucknow - CPCB","11-02-2026 10:00:00",26.906111,80.948222,CO,28,94,54
India,Uttar_Pradesh,Lucknow,"Kendriya Vidyalaya, Lucknow - CPCB","11-02-2026 10:00:00",26.906111,80.948222,OZONE,10,40,19
India,Uttar_Pradesh,Lucknow,"Kukrail Picnic Spot-1, Lucknow - UPPCB","11-02-2026 10:00:00",26.90723,80.98579,SO2,45,53,46
India,Uttar_Pradesh,Lucknow,"Kukrail Picnic Spot-1, Lucknow - UPPCB","11-02-2026 10:00:00",26.90723,80.98579,OZONE,7,34,9
India,Uttar_Pradesh,Lucknow,"Lalbagh, Lucknow - CPCB","11-02-2026 10:00:00",26.8458805,80.9365541,PM10,67,408,206
India,Uttar_Pradesh,Bareilly,"Rajendra Nagar, Bareilly - UPPCB","11-02-2026 10:00:00",28.38910936,79.42963708,NH3,1,1,1
India,Uttar_Pradesh,Firozabad,"Nagla Bhau, Firozabad - UPPCB","11-02-2026 10:00:00",27.168897,78.376960,PM2.5,35,213,63
India,Uttar_Pradesh,Firozabad,"Nagla Bhau, Firozabad - UPPCB","11-02-2026 10:00:00",27.168897,78.376960,PM10,46,207,83
India,Uttar_Pradesh,Firozabad,"Nagla Bhau, Firozabad - UPPCB","11-02-2026 10:00:00",27.168897,78.376960,NH3,2,2,2
India,Uttar_Pradesh,Firozabad,"Nagla Bhau, Firozabad - UPPCB","11-02-2026 10:00:00",27.168897,78.376960,CO,1,68,5
India,Uttar_Pradesh,Firozabad,"Vibhab Nagar, Firozabad - UPPCB","11-02-2026 10:00:00",27.1594,78.3953,NH3,2,2,2
India,Uttar_Pradesh,Ghaziabad,"Indirapuram, Ghaziabad - UPPCB","11-02-2026 10:00:00",28.646233,77.358075,OZONE,9,22,10
India,Uttar_Pradesh,Ghaziabad,"Loni, Ghaziabad - UPPCB","11-02-2026 10:00:00",28.757294,77.278792,PM10,235,500,397
India,Uttar_Pradesh,Prayagraj,"Jhunsi, Prayagraj - UPPCB","11-02-2026 10:00:00",25.425602,81.917152,OZONE,16,91,17
India,Uttar_Pradesh,Prayagraj,"Motilal Nehru NIT, Prayagraj - UPPCB","11-02-2026 10:00:00",25.494,81.863,PM2.5,23,181,86
India,Uttar_Pradesh,Prayagraj,"Motilal Nehru NIT, Prayagraj - UPPCB","11-02-2026 10:00:00",25.494,81.863,CO,14,84,58
India,Uttar_Pradesh,Prayagraj,"Nagar Nigam, Prayagraj - UPPCB","11-02-2026 10:00:00","25.44919916 ","81.82735986 ",CO,20,107,84
India,Uttar_Pradesh,Varanasi,"Ardhali Bazar, Varanasi - UPPCB","11-02-2026 10:00:00",25.3505986,82.9083074,CO,6,28,14
India,Uttar_Pradesh,Varanasi,"Bhelupur, Varanasi - UPPCB","11-02-2026 10:00:00",25.301778,82.996789,PM10,47,329,114
India,Uttar_Pradesh,Moradabad,"Eco Herbal Park, Moradabad - UPPCB","11-02-2026 10:00:00",28.840739,78.697531,CO,21,98,84
India,Uttar_Pradesh,Moradabad,"Employment Office, Moradabad - UPPCB","11-02-2026 10:00:00",28.88528,78.73880,NO2,15,16,16
India,Uttar_Pradesh,Moradabad,"Employment Office, Moradabad - UPPCB","11-02-2026 10:00:00",28.88528,78.73880,NH3,4,4,4
India,Uttar_Pradesh,Moradabad,"Jigar Colony, Moradabad - UPPCB","11-02-2026 10:00:00",28.856664,78.772638,NH3,6,6,6
India,Uttar_Pradesh,Moradabad,"Transport Nagar, Moradabad - UPPCB","11-02-2026 10:00:00",28.802625,78.753728,PM2.5,29,241,104
India,Uttar_Pradesh,Moradabad,"Transport Nagar, Moradabad - UPPCB","11-02-2026 10:00:00",28.802625,78.753728,NO2,29,30,29
India,Uttar_Pradesh,Noida,"Sector-1, Noida - UPPCB","11-02-2026 10:00:00",28.5898,77.3101,CO,54,119,113
India,Uttar_Pradesh,Noida,"Sector-1, Noida - UPPCB","11-02-2026 10:00:00",28.5898,77.3101,OZONE,1,5,2
India,Uttar_Pradesh,Noida,"Sector-116, Noida - UPPCB","11-02-2026 10:00:00",28.569230,77.393848,NO2,38,180,117
India,Uttar_Pradesh,Noida,"Sector-116, Noida - UPPCB","11-02-2026 10:00:00",28.569230,77.393848,CO,2,126,109
India,Uttar_Pradesh,Prayagraj,"Jhunsi, Prayagraj - UPPCB","11-02-2026 10:00:00",25.425602,81.917152,PM2.5,9,98,62
India,Uttar_Pradesh,Gorakhpur,"Madan Mohan Malaviya University of Technology, Gorakhpur - UPPCB","11-02-2026 10:00:00",26.730136,83.433859,PM2.5,63,145,88
India,Uttar_Pradesh,"Greater Noida","Knowledge Park - III, Greater Noida - UPPCB","11-02-2026 10:00:00",28.47272,77.482000,SO2,5,13,9
India,Uttar_Pradesh,"Greater Noida","Knowledge Park - V, Greater Noida - UPPCB","11-02-2026 10:00:00",28.557054,77.453663,SO2,9,17,14
India,Uttar_Pradesh,Hapur,"Anand Vihar, Hapur - UPPCB","11-02-2026 10:00:00",28.725645,77.749675,PM2.5,74,370,264
India,Uttar_Pradesh,Hapur,"Anand Vihar, Hapur - UPPCB","11-02-2026 10:00:00",28.725645,77.749675,CO,34,108,80
India,Uttar_Pradesh,Kanpur,"FTI Kidwai Nagar, Kanpur - UPPCB","11-02-2026 10:00:00",26.428282,80.327067,PM10,52,185,107
India,Uttar_Pradesh,Kanpur,"FTI Kidwai Nagar, Kanpur - UPPCB","11-02-2026 10:00:00",26.428282,80.327067,CO,34,69,52
India,Uttar_Pradesh,Varanasi,"IESD Banaras Hindu University, Varanasi - UPPCB","11-02-2026 10:00:00",25.262326,82.995408,NH3,1,7,4
India,Uttar_Pradesh,Vrindavan,"Omex Eternity, Vrindavan - UPPCB","11-02-2026 10:00:00",27.5714090,77.6557570,CO,28,46,42
India,Uttarakhand,Dehradun,"Doon University, Dehradun - UKPCB","11-02-2026 10:00:00",30.269444,78.044167,OZONE,10,78,17
India,Uttarakhand,Kashipur,"Govt. Girls Inter College, Kashipur - UKPCB","11-02-2026 10:00:00",29.2124114,78.9611753,NH3,NA,NA,NA
India,Uttarakhand,Kashipur,"Govt. Girls Inter College, Kashipur - UKPCB","11-02-2026 10:00:00",29.2124114,78.9611753,CO,26,35,30
India,Uttarakhand,Rishikesh,"Shivaji Nagar, Rishikesh - UKPCB","11-02-2026 10:00:00",30.075911,78.2859547,CO,NA,NA,NA
India,West_Bengal,Asansol,"Asansol Court Area, Asansol - WBPCB","11-02-2026 10:00:00",23.685297,86.945968,NH3,2,9,5
India,West_Bengal,Asansol,"Asansol Court Area, Asansol - WBPCB","11-02-2026 10:00:00",23.685297,86.945968,OZONE,11,46,24
India,West_Bengal,Asansol,"Evelyn Lodge, Asansol - WBPCB","11-02-2026 10:00:00",23.6979360,86.9443950,CO,16,92,57
India,West_Bengal,Barrackpore,"SVSPA Campus, Barrackpore - WBPCB","11-02-2026 10:00:00",22.7605581,88.3617589,PM2.5,43,260,127
India,West_Bengal,Barrackpore,"SVSPA Campus, Barrackpore - WBPCB","11-02-2026 10:00:00",22.7605581,88.3617589,NO2,12,63,34
India,West_Bengal,Barrackpore,"SVSPA Campus, Barrackpore - WBPCB","11-02-2026 10:00:00",22.7605581,88.3617589,CO,64,115,102
India,West_Bengal,Durgapur,"PCBL Residential Complex, Durgapur - WBPCB","11-02-2026 10:00:00",23.5087640,87.3544400,NO2,35,90,53
India,West_Bengal,Durgapur,"PCBL Residential Complex, Durgapur - WBPCB","11-02-2026 10:00:00",23.5087640,87.3544400,SO2,5,7,6
India,West_Bengal,Durgapur,"Womens College_City Center, Durgapur - WBPCB","11-02-2026 10:00:00",23.549395,87.300496,NH3,2,5,3
India,West_Bengal,Haldia,"Priyambada Housing Estate, Haldia - WBPCB","11-02-2026 10:00:00",22.06047,88.109737,NO2,12,63,28
India,West_Bengal,Haldia,"Priyambada Housing Estate, Haldia - WBPCB","11-02-2026 10:00:00",22.06047,88.109737,SO2,12,19,14
India,West_Bengal,Howrah,"Botanical Garden, Howrah - WBPCB","11-02-2026 10:00:00",22.554954,88.292568,CO,10,113,72
India,West_Bengal,Howrah,"Dasnagar, Howrah - WBPCB","11-02-2026 10:00:00",22.6025571,88.3105664,PM2.5,20,278,136
India,West_Bengal,Howrah,"Dasnagar, Howrah - WBPCB","11-02-2026 10:00:00",22.6025571,88.3105664,NO2,9,148,66
India,West_Bengal,Howrah,"Ghusuri, Howrah - WBPCB","11-02-2026 10:00:00",22.611968,88.347422,PM10,93,433,210
India,West_Bengal,Howrah,"Ghusuri, Howrah - WBPCB","11-02-2026 10:00:00",22.611968,88.347422,SO2,8,14,11
India,West_Bengal,Howrah,"Ghusuri, Howrah - WBPCB","11-02-2026 10:00:00",22.611968,88.347422,CO,42,130,93
India,West_Bengal,Howrah,"Padmapukur, Howrah - WBPCB","11-02-2026 10:00:00",22.5687319,88.2797276,NO2,30,177,96
India,West_Bengal,Howrah,"Padmapukur, Howrah - WBPCB","11-02-2026 10:00:00",22.5687319,88.2797276,NH3,3,31,12
India,West_Bengal,Kolkata,"Bidhannagar, Kolkata - WBPCB","11-02-2026 10:00:00",22.58157048,88.41002457,NH3,5,7,5
India,West_Bengal,Kolkata,"Fort William, Kolkata - WBPCB","11-02-2026 10:00:00",22.556640,88.342674,NO2,16,27,22
India,West_Bengal,Kolkata,"Jadavpur, Kolkata - WBPCB","11-02-2026 10:00:00",22.49929,88.36917,PM10,52,293,164
India,West_Bengal,Kolkata,"Jadavpur, Kolkata - WBPCB","11-02-2026 10:00:00",22.49929,88.36917,NH3,5,20,10
India,West_Bengal,Kolkata,"Jadavpur, Kolkata - WBPCB","11-02-2026 10:00:00",22.49929,88.36917,SO2,3,10,5
India,West_Bengal,Kolkata,"Jadavpur, Kolkata - WBPCB","11-02-2026 10:00:00",22.49929,88.36917,OZONE,4,26,6
India,West_Bengal,Kolkata,"Rabindra Bharati University, Kolkata - WBPCB","11-02-2026 10:00:00",22.627847,88.380669,NH3,12,14,12
India,West_Bengal,Kolkata,"Rabindra Sarobar, Kolkata - WBPCB","11-02-2026 10:00:00",22.51106,88.35142,NO2,27,211,124
India,West_Bengal,Kolkata,"Rabindra Sarobar, Kolkata - WBPCB","11-02-2026 10:00:00",22.51106,88.35142,NH3,8,57,24
India,West_Bengal,Kolkata,"Rabindra Sarobar, Kolkata - WBPCB","11-02-2026 10:00:00",22.51106,88.35142,CO,16,124,63
India,West_Bengal,Kolkata,"Victoria, Kolkata - WBPCB","11-02-2026 10:00:00",22.5448082,88.3403691,NH3,8,8,8
India,West_Bengal,Siliguri,"Ward-32 Bapupara, Siliguri - WBPCB","11-02-2026 10:00:00",26.6879226,88.4152495,PM2.5,85,255,137
India,West_Bengal,Siliguri,"Ward-32 Bapupara, Siliguri - WBPCB","11-02-2026 10:00:00",26.6879226,88.4152495,PM10,111,197,137
India,Bihar,Kishanganj,"SDM Office_Khagra, Kishanganj - BSPCB","11-02-2026 10:00:00",26.0881305,87.93840336,CO,16,22,18
India,Bihar,Kishanganj,"SDM Office_Khagra, Kishanganj - BSPCB","11-02-2026 10:00:00",26.0881305,87.93840336,OZONE,31,34,32
India,Bihar,Manguraha,"Forest Rest House, Manguraha - BSPCB","11-02-2026 10:00:00",27.308328,84.531742,PM10,78,191,122
India,Bihar,Manguraha,"Forest Rest House, Manguraha - BSPCB","11-02-2026 10:00:00",27.308328,84.531742,SO2,16,17,17
India,Bihar,Motihari,"Gandak Colony, Motihari - BSPCB","11-02-2026 10:00:00",26.63086,84.90051,PM10,55,133,90
India,Bihar,Motihari,"Gandak Colony, Motihari - BSPCB","11-02-2026 10:00:00",26.63086,84.90051,NO2,7,10,8
India,Bihar,Motihari,"Gandak Colony, Motihari - BSPCB","11-02-2026 10:00:00",26.63086,84.90051,CO,30,45,31
India,Bihar,Munger,"Town Hall, Munger - BSPCB","11-02-2026 10:00:00",25.376776,86.471523,NO2,4,5,5
India,Bihar,Munger,"Town Hall, Munger - BSPCB","11-02-2026 10:00:00",25.376776,86.471523,CO,20,47,28
India,Bihar,Muzaffarpur,"Buddha Colony, Muzaffarpur - BSPCB","11-02-2026 10:00:00",26.11442,85.39813,NO2,30,53,37
India,Bihar,Muzaffarpur,"Buddha Colony, Muzaffarpur - BSPCB","11-02-2026 10:00:00",26.11442,85.39813,NH3,8,12,10
India,Bihar,Muzaffarpur,"Buddha Colony, Muzaffarpur - BSPCB","11-02-2026 10:00:00",26.11442,85.39813,CO,20,70,36
India,Bihar,Muzaffarpur,"MIT-Daudpur Kothi, Muzaffarpur - BSPCB","11-02-2026 10:00:00",26.1403345,85.3650192,NO2,2,4,3
India,Bihar,Bettiah,"Kamalnath Nagar, Bettiah - BSPCB","11-02-2026 10:00:00",26.80365,84.51954,CO,44,101,74
India,Bihar,Bhagalpur,"DM Office_Kachari Chowk, Bhagalpur - BSPCB","11-02-2026 10:00:00",25.251013,86.989001,NO2,4,17,8
India,Bihar,Bhagalpur,"Mayaganj, Bhagalpur - BSPCB","11-02-2026 10:00:00",25.265194,87.012947,PM2.5,13,45,27
India,Bihar,"Bihar Sharif","D M Colony, Bihar Sharif - BSPCB","11-02-2026 10:00:00",25.204762,85.514960,PM2.5,30,120,64
India,Bihar,"Bihar Sharif","D M Colony, Bihar Sharif - BSPCB","11-02-2026 10:00:00",25.204762,85.514960,NH3,5,5,5
India,Bihar,Buxar,"Charitra Van, Buxar - BSPCB","11-02-2026 10:00:00",25.567520,83.966379,NO2,9,10,9
India,Bihar,Buxar,"Charitra Van, Buxar - BSPCB","11-02-2026 10:00:00",25.567520,83.966379,CO,21,29,24
India,Bihar,Chhapra,"Darshan Nagar, Chhapra - BSPCB","11-02-2026 10:00:00",25.7808257,84.7446768,PM2.5,20,316,95
India,Bihar,Chhapra,"Darshan Nagar, Chhapra - BSPCB","11-02-2026 10:00:00",25.7808257,84.7446768,NO2,1,2,1
India,Bihar,Gaya,"Collectorate, Gaya - BSPCB","11-02-2026 10:00:00",24.7955,84.9994,NO2,NA,NA,NA
India,Bihar,Gaya,"Collectorate, Gaya - BSPCB","11-02-2026 10:00:00",24.7955,84.9994,CO,NA,NA,NA
India,Bihar,Gaya,"Kareemganj, Gaya - BSPCB","11-02-2026 10:00:00",24.792403,84.992416,PM2.5,23,137,65
India,Bihar,Gaya,"Kareemganj, Gaya - BSPCB","11-02-2026 10:00:00",24.792403,84.992416,PM10,69,226,138
India,Bihar,Gaya,"SFTI Kusdihra, Gaya - BSPCB","11-02-2026 10:00:00",24.762518,84.982348,PM2.5,46,131,89
India,Bihar,Gaya,"SFTI Kusdihra, Gaya - BSPCB","11-02-2026 10:00:00",24.762518,84.982348,SO2,6,11,9
India,Bihar,Hajipur,"Industrial Area, Hajipur - BSPCB","11-02-2026 10:00:00",25.697189,85.245900,PM2.5,74,235,157
India,Bihar,Hajipur,"Industrial Area, Hajipur - BSPCB","11-02-2026 10:00:00",25.697189,85.245900,NO2,57,196,110
India,Bihar,Katihar,"Mirchaibari, Katihar - BSPCB","11-02-2026 10:00:00",25.560083,87.553265,PM10,83,155,113
India,Bihar,Katihar,"Mirchaibari, Katihar - BSPCB","11-02-2026 10:00:00",25.560083,87.553265,SO2,20,24,22
India,Bihar,Kishanganj,"SDM Office_Khagra, Kishanganj - BSPCB","11-02-2026 10:00:00",26.0881305,87.93840336,NH3,3,3,3
India,Bihar,Purnia,"Mariam Nagar, Purnia - BSPCB","11-02-2026 10:00:00",25.366336,87.117468,PM2.5,77,147,104
India,Bihar,Purnia,"Mariam Nagar, Purnia - BSPCB","11-02-2026 10:00:00",25.366336,87.117468,OZONE,4,33,22
India,Bihar,Rajgir,"Dangi Tola, Rajgir - BSPCB","11-02-2026 10:00:00",25.03280,85.41948,NO2,NA,NA,NA
India,Bihar,Saharsa,"Police Line, Saharsa - BSPCB","11-02-2026 10:00:00",25.892357,86.590325,CO,28,46,43
India,Bihar,Samastipur,"DM Office_Kasipur, Samastipur - BSPCB","11-02-2026 10:00:00",25.859655,85.77944,PM2.5,32,304,88
India,Bihar,Samastipur,"DM Office_Kasipur, Samastipur - BSPCB","11-02-2026 10:00:00",25.859655,85.77944,SO2,21,29,26
India,Bihar,Samastipur,"DM Office_Kasipur, Samastipur - BSPCB","11-02-2026 10:00:00",25.859655,85.77944,OZONE,7,9,8
India,Bihar,Sasaram,"Dada Peer, Sasaram - BSPCB","11-02-2026 10:00:00",24.952822,84.002396,NH3,3,8,4
India,Bihar,Sasaram,"Dada Peer, Sasaram - BSPCB","11-02-2026 10:00:00",24.952822,84.002396,SO2,3,5,4
India,Bihar,Sasaram,"Dada Peer, Sasaram - BSPCB","11-02-2026 10:00:00",24.952822,84.002396,CO,48,103,53
India,Assam,Guwahati,"LGBI Airport, Guwahati - PCBA","11-02-2026 10:00:00",26.10887,91.589544,CO,20,50,28
India,Assam,Guwahati,"Railway Colony, Guwahati - PCBA","11-02-2026 10:00:00",26.181742,91.78063,PM10,84,309,163
India,Assam,Guwahati,"Railway Colony, Guwahati - PCBA","11-02-2026 10:00:00",26.181742,91.78063,CO,4,48,6
India,Assam,Nagaon,"Christianpatty, Nagaon - PCBA","11-02-2026 10:00:00",26.349082,92.68449,SO2,7,15,13
India,Assam,Nagaon,"Christianpatty, Nagaon - PCBA","11-02-2026 10:00:00",26.349082,92.68449,CO,8,26,21
India,Assam,Nalbari,"Bata Chowk, Nalbari - PCBA","11-02-2026 10:00:00",26.446912,91.439057,PM10,90,129,114
India,Assam,Nalbari,"Bata Chowk, Nalbari - PCBA","11-02-2026 10:00:00",26.446912,91.439057,OZONE,6,17,16
India,Assam,Silchar,"Tarapur, Silchar - PCBA","11-02-2026 10:00:00",24.82827,92.79525,NO2,26,34,32
India,Assam,Sivasagar,"Girls College, Sivasagar - PCBA","11-02-2026 10:00:00",26.987634,94.636574,PM2.5,24,98,54
India,Bihar,Muzaffarpur,"Muzaffarpur Collectorate, Muzaffarpur - BSPCB","11-02-2026 10:00:00",26.1209,85.3647,OZONE,7,23,7
India,Bihar,Patna,"DRM Office Danapur, Patna - BSPCB","11-02-2026 10:00:00",25.586562,85.043586,SO2,6,8,7
India,Bihar,Patna,"Govt. High School Shikarpur, Patna - BSPCB","11-02-2026 10:00:00",25.592539,85.227158,NO2,11,42,24
India,Bihar,Patna,"IGSC Planetarium Complex, Patna - BSPCB","11-02-2026 10:00:00",25.610369,85.132568,PM2.5,NA,NA,NA
India,Bihar,Patna,"IGSC Planetarium Complex, Patna - BSPCB","11-02-2026 10:00:00",25.610369,85.132568,NO2,NA,NA,NA
India,Bihar,Patna,"IGSC Planetarium Complex, Patna - BSPCB","11-02-2026 10:00:00",25.610369,85.132568,SO2,NA,NA,NA
India,Bihar,Patna,"IGSC Planetarium Complex, Patna - BSPCB","11-02-2026 10:00:00",25.610369,85.132568,OZONE,28,29,28
India,Bihar,Patna,"Rajbansi Nagar, Patna - BSPCB","11-02-2026 10:00:00",25.599486,85.113666,NH3,1,2,1
India,Bihar,Patna,"Samanpura, Patna - BSPCB","11-02-2026 10:00:00",25.596727,85.085624,SO2,4,7,5
India,Andhra_Pradesh,Rajamahendravaram,"Anand Kala Kshetram, Rajamahendravaram - APPCB","11-02-2026 10:00:00",16.9872867,81.7363176,PM2.5,73,123,99
India,Andhra_Pradesh,Rajamahendravaram,"Anand Kala Kshetram, Rajamahendravaram - APPCB","11-02-2026 10:00:00",16.9872867,81.7363176,CO,24,44,34
India,Andhra_Pradesh,Tirumala,"Toll Gate, Tirumala - APPCB","11-02-2026 10:00:00",13.67,79.35,PM2.5,69,131,97
India,Andhra_Pradesh,Tirupati,"Vaikuntapuram, Tirupati - APPCB","11-02-2026 10:00:00",13.615387,79.409230,PM2.5,51,140,98
India,Andhra_Pradesh,Tirupati,"Vaikuntapuram, Tirupati - APPCB","11-02-2026 10:00:00",13.615387,79.409230,SO2,15,17,16
India,Andhra_Pradesh,Vijayawada,"HB Colony, Vijayawada - APPCB","11-02-2026 10:00:00",16.536107,80.594233,PM10,54,103,78
India,Andhra_Pradesh,Amaravati,"Secretariat, Amaravati - APPCB","11-02-2026 10:00:00",16.5150833,80.5181667,PM10,98,186,119
India,Andhra_Pradesh,Amaravati,"Secretariat, Amaravati - APPCB","11-02-2026 10:00:00",16.5150833,80.5181667,NO2,17,80,33
India,Andhra_Pradesh,Amaravati,"Secretariat, Amaravati - APPCB","11-02-2026 10:00:00",16.5150833,80.5181667,NH3,5,7,6
India,Andhra_Pradesh,Amaravati,"Secretariat, Amaravati - APPCB","11-02-2026 10:00:00",16.5150833,80.5181667,CO,5,124,43
India,Andhra_Pradesh,Anantapur,"Gulzarpet, Anantapur - APPCB","11-02-2026 10:00:00",14.675886,77.593027,PM10,70,86,80
India,Andhra_Pradesh,Kadapa,"Yerramukkapalli, Kadapa - APPCB","11-02-2026 10:00:00",14.465052,78.824187,PM2.5,NA,NA,NA
India,Andhra_Pradesh,Visakhapatnam,"GVM Corporation, Visakhapatnam - APPCB","11-02-2026 10:00:00",17.72,83.3,SO2,1,14,9
India,Assam,Byrnihat,"Central Academy for SFS, Byrnihat - PCBA","11-02-2026 10:00:00",26.071318,91.87488,NH3,4,4,4
India,Assam,Guwahati,"LGBI Airport, Guwahati - PCBA","11-02-2026 10:00:00",26.10887,91.589544,PM10,NA,NA,NA
India,Bihar,Aurangabad,"Gurdeo Nagar, Aurangabad - BSPCB","11-02-2026 10:00:00",24.75746,84.366208,CO,100,103,102
India,Delhi,Delhi,"Aya Nagar, Delhi - IMD","11-02-2026 10:00:00",28.4706914,77.1099364,PM10,62,363,227
India,Delhi,Delhi,"Aya Nagar, Delhi - IMD","11-02-2026 10:00:00",28.4706914,77.1099364,CO,12,78,67
India,Delhi,Delhi,"Bawana, Delhi - DPCC","11-02-2026 10:00:00",28.776200,77.051074,PM10,117,411,261
India,Delhi,Delhi,"Bawana, Delhi - DPCC","11-02-2026 10:00:00",28.776200,77.051074,NO2,8,83,41
India,Delhi,Delhi,"Burari Crossing, Delhi - IMD","11-02-2026 10:00:00",28.7256504,77.2011573,PM2.5,72,429,319
India,Delhi,Delhi,"CRRI Mathura Road, Delhi - IMD","11-02-2026 10:00:00",28.5512005,77.2735737,CO,3,112,102
India,Delhi,Delhi,"CRRI Mathura Road, Delhi - IMD","11-02-2026 10:00:00",28.5512005,77.2735737,OZONE,4,79,5
India,Delhi,Delhi,"Chandni Chowk, Delhi - IITM","11-02-2026 10:00:00",28.656756,77.227234,SO2,20,41,30
India,Delhi,Delhi,"DTU, Delhi - CPCB","11-02-2026 10:00:00",28.7500499,77.1112615,SO2,28,32,29
India,Delhi,Delhi,"Dr. Karni Singh Shooting Range, Delhi - DPCC","11-02-2026 10:00:00",28.498571,77.264840,PM10,117,388,217
India,Chhattisgarh,Kunjemura,"OP Jindal School, Kunjemura - CECB","11-02-2026 10:00:00",22.126650,83.483212,SO2,1,122,27
India,Chhattisgarh,Milupara,"Govt. Higher Secondary School, Milupara - CECB","11-02-2026 10:00:00",22.1910172,83.5197009,PM2.5,25,64,46
India,Chhattisgarh,Raipur,"AIIMS, Raipur - CECB","11-02-2026 10:00:00",21.258815,81.578979,NO2,NA,NA,NA
India,Chhattisgarh,Raipur,"AIIMS, Raipur - CECB","11-02-2026 10:00:00",21.258815,81.578979,NH3,NA,NA,NA
India,Chhattisgarh,Raipur,"Bhatagaon New ISBT, Raipur - CECB","11-02-2026 10:00:00",21.219665,81.630094,PM10,44,121,84
India,Chhattisgarh,Raipur,"Bhatagaon New ISBT, Raipur - CECB","11-02-2026 10:00:00",21.219665,81.630094,NO2,7,75,39
India,Chhattisgarh,Raipur,"Bhatagaon New ISBT, Raipur - CECB","11-02-2026 10:00:00",21.219665,81.630094,OZONE,2,10,2
India,Chhattisgarh,Raipur,"Krishak Nagar, Raipur - CECB","11-02-2026 10:00:00",21.237755,81.705301,PM10,54,164,84
India,Chhattisgarh,Raipur,"Krishak Nagar, Raipur - CECB","11-02-2026 10:00:00",21.237755,81.705301,NO2,15,30,21
India,Chhattisgarh,Raipur,"Krishak Nagar, Raipur - CECB","11-02-2026 10:00:00",21.237755,81.705301,CO,23,51,30
India,Chhattisgarh,Bhilai,"Hathkhoj, Bhilai - CECB","11-02-2026 10:00:00",21.224231,81.408350,NO2,20,91,55
India,Chhattisgarh,Bhilai,"Hathkhoj, Bhilai - CECB","11-02-2026 10:00:00",21.224231,81.408350,OZONE,3,14,7
India,Chhattisgarh,Bilaspur,"Mangala, Bilaspur - NTPC","11-02-2026 10:00:00",22.08815,82.13737,PM2.5,41,100,70
India,Chhattisgarh,Chhal,"Nawapara SECL Colony, Chhal - CECB","11-02-2026 10:00:00",22.118125,83.140608,NO2,8,18,12
India,Chhattisgarh,Chhal,"Nawapara SECL Colony, Chhal - CECB","11-02-2026 10:00:00",22.118125,83.140608,SO2,4,109,33
India,Chhattisgarh,Chhal,"Nawapara SECL Colony, Chhal - CECB","11-02-2026 10:00:00",22.118125,83.140608,CO,24,36,30
India,Chhattisgarh,Chhal,"Nawapara SECL Colony, Chhal - CECB","11-02-2026 10:00:00",22.118125,83.140608,OZONE,6,91,14
India,Chhattisgarh,Korba,"Rampur, Korba - CECB","11-02-2026 10:00:00",22.368195,82.746431,OZONE,2,12,2
India,Chhattisgarh,Korba,"Urja Nagar, Korba - CECB","11-02-2026 10:00:00",22.348441,82.549611,NH3,1,1,1
India,Chhattisgarh,Korba,"Urja Nagar, Korba - CECB","11-02-2026 10:00:00",22.348441,82.549611,OZONE,12,26,26
India,Chandigarh,Chandigarh,"Sector 22, Chandigarh - CPCC","11-02-2026 10:00:00",30.735567,76.775714,PM10,51,126,86
India,Chandigarh,Chandigarh,"Sector 22, Chandigarh - CPCC","11-02-2026 10:00:00",30.735567,76.775714,CO,32,110,50
India,Chandigarh,Chandigarh,"Sector-25, Chandigarh - CPCC","11-02-2026 10:00:00",30.751462,76.762879,PM10,101,138,116
India,Chandigarh,Chandigarh,"Sector-53, Chandigarh - CPCC","11-02-2026 10:00:00",30.719859,76.738637,NO2,23,168,77
India,Chandigarh,Chandigarh,"Sector-53, Chandigarh - CPCC","11-02-2026 10:00:00",30.719859,76.738637,CO,40,118,46
India,Chhattisgarh,Bhilai,"32Bungalows, Bhilai - CECB","11-02-2026 10:00:00",21.194815,81.314770,PM10,18,143,68
India,Chhattisgarh,Bhilai,"32Bungalows, Bhilai - CECB","11-02-2026 10:00:00",21.194815,81.314770,CO,32,71,45
India,Chhattisgarh,Bhilai,"Civic Center, Bhilai - Bhilai Steel Plant","11-02-2026 10:00:00",21.185571,81.343175,PM10,22,127,54
India,Chhattisgarh,Bhilai,"Civic Center, Bhilai - Bhilai Steel Plant","11-02-2026 10:00:00",21.185571,81.343175,CO,28,34,34
India,Delhi,Delhi,"Mundka, Delhi - DPCC","11-02-2026 10:00:00",28.684678,77.076574,PM10,146,500,341
India,Delhi,Delhi,"Mundka, Delhi - DPCC","11-02-2026 10:00:00",28.684678,77.076574,CO,66,141,75
India,Delhi,Delhi,"NSIT Dwarka, Delhi - CPCB","11-02-2026 10:00:00",28.60909,77.0325413,NH3,6,8,7
India,Delhi,Delhi,"NSIT Dwarka, Delhi - CPCB","11-02-2026 10:00:00",28.60909,77.0325413,SO2,9,21,15
India,Delhi,Delhi,"NSIT Dwarka, Delhi - CPCB","11-02-2026 10:00:00",28.60909,77.0325413,OZONE,12,115,46
India,Delhi,Delhi,"Narela, Delhi - DPCC","11-02-2026 10:00:00",28.822836,77.101981,PM2.5,135,431,330
India,Delhi,Delhi,"Nehru Nagar, Delhi - DPCC","11-02-2026 10:00:00",28.567890,77.250515,PM2.5,92,496,339
India,Delhi,Delhi,"Nehru Nagar, Delhi - DPCC","11-02-2026 10:00:00",28.567890,77.250515,OZONE,1,135,3
India,Delhi,Delhi,"North Campus, DU, Delhi - IMD","11-02-2026 10:00:00",28.6573814,77.1585447,PM10,143,442,313
India,Chhattisgarh,Tumidih,"OP Jindal Industrial Park, Tumidih - CECB","11-02-2026 10:00:00",22.06631475,83.33820077,PM2.5,34,171,103
India,Chhattisgarh,Tumidih,"OP Jindal Industrial Park, Tumidih - CECB","11-02-2026 10:00:00",22.06631475,83.33820077,NH3,1,2,1
India,Delhi,Delhi,"Alipur, Delhi - DPCC","11-02-2026 10:00:00",28.815329,77.153010,PM2.5,170,407,317
India,Delhi,Delhi,"Anand Vihar, Delhi - DPCC","11-02-2026 10:00:00",28.647622,77.3158090,PM10,NA,NA,NA
India,Delhi,Delhi,"Anand Vihar, Delhi - DPCC","11-02-2026 10:00:00",28.647622,77.3158090,NO2,NA,NA,NA
India,Delhi,Delhi,"Anand Vihar, Delhi - DPCC","11-02-2026 10:00:00",28.647622,77.3158090,NH3,NA,NA,NA
India,Delhi,Delhi,"Ashok Vihar, Delhi - DPCC","11-02-2026 10:00:00",28.695381,77.181665,CO,8,152,101
India,Delhi,Delhi,"Jahangirpuri, Delhi - DPCC","11-02-2026 10:00:00",28.732820,77.170633,NO2,113,189,148
India,Delhi,Delhi,"Jawaharlal Nehru Stadium, Delhi - DPCC","11-02-2026 10:00:00",28.580280,77.233829,CO,87,145,105
India,Delhi,Delhi,"Lodhi Road, Delhi - IMD","11-02-2026 10:00:00",28.5918245,77.2273074,PM10,122,402,226
India,Delhi,Delhi,"Mandir Marg, Delhi - DPCC","11-02-2026 10:00:00",28.636429,77.201067,PM10,121,439,221
India,Delhi,Delhi,"Mandir Marg, Delhi - DPCC","11-02-2026 10:00:00",28.636429,77.201067,SO2,1,42,11
India,Delhi,Delhi,"Dwarka-Sector 8, Delhi - DPCC ","11-02-2026 10:00:00",28.5710274,77.0719006,PM2.5,83,418,281
India,Delhi,Delhi,"IHBAS, Dilshad Garden, Delhi - CPCB","11-02-2026 10:00:00",28.6811736,77.3025234,CO,42,103,82
India,Delhi,Delhi,"ITO, Delhi - CPCB","11-02-2026 10:00:00",28.628624,77.241060,NH3,1,4,2
India,Delhi,Delhi,"Pusa, Delhi - DPCC","11-02-2026 10:00:00",28.639652,77.146275,CO,44,113,90
India,Haryana,Jind,"Police Lines, Jind - HSPCB","11-02-2026 10:00:00",29.307814,76.337619,SO2,2,6,3
India,Haryana,Kaithal,"Rishi Nagar, Kaithal - HSPCB","11-02-2026 10:00:00",29.8006,76.4155,PM2.5,74,188,111
India,Haryana,Kaithal,"Rishi Nagar, Kaithal - HSPCB","11-02-2026 10:00:00",29.8006,76.4155,PM10,90,151,117
India,Haryana,Kaithal,"Rishi Nagar, Kaithal - HSPCB","11-02-2026 10:00:00",29.8006,76.4155,SO2,28,34,31
India,Haryana,Karnal,"Sector-12, Karnal - HSPCB","11-02-2026 10:00:00",29.695300,77.002700,PM2.5,141,325,239
India,Haryana,Karnal,"Sector-12, Karnal - HSPCB","11-02-2026 10:00:00",29.695300,77.002700,PM10,118,217,155
India,Haryana,Karnal,"Sector-12, Karnal - HSPCB","11-02-2026 10:00:00",29.695300,77.002700,SO2,6,6,6
India,Haryana,Karnal,"Sector-12, Karnal - HSPCB","11-02-2026 10:00:00",29.695300,77.002700,CO,30,53,36
India,Haryana,Karnal,"Sector-12, Karnal - HSPCB","11-02-2026 10:00:00",29.695300,77.002700,OZONE,31,31,31
India,Haryana,Kurukshetra,"Sector-7, Kurukshetra - HSPCB","11-02-2026 10:00:00",29.966942,76.875879,PM2.5,144,319,232
India,Haryana,Kurukshetra,"Sector-7, Kurukshetra - HSPCB","11-02-2026 10:00:00",29.966942,76.875879,NO2,16,22,19
India,Haryana,Mandikhera,"General Hospital, Mandikhera(Nuh) - HSPCB","11-02-2026 10:00:00",27.9002,76.9938,PM2.5,79,188,117
India,Haryana,Mandikhera,"General Hospital, Mandikhera(Nuh) - HSPCB","11-02-2026 10:00:00",27.9002,76.9938,SO2,31,37,34
India,Haryana,Mandikhera,"General Hospital, Mandikhera(Nuh) - HSPCB","11-02-2026 10:00:00",27.9002,76.9938,CO,60,92,75
India,Haryana,Manesar,"Sector-2 IMT, Manesar - HSPCB","11-02-2026 10:00:00",28.360699,76.936090,PM2.5,94,338,235
India,Delhi,Delhi,"R K Puram, Delhi - DPCC","11-02-2026 10:00:00",28.563262,77.186937,OZONE,8,110,10
India,Delhi,Delhi,"Rohini, Delhi - DPCC","11-02-2026 10:00:00",28.732528,77.119920,PM10,133,500,341
India,Delhi,Delhi,"Rohini, Delhi - DPCC","11-02-2026 10:00:00",28.732528,77.119920,NH3,12,24,17
India,Delhi,Delhi,"Rohini, Delhi - DPCC","11-02-2026 10:00:00",28.732528,77.119920,CO,26,129,73
India,Delhi,Delhi,"Shadipur, Delhi - CPCB","11-02-2026 10:00:00",28.6514781,77.1473105,SO2,7,21,14
India,Delhi,Delhi,"Shadipur, Delhi - CPCB","11-02-2026 10:00:00",28.6514781,77.1473105,OZONE,8,57,13
India,Delhi,Delhi,"Sirifort, Delhi - CPCB","11-02-2026 10:00:00",28.5504249,77.2159377,PM2.5,107,411,286
India,Delhi,Delhi,"Sirifort, Delhi - CPCB","11-02-2026 10:00:00",28.5504249,77.2159377,NH3,5,8,7
India,Delhi,Delhi,"Sirifort, Delhi - CPCB","11-02-2026 10:00:00",28.5504249,77.2159377,SO2,27,41,35
India,Delhi,Delhi,"Sonia Vihar, Delhi - DPCC","11-02-2026 10:00:00",28.710508,77.249485,NH3,7,9,8
India,Delhi,Delhi,"Sonia Vihar, Delhi - DPCC","11-02-2026 10:00:00",28.710508,77.249485,SO2,33,58,47
India,Delhi,Delhi,"Sonia Vihar, Delhi - DPCC","11-02-2026 10:00:00",28.710508,77.249485,OZONE,1,280,3
India,Delhi,Delhi,"Sri Aurobindo Marg, Delhi - DPCC","11-02-2026 10:00:00",28.531346,77.190156,SO2,7,14,10
India,Delhi,Delhi,"Sri Aurobindo Marg, Delhi - DPCC","11-02-2026 10:00:00",28.531346,77.190156,OZONE,1,105,6
India,Delhi,Delhi,"Vivek Vihar, Delhi - DPCC","11-02-2026 10:00:00",28.672342,77.315260,PM2.5,222,500,355
India,Gujarat,Ahmedabad,"Rakhial, Ahmedabad - IITM","11-02-2026 10:00:00",23.016834,72.625775,CO,4,86,86
India,Gujarat,Ahmedabad,"SAC ISRO Bopal, Ahmedabad - IITM","11-02-2026 10:00:00",23.041137,72.456691,PM10,67,167,110
India,Gujarat,Ahmedabad,"SAC ISRO Bopal, Ahmedabad - IITM","11-02-2026 10:00:00",23.041137,72.456691,NO2,11,59,35
India,Gujarat,Ahmedabad,"SAC ISRO Bopal, Ahmedabad - IITM","11-02-2026 10:00:00",23.041137,72.456691,NH3,8,19,13
India,Gujarat,Ahmedabad,"SAC ISRO Bopal, Ahmedabad - IITM","11-02-2026 10:00:00",23.041137,72.456691,CO,10,43,37
India,Gujarat,Ahmedabad,"SAC ISRO Bopal, Ahmedabad - IITM","11-02-2026 10:00:00",23.041137,72.456691,OZONE,1,58,3
India,Gujarat,Ahmedabad,"SVPI Airport Hansol, Ahmedabad - IITM","11-02-2026 10:00:00",23.076793,72.627874,NO2,13,100,54
India,Gujarat,Ahmedabad,"SVPI Airport Hansol, Ahmedabad - IITM","11-02-2026 10:00:00",23.076793,72.627874,SO2,2,12,5
India,Gujarat,Ankleshwar,"GIDC, Ankleshwar - GPCB","11-02-2026 10:00:00",21.613267,73.010555,SO2,31,32,31
India,Gujarat,Bhavnagar,"Vidhyanagar, Bhavnagar - Nexteng Enviro","11-02-2026 10:00:00",21.755417,72.139056,PM2.5,17,83,42
India,Gujarat,Bhavnagar,"Vidhyanagar, Bhavnagar - Nexteng Enviro","11-02-2026 10:00:00",21.755417,72.139056,PM10,86,150,112
India,Gujarat,Bhavnagar,"Vidhyanagar, Bhavnagar - Nexteng Enviro","11-02-2026 10:00:00",21.755417,72.139056,CO,115,127,117
India,Delhi,Delhi,"Vivek Vihar, Delhi - DPCC","11-02-2026 10:00:00",28.672342,77.315260,NH3,7,10,8
India,Delhi,Delhi,"Vivek Vihar, Delhi - DPCC","11-02-2026 10:00:00",28.672342,77.315260,CO,18,138,60
India,Delhi,Delhi,"Wazirpur, Delhi - DPCC","11-02-2026 10:00:00",28.699793,77.165453,PM10,168,500,375
India,Gujarat,Ahmedabad,"Chandkheda, Ahmedabad - IITM","11-02-2026 10:00:00",23.107969,72.574648,PM10,89,180,124
India,Gujarat,Ahmedabad,"Chandkheda, Ahmedabad - IITM","11-02-2026 10:00:00",23.107969,72.574648,NH3,3,8,4
India,Gujarat,Ahmedabad,"Gyaspur, Ahmedabad - IITM","11-02-2026 10:00:00",22.977134,72.553024,PM2.5,50,80,60
India,Gujarat,Ahmedabad,"Gyaspur, Ahmedabad - IITM","11-02-2026 10:00:00",22.977134,72.553024,CO,14,46,31
India,Gujarat,Ahmedabad,"Raikhad, Ahmedabad - IITM","11-02-2026 10:00:00",23.020509,72.579261,PM10,106,159,133
India,Gujarat,Ahmedabad,"Raikhad, Ahmedabad - IITM","11-02-2026 10:00:00",23.020509,72.579261,NH3,12,32,18
India,Gujarat,Ahmedabad,"Rakhial, Ahmedabad - IITM","11-02-2026 10:00:00",23.016834,72.625775,PM2.5,47,115,78
India,Haryana,Bahadurgarh,"Arya Nagar, Bahadurgarh - HSPCB","11-02-2026 10:00:00",28.6701,76.9254,NO2,12,14,13
India,Haryana,Bahadurgarh,"Arya Nagar, Bahadurgarh - HSPCB","11-02-2026 10:00:00",28.6701,76.9254,OZONE,15,19,17
India,Haryana,Ballabgarh,"Nathu Colony, Ballabgarh - HSPCB","11-02-2026 10:00:00",28.3419248,77.319699,PM2.5,77,326,234
India,Haryana,Ballabgarh,"Nathu Colony, Ballabgarh - HSPCB","11-02-2026 10:00:00",28.3419248,77.319699,PM10,NA,NA,NA
India,Haryana,Bhiwani,"H.B. Colony, Bhiwani - HSPCB","11-02-2026 10:00:00",28.806223,76.141105,NO2,1,34,31
India,Haryana,Dharuhera,"Municipal Corporation Office, Dharuhera -  HSPCB","11-02-2026 10:00:00",28.206800,76.799700,OZONE,4,31,6
India,Haryana,Faridabad,"Sector 11, Faridabad - HSPCB","11-02-2026 10:00:00",28.376058,77.315741,NO2,30,33,31
India,Haryana,Faridabad,"Sector 11, Faridabad - HSPCB","11-02-2026 10:00:00",28.376058,77.315741,NH3,10,10,10
India,Haryana,Faridabad,"Sector 30, Faridabad - HSPCB","11-02-2026 10:00:00",28.4417,77.3217,PM10,103,123,109
India,Haryana,Faridabad,"Sector 30, Faridabad - HSPCB","11-02-2026 10:00:00",28.4417,77.3217,SO2,6,6,6
India,Haryana,Fatehabad,"Huda Sector, Fatehabad - HSPCB","11-02-2026 10:00:00",29.503664,75.467934,PM10,59,108,73
India,Haryana,Fatehabad,"Huda Sector, Fatehabad - HSPCB","11-02-2026 10:00:00",29.503664,75.467934,NO2,17,20,19
India,Gujarat,Gandhinagar,"GIFT City, Gandhinagar - IITM","11-02-2026 10:00:00",23.163798,72.677768,PM10,102,164,130
India,Gujarat,Gandhinagar,"IIPHG Lekawada, Gandhinagar - IITM","11-02-2026 10:00:00",23.243639,72.68994,PM10,68,137,106
India,Gujarat,Gandhinagar,"IIPHG Lekawada, Gandhinagar - IITM","11-02-2026 10:00:00",23.243639,72.68994,SO2,9,16,12
India,Gujarat,Gandhinagar,"Sector-10, Gandhinagar - GPCB","11-02-2026 10:00:00",23.221714,72.654328,NO2,32,59,42
India,Gujarat,Vapi,"Phase-1 GIDC, Vapi - GPCB","11-02-2026 10:00:00",20.362421,72.918013,NH3,4,5,5
India,Gujarat,Vatva,"Phase-4 GIDC, Vatva - GPCB","11-02-2026 10:00:00",22.969611,72.643500,NO2,87,123,104
India,Gujarat,Vatva,"Phase-4 GIDC, Vatva - GPCB","11-02-2026 10:00:00",22.969611,72.643500,SO2,66,72,69
India,Haryana,Hisar,"Urban Estate-II, Hisar - HSPCB","11-02-2026 10:00:00",29.140560,75.744941,SO2,5,16,10
India,Haryana,Jind,"Police Lines, Jind - HSPCB","11-02-2026 10:00:00",29.307814,76.337619,PM2.5,163,303,211
India,Karnataka,Bengaluru,"Kasturi Nagar, Bengaluru - KSPCB","11-02-2026 10:00:00",13.003872,77.664217,OZONE,25,29,25
India,Karnataka,Bengaluru,"Peenya, Bengaluru - CPCB","11-02-2026 10:00:00",13.0270199,77.494094,NO2,21,33,26
India,Karnataka,Bengaluru,"Peenya, Bengaluru - CPCB","11-02-2026 10:00:00",13.0270199,77.494094,NH3,3,5,4
India,Karnataka,Bengaluru,"Peenya, Bengaluru - CPCB","11-02-2026 10:00:00",13.0270199,77.494094,OZONE,20,21,21
India,Karnataka,Bengaluru,"RVCE-Mailasandra, Bengaluru - KSPCB","11-02-2026 10:00:00",12.921418,77.502466,PM10,86,182,126
India,Karnataka,Bengaluru,"RVCE-Mailasandra, Bengaluru - KSPCB","11-02-2026 10:00:00",12.921418,77.502466,NH3,3,4,4
India,Karnataka,Bengaluru,"RVCE-Mailasandra, Bengaluru - KSPCB","11-02-2026 10:00:00",12.921418,77.502466,SO2,5,6,6
India,Karnataka,Bengaluru,"RVCE-Mailasandra, Bengaluru - KSPCB","11-02-2026 10:00:00",12.921418,77.502466,CO,1,29,14
India,Karnataka,Bengaluru,"RVCE-Mailasandra, Bengaluru - KSPCB","11-02-2026 10:00:00",12.921418,77.502466,OZONE,22,25,23
India,Karnataka,Bengaluru,"Sanegurava Halli, Bengaluru - KSPCB","11-02-2026 10:00:00",12.990328,77.5431385,PM10,50,53,51
India,Karnataka,Bengaluru,"Shivapura_Peenya, Bengaluru - KSPCB","11-02-2026 10:00:00",13.0246342,77.5080115,PM2.5,25,26,25
India,Karnataka,Bengaluru,"Shivapura_Peenya, Bengaluru - KSPCB","11-02-2026 10:00:00",13.0246342,77.5080115,NO2,17,19,18
India,Karnataka,Bengaluru,"Shivapura_Peenya, Bengaluru - KSPCB","11-02-2026 10:00:00",13.0246342,77.5080115,OZONE,26,27,26
India,Karnataka,Bengaluru,"Silk Board, Bengaluru - KSPCB","11-02-2026 10:00:00",12.917348,77.622813,SO2,7,13,9
India,Karnataka,Hubballi,"Lingaraj Nagar, Hubballi - KSPCB","11-02-2026 10:00:00",15.3714823,75.1160168,NH3,1,2,1
India,Karnataka,Hubballi,"Lingaraj Nagar, Hubballi - KSPCB","11-02-2026 10:00:00",15.3714823,75.1160168,SO2,2,4,3
India,Karnataka,Hubballi,"Lingaraj Nagar, Hubballi - KSPCB","11-02-2026 10:00:00",15.3714823,75.1160168,OZONE,12,39,18
India,Karnataka,Kalaburagi,"Mahatma Basaveswar Colony, Kalaburgi - KSPCB","11-02-2026 10:00:00",17.336318,76.847397,CO,34,46,40
India,Karnataka,Madikeri,"Stuart Hill, Madikeri - KSPCB","11-02-2026 10:00:00",12.415911,75.735050,PM10,43,62,52
India,Karnataka,Madikeri,"Stuart Hill, Madikeri - KSPCB","11-02-2026 10:00:00",12.415911,75.735050,OZONE,2,5,3
India,Karnataka,Mangalore,"Kadri, Mangalore - KSPCB","11-02-2026 10:00:00",12.889250,74.853000,PM2.5,NA,NA,NA
India,Karnataka,Mysuru,"Hebbal 1st Stage, Mysuru - KSPCB","11-02-2026 10:00:00",12.21041,76.37376,CO,18,108,36
India,Jharkhand,Dhanbad,"Sardar Patel Nagar, Dhanbad - JSPCB","11-02-2026 10:00:00",23.80569,86.44268,NO2,50,90,53
India,Jharkhand,Dhanbad,"Sardar Patel Nagar, Dhanbad - JSPCB","11-02-2026 10:00:00",23.80569,86.44268,SO2,NA,NA,NA
India,Karnataka,Bagalkot,"Vidayagiri, Bagalkot - KSPCB","11-02-2026 10:00:00",16.172806,75.659694,OZONE,12,12,12
India,Karnataka,Bengaluru,"BTM Layout, Bengaluru - CPCB","11-02-2026 10:00:00",12.9135218,77.5950804,PM10,94,96,95
India,Karnataka,Bengaluru,"BTM Layout, Bengaluru - CPCB","11-02-2026 10:00:00",12.9135218,77.5950804,OZONE,22,23,23
India,Karnataka,Bengaluru,"BWSSB Kadabesanahalli, Bengaluru - CPCB","11-02-2026 10:00:00",12.9352049,77.6814488,CO,37,38,38
India,Karnataka,Bengaluru,"Bapuji Nagar, Bengaluru - KSPCB","11-02-2026 10:00:00",12.951913,77.539784,NH3,NA,NA,NA
India,Karnataka,Chamarajanagar,"Urban, Chamarajanagar - KSPCB","11-02-2026 10:00:00",11.55358,76.55521,NH3,1,2,2
India,Karnataka,Chikkaballapur,"Chikkaballapur Rural, Chikkaballapur - KSPCB","11-02-2026 10:00:00",13.428828,77.731418,PM2.5,NA,NA,NA
India,Karnataka,Chikkaballapur,"Chikkaballapur Rural, Chikkaballapur - KSPCB","11-02-2026 10:00:00",13.428828,77.731418,NH3,4,7,6
India,Karnataka,Chikkamagaluru,"Kalyana Nagara, Chikkamagaluru - KSPCB","11-02-2026 10:00:00",13.328028,75.797056,NO2,20,28,23
India,Karnataka,Dharwad,"Kalabhavan, Dharwad - KSPCB","11-02-2026 10:00:00",15.459706,75.008381,SO2,7,10,9
India,Karnataka,Dharwad,"Kalabhavan, Dharwad - KSPCB","11-02-2026 10:00:00",15.459706,75.008381,CO,46,109,60
India,Karnataka,Shivamogga,"Vinoba Nagara, Shivamogga - KSPCB","11-02-2026 10:00:00",13.940000,75.555917,PM10,45,71,48
India,Karnataka,Shivamogga,"Vinoba Nagara, Shivamogga - KSPCB","11-02-2026 10:00:00",13.940000,75.555917,OZONE,13,81,26
India,Karnataka,Tumakuru,"Thimmalapura, Tumakuru - KSPCB","11-02-2026 10:00:00",13.377516,77.099072,SO2,26,27,26
India,Karnataka,Vijayapura,"Ibrahimpur, Vijayapura - KSPCB","11-02-2026 10:00:00",16.802639,75.722694,PM10,61,63,62
India,Kerala,Eloor,"Udyogamandal, Eloor - Kerala PCB","11-02-2026 10:00:00",10.073232,76.302765,PM10,72,108,93
India,Kerala,Eloor,"Udyogamandal, Eloor - Kerala PCB","11-02-2026 10:00:00",10.073232,76.302765,SO2,1,1,1
India,Karnataka,Bengaluru,"City Railway Station, Bengaluru - KSPCB","11-02-2026 10:00:00",12.9756843,77.5660749,CO,71,80,76
India,Karnataka,Bengaluru,"Hebbal, Bengaluru - KSPCB","11-02-2026 10:00:00",13.029152,77.585901,NO2,39,50,46
India,Karnataka,Bengaluru,"Jayanagar 5th Block, Bengaluru - KSPCB","11-02-2026 10:00:00",12.920984,77.584908,NO2,8,59,30
India,Karnataka,Bengaluru,"Jayanagar 5th Block, Bengaluru - KSPCB","11-02-2026 10:00:00",12.920984,77.584908,SO2,5,15,9
India,Karnataka,Bengaluru,"Jayanagar 5th Block, Bengaluru - KSPCB","11-02-2026 10:00:00",12.920984,77.584908,CO,9,60,22
India,Karnataka,Bengaluru,"Kasturi Nagar, Bengaluru - KSPCB","11-02-2026 10:00:00",13.003872,77.664217,NH3,4,5,5
India,Haryana,"Yamuna Nagar","Gobind Pura, Yamuna Nagar - HSPCB","11-02-2026 10:00:00",30.1480566,77.2893471,NH3,NA,NA,NA
India,Haryana,"Yamuna Nagar","Gobind Pura, Yamuna Nagar - HSPCB","11-02-2026 10:00:00",30.1480566,77.2893471,OZONE,NA,NA,NA
India,Jammu_and_Kashmir,Srinagar,"Khunmoh, Srinagar - JKPCC","11-02-2026 10:00:00",34.06313,74.96017,SO2,3,4,3
India,Jammu_and_Kashmir,Srinagar,"Rajbagh, Srinagar - JKPCC","11-02-2026 10:00:00",34.066206,74.819820,OZONE,NA,NA,NA
India,Jharkhand,Dhanbad,"Sardar Patel Nagar, Dhanbad - JSPCB","11-02-2026 10:00:00",23.80569,86.44268,PM2.5,NA,NA,NA
India,Haryana,Rohtak,"MD University, Rohtak - HSPCB","11-02-2026 10:00:00",28.52123,76.37138,CO,31,40,35
India,Haryana,Sirsa,"F-Block, Sirsa - HSPCB","11-02-2026 10:00:00",29.536400,75.015800,NO2,NA,NA,NA
India,Haryana,Sirsa,"F-Block, Sirsa - HSPCB","11-02-2026 10:00:00",29.536400,75.015800,NH3,NA,NA,NA
India,Haryana,Sonipat,"Murthal, Sonipat - HSPCB","11-02-2026 10:00:00",29.027200,77.062100,SO2,3,9,7
India,Haryana,Manesar,"Sector-2 IMT, Manesar - HSPCB","11-02-2026 10:00:00",28.360699,76.936090,CO,12,48,30
India,Haryana,Panchgaon,"Amity University, Panchgaon - IITM","11-02-2026 10:00:00",28.3153,76.9143,PM2.5,5,363,62
India,Maharashtra,Amravati,"Shri Shivaji Science College, Amravati - MPCB","11-02-2026 10:00:00",20.939198,77.765701,CO,27,72,37
India,Maharashtra,Amravati,"Shri Shivaji Science College, Amravati - MPCB","11-02-2026 10:00:00",20.939198,77.765701,OZONE,21,83,46
India,Maharashtra,Aurangabad,"MIDC Chilkalthana, Aurangabad - MPCB","11-02-2026 10:00:00",19.875620,75.387310,PM2.5,60,170,101
India,Maharashtra,Aurangabad,"MIDC Chilkalthana, Aurangabad - MPCB","11-02-2026 10:00:00",19.875620,75.387310,PM10,56,172,101
India,Maharashtra,Aurangabad,"More Chowk Waluj, Aurangabad - MPCB","11-02-2026 10:00:00",19.8389439,75.244448,SO2,16,25,18
India,Maharashtra,Aurangabad,"More Chowk Waluj, Aurangabad - MPCB","11-02-2026 10:00:00",19.8389439,75.244448,OZONE,2,115,31
India,Maharashtra,Aurangabad,"Rachnakar Colony, Aurangabad - MPCB","11-02-2026 10:00:00",19.863756,75.321188,PM10,83,437,138
India,Maharashtra,Aurangabad,"Rachnakar Colony, Aurangabad - MPCB","11-02-2026 10:00:00",19.863756,75.321188,NH3,1,3,2
India,Maharashtra,Aurangabad,"Rachnakar Colony, Aurangabad - MPCB","11-02-2026 10:00:00",19.863756,75.321188,SO2,5,17,11
India,Maharashtra,Aurangabad,"Rachnakar Colony, Aurangabad - MPCB","11-02-2026 10:00:00",19.863756,75.321188,CO,30,102,38
India,Maharashtra,Badlapur,"Katrap, Badlapur - MPCB","11-02-2026 10:00:00",19.16485,73.23409,PM10,91,187,130
India,Maharashtra,Badlapur,"Katrap, Badlapur - MPCB","11-02-2026 10:00:00",19.16485,73.23409,SO2,5,18,10
India,Maharashtra,Belapur,"CBD Belapur, Belapur - MPCB","11-02-2026 10:00:00",19.0243902,73.0406721,SO2,20,32,24
India,Kerala,Kannur,"Thavakkara, Kannur - Kerala PCB","11-02-2026 10:00:00",11.875000,75.373200,PM10,72,96,75
India,Kerala,Kannur,"Thavakkara, Kannur - Kerala PCB","11-02-2026 10:00:00",11.875000,75.373200,NO2,15,16,15
India,Kerala,Kannur,"Thavakkara, Kannur - Kerala PCB","11-02-2026 10:00:00",11.875000,75.373200,SO2,3,4,3
India,Kerala,Kannur,"Thavakkara, Kannur - Kerala PCB","11-02-2026 10:00:00",11.875000,75.373200,OZONE,28,32,28
India,Kerala,Kollam,"Polayathode, Kollam - Kerala PCB","11-02-2026 10:00:00",8.8787,76.6073,PM10,72,111,81
India,Kerala,Thiruvananthapuram,"Kariavattom, Thiruvananthapuram - Kerala PCB","11-02-2026 10:00:00",8.563700,76.886500,NO2,6,9,8
India,Kerala,Thiruvananthapuram,"Plammoodu, Thiruvananthapuram - Kerala PCB","11-02-2026 10:00:00",8.5149093,76.9435879,OZONE,12,78,46
India,Kerala,Thrissur,"Corporation Ground, Thrissur - Kerala PCB","11-02-2026 10:00:00",10.532400,76.215900,NO2,7,8,7
India,Kerala,Thrissur,"Corporation Ground, Thrissur - Kerala PCB","11-02-2026 10:00:00",10.532400,76.215900,OZONE,29,30,29
India,"Madhya Pradesh",Bhopal,"Idgah Hills, Bhopal - MPPCB","11-02-2026 10:00:00",23.264759,77.381568,PM10,83,154,127
India,"Madhya Pradesh",Bhopal,"Idgah Hills, Bhopal - MPPCB","11-02-2026 10:00:00",23.264759,77.381568,CO,26,70,34
India,"Madhya Pradesh",Satna,"Bandhavgar Colony, Satna - Birla Cement","11-02-2026 10:00:00",24.58434363,80.8549414,OZONE,NA,NA,NA
India,"Madhya Pradesh",Singrauli,"Suryakiran Bhawan NCL, Singrauli - MPPCB","11-02-2026 10:00:00",24.108970,82.645580,PM2.5,60,338,182
India,"Madhya Pradesh",Singrauli,"Suryakiran Bhawan NCL, Singrauli - MPPCB","11-02-2026 10:00:00",24.108970,82.645580,NO2,3,27,13
India,"Madhya Pradesh",Singrauli,"Suryakiran Bhawan NCL, Singrauli - MPPCB","11-02-2026 10:00:00",24.108970,82.645580,SO2,44,110,68
India,"Madhya Pradesh",Ujjain,"Mahashweta Nagar, Ujjain - MPPCB","11-02-2026 10:00:00",23.1633321,75.800225,SO2,3,13,8
India,Maharashtra,Ahmednagar,"Tarakpur, Ahmednagar - MPCB","11-02-2026 10:00:00",19.10122,74.73339,PM10,NA,NA,NA
India,Maharashtra,Akola,"Ramdaspeth, Akola - MPCB","11-02-2026 10:00:00",20.719516,77.000253,CO,17,50,19
India,Maharashtra,Amravati,"Shivneri Colony, Amravati - MPCB","11-02-2026 10:00:00",20.9402359,77.7895248,NO2,NA,NA,NA
India,Maharashtra,Amravati,"Shivneri Colony, Amravati - MPCB","11-02-2026 10:00:00",20.9402359,77.7895248,NH3,NA,NA,NA
India,Maharashtra,Amravati,"Shivneri Colony, Amravati - MPCB","11-02-2026 10:00:00",20.9402359,77.7895248,CO,NA,NA,NA
India,Maharashtra,Belapur,"CBD Belapur, Belapur - MPCB","11-02-2026 10:00:00",19.0243902,73.0406721,OZONE,1,84,13
India,Maharashtra,Bhiwandi,"Gokul Nagar, Bhiwandi - MPCB","11-02-2026 10:00:00",19.309073,73.057223,OZONE,13,97,17
India,Maharashtra,Boisar,"Khaira, Boisar - MPCB","11-02-2026 10:00:00",19.786089,72.757971,CO,14,54,26
India,Maharashtra,Boisar,"Khaira, Boisar - MPCB","11-02-2026 10:00:00",19.786089,72.757971,OZONE,15,140,27
India,Maharashtra,Chandrapur,"Chauhan Colony, Chandrapur - MPCB","11-02-2026 10:00:00",19.962900,79.298714,PM10,46,165,110
India,Maharashtra,Chandrapur,"Chauhan Colony, Chandrapur - MPCB","11-02-2026 10:00:00",19.962900,79.298714,OZONE,25,26,26
India,Maharashtra,Chandrapur,"MIDC Khutala, Chandrapur - MPCB","11-02-2026 10:00:00",19.9775302,79.2337086,OZONE,17,19,18
India,Maharashtra,Dhule,"Deopur, Dhule - MPCB","11-02-2026 10:00:00",20.918946,74.776388,NO2,11,27,17
India,Maharashtra,Dhule,"Deopur, Dhule - MPCB","11-02-2026 10:00:00",20.918946,74.776388,SO2,1,13,6
India,"Madhya Pradesh",Bhopal,"Paryavaran Parisar, Bhopal - MPPCB","11-02-2026 10:00:00",23.210494,77.425409,NH3,18,31,24
India,"Madhya Pradesh",Bhopal,"Paryavaran Parisar, Bhopal - MPPCB","11-02-2026 10:00:00",23.210494,77.425409,SO2,4,18,11
India,"Madhya Pradesh",Bhopal,"T T Nagar, Bhopal - MPPCB","11-02-2026 10:00:00",23.233584,77.400574,PM10,102,285,141
India,"Madhya Pradesh",Bhopal,"T T Nagar, Bhopal - MPPCB","11-02-2026 10:00:00",23.233584,77.400574,NH3,6,7,7
India,"Madhya Pradesh",Damoh,"Shrivastav Colony, Damoh - MPPCB","11-02-2026 10:00:00",23.81748678,79.446246,PM2.5,NA,NA,NA
India,"Madhya Pradesh",Damoh,"Shrivastav Colony, Damoh - MPPCB","11-02-2026 10:00:00",23.81748678,79.446246,PM10,11,44,22
India,"Madhya Pradesh",Damoh,"Shrivastav Colony, Damoh - MPPCB","11-02-2026 10:00:00",23.81748678,79.446246,CO,NA,NA,NA
India,"Madhya Pradesh",Gwalior,"City Center, Gwalior - MPPCB","11-02-2026 10:00:00",26.203442,78.193251,SO2,14,22,17
India,"Madhya Pradesh",Gwalior,"Deen Dayal Nagar, Gwalior - MPPCB","11-02-2026 10:00:00",26.259242,78.216432,PM2.5,29,208,93
India,"Madhya Pradesh",Indore,"Residency Area, Indore - IMC","11-02-2026 10:00:00",22.7084,75.8815,NO2,20,37,28
India,"Madhya Pradesh",Jabalpur,"Govindh Bhavan Colony, Jabalpur - JMC","11-02-2026 10:00:00",23.163174,79.973061,PM10,40,127,61
India,"Madhya Pradesh",Jabalpur,"Govindh Bhavan Colony, Jabalpur - JMC","11-02-2026 10:00:00",23.163174,79.973061,NH3,2,2,2
India,"Madhya Pradesh",Jabalpur,"Govindh Bhavan Colony, Jabalpur - JMC","11-02-2026 10:00:00",23.163174,79.973061,SO2,4,7,5
India,"Madhya Pradesh",Jabalpur,"Gupteshwar, Jabalpur - JMC","11-02-2026 10:00:00",23.142888,79.916147,PM2.5,28,104,64
India,"Madhya Pradesh",Jabalpur,"Gupteshwar, Jabalpur - JMC","11-02-2026 10:00:00",23.142888,79.916147,SO2,15,24,19
India,"Madhya Pradesh",Jabalpur,"Marhatal, Jabalpur - MPPCB","11-02-2026 10:00:00",23.168606,79.932247,PM10,62,174,105
India,"Madhya Pradesh",Jabalpur,"Marhatal, Jabalpur - MPPCB","11-02-2026 10:00:00",23.168606,79.932247,NO2,16,60,31
India,"Madhya Pradesh",Jabalpur,"Marhatal, Jabalpur - MPPCB","11-02-2026 10:00:00",23.168606,79.932247,CO,76,130,95
India,Maharashtra,Jalna,"Old MIDC, Jalna - MPCB","11-02-2026 10:00:00",19.854616,75.905894,PM2.5,NA,NA,NA
India,Maharashtra,Jalna,"Old MIDC, Jalna - MPCB","11-02-2026 10:00:00",19.854616,75.905894,OZONE,NA,NA,NA
India,Maharashtra,Kalyan,"Khadakpada, Kalyan - MPCB","11-02-2026 10:00:00",19.25292,73.142019,PM10,53,112,82
India,Maharashtra,Kalyan,"Pimpleshwar Mandir, Kalyan - MPCB","11-02-2026 10:00:00",19.192056,72.9585188,OZONE,3,26,15
India,Maharashtra,Kolhapur,"Shivaji University, Kolhapur - MPCB","11-02-2026 10:00:00",16.6870449,74.2505872,CO,9,44,33
India,Maharashtra,Kolhapur,"Sinchan Bhavan, Kolhapur - MPCB","11-02-2026 10:00:00",16.7143745,74.2426398,OZONE,2,53,12
India,Maharashtra,Latur,"Sawe Wadi, Latur - MPCB","11-02-2026 10:00:00",18.39963,76.57452,PM10,55,101,81
India,"Madhya Pradesh",Gwalior,"Deen Dayal Nagar, Gwalior - MPPCB","11-02-2026 10:00:00",26.259242,78.216432,NH3,8,15,11
India,"Madhya Pradesh",Gwalior,"Deen Dayal Nagar, Gwalior - MPPCB","11-02-2026 10:00:00",26.259242,78.216432,OZONE,39,122,58
India,"Madhya Pradesh",Indore,"Airport Area, Indore - IMC","11-02-2026 10:00:00",22.7289,75.8076,NO2,43,84,64
India,"Madhya Pradesh",Indore,"Airport Area, Indore - IMC","11-02-2026 10:00:00",22.7289,75.8076,CO,2,20,13
India,"Madhya Pradesh",Indore,"Chhoti Gwaltoli, Indore - MPPCB","11-02-2026 10:00:00",22.4310,75.5213,NH3,9,15,13
India,"Madhya Pradesh",Indore,"Chhoti Gwaltoli, Indore - MPPCB","11-02-2026 10:00:00",22.4310,75.5213,CO,44,121,88
India,"Madhya Pradesh",Indore,"Maguda Nagar, Indore - IMC","11-02-2026 10:00:00",22.7524,75.8872,OZONE,19,22,19
India,"Madhya Pradesh",Katni,"Gole Bazar, Katni - MPPCB","11-02-2026 10:00:00",23.50016,80.23284,OZONE,34,119,61
India,"Madhya Pradesh",Mandideep,"Sector-D Industrial Area, Mandideep - MPPCB","11-02-2026 10:00:00",23.108440,77.511428,NO2,74,187,125
India,"Madhya Pradesh",Mandideep,"Sector-D Industrial Area, Mandideep - MPPCB","11-02-2026 10:00:00",23.108440,77.511428,SO2,1,32,16
India,"Madhya Pradesh",Pithampur,"Sector-2 Industrial Area, Pithampur - MPPCB","11-02-2026 10:00:00",22.624758,75.675238,PM10,105,371,197
India,"Madhya Pradesh",Pithampur,"Sector-2 Industrial Area, Pithampur - MPPCB","11-02-2026 10:00:00",22.624758,75.675238,NO2,34,50,42
India,"Madhya Pradesh",Pithampur,"Sector-2 Industrial Area, Pithampur - MPPCB","11-02-2026 10:00:00",22.624758,75.675238,CO,15,56,26
India,Maharashtra,Nanded,"Sneh Nagar, Nanded - MPCB","11-02-2026 10:00:00",19.173852,77.296291,OZONE,33,198,45
India,Maharashtra,Nashik,"Gangapur Road, Nashik - MPCB","11-02-2026 10:00:00",20.0073285,73.7762427,PM10,65,143,102
India,Maharashtra,Nashik,"Gangapur Road, Nashik - MPCB","11-02-2026 10:00:00",20.0073285,73.7762427,SO2,1,8,3
India,Maharashtra,Nashik,"Hirawadi, Nashik - MPCB","11-02-2026 10:00:00",20.021503,73.813844,PM2.5,65,176,96
India,Maharashtra,Nashik,"Hirawadi, Nashik - MPCB","11-02-2026 10:00:00",20.021503,73.813844,PM10,64,160,94
India,Maharashtra,Nashik,"MIDC Ambad, Nashik - MPCB","11-02-2026 10:00:00",19.950220,73.731480,PM10,67,147,103
India,Maharashtra,Nashik,"MIDC Ambad, Nashik - MPCB","11-02-2026 10:00:00",19.950220,73.731480,NH3,2,4,4
India,Maharashtra,"Navi Mumbai","Kopripada-Vashi, Navi Mumbai - MPCB","11-02-2026 10:00:00",19.090337,73.014232,PM10,80,128,106
India,Maharashtra,"Navi Mumbai","Kopripada-Vashi, Navi Mumbai - MPCB","11-02-2026 10:00:00",19.090337,73.014232,NO2,22,78,43
India,Maharashtra,"Navi Mumbai","Kopripada-Vashi, Navi Mumbai - MPCB","11-02-2026 10:00:00",19.090337,73.014232,CO,24,78,27
India,Maharashtra,"Navi Mumbai","Mahape, Navi Mumbai - MPCB","11-02-2026 10:00:00",19.1135051,73.008978,PM10,108,167,126
India,Maharashtra,Mumbai,"Borivali East, Mumbai - IITM","11-02-2026 10:00:00",19.23241,72.86895,PM10,106,147,123
India,Maharashtra,Mumbai,"Borivali East, Mumbai - IITM","11-02-2026 10:00:00",19.23241,72.86895,CO,78,94,83
India,Maharashtra,Mumbai,"Borivali East, Mumbai - IITM","11-02-2026 10:00:00",19.23241,72.86895,OZONE,17,63,30
India,Maharashtra,Mumbai,"Borivali East, Mumbai - MPCB","11-02-2026 10:00:00",19.2243333,72.8658113,PM2.5,41,56,51
India,Maharashtra,Mumbai,"Borivali East, Mumbai - MPCB","11-02-2026 10:00:00",19.2243333,72.8658113,NH3,1,8,5
India,Maharashtra,Mumbai,"Byculla, Mumbai - BMC","11-02-2026 10:00:00",18.9767,72.8380,PM10,80,117,94
India,Maharashtra,Mumbai,"Chakala-Andheri East, Mumbai - IITM","11-02-2026 10:00:00",19.11074,72.86084,PM2.5,108,200,164
India,Maharashtra,Mumbai,"Chhatrapati Shivaji Intl. Airport (T2), Mumbai - MPCB","11-02-2026 10:00:00",19.10078,72.87462,PM10,115,147,130
India,Maharashtra,Mumbai,"Chhatrapati Shivaji Intl. Airport (T2), Mumbai - MPCB","11-02-2026 10:00:00",19.10078,72.87462,SO2,19,24,21
India,Maharashtra,Mumbai,"Khindipada-Bhandup West, Mumbai - IITM","11-02-2026 10:00:00",19.1653323,72.922099,NH3,5,7,6
India,Maharashtra,Mumbai,"Khindipada-Bhandup West, Mumbai - IITM","11-02-2026 10:00:00",19.1653323,72.922099,CO,14,27,17
India,Maharashtra,Mumbai,"Kurla, Mumbai - MPCB","11-02-2026 10:00:00",19.0863,72.8888,SO2,36,37,37
India,Maharashtra,Mumbai,"Malad West, Mumbai - IITM","11-02-2026 10:00:00",19.19709,72.82204,PM10,111,175,127
India,Maharashtra,Mumbai,"Mazgaon, Mumbai - IITM","11-02-2026 10:00:00",18.96702,72.84214,PM2.5,76,199,112
India,Maharashtra,Mumbai,"Mazgaon, Mumbai - IITM","11-02-2026 10:00:00",18.96702,72.84214,NH3,12,18,15
India,Maharashtra,Mumbai,"Mazgaon, Mumbai - IITM","11-02-2026 10:00:00",18.96702,72.84214,OZONE,7,76,12
India,Maharashtra,Mumbai,"Mindspace-Malad West, Mumbai - MPCB","11-02-2026 10:00:00",19.1878657,72.8304069,SO2,23,39,30
India,Maharashtra,Mumbai,"Mulund West, Mumbai - MPCB","11-02-2026 10:00:00",19.1750,72.9419,PM10,NA,NA,NA
India,Maharashtra,Mumbai,"Vile Parle West, Mumbai - MPCB","11-02-2026 10:00:00",19.10861,72.83622,CO,21,24,22
India,Maharashtra,Nagpur,"Ambazari, Nagpur - MPCB","11-02-2026 10:00:00",21.121801,79.04952,NO2,13,111,43
India,Maharashtra,Nagpur,"Mahal, Nagpur - MPCB","11-02-2026 10:00:00",21.14472,79.107595,SO2,9,90,42
India,Maharashtra,Nagpur,"Mahal, Nagpur - MPCB","11-02-2026 10:00:00",21.14472,79.107595,OZONE,3,38,8
India,Maharashtra,Nagpur,"Opp GPO Civil Lines, Nagpur - MPCB","11-02-2026 10:00:00",21.152875,79.0517531,OZONE,2,62,8
India,Maharashtra,Nagpur,"Ram Nagar, Nagpur - MPCB","11-02-2026 10:00:00",21.143383,79.048912,SO2,11,103,32
India,Maharashtra,Nanded,"Sneh Nagar, Nanded - MPCB","11-02-2026 10:00:00",19.173852,77.296291,PM10,80,167,119
India,Maharashtra,Nanded,"Sneh Nagar, Nanded - MPCB","11-02-2026 10:00:00",19.173852,77.296291,CO,16,28,19
India,Maharashtra,Mumbai,"Colaba, Mumbai - MPCB","11-02-2026 10:00:00",18.910000,72.820000,SO2,NA,NA,NA
India,Maharashtra,Mumbai,"Colaba, Mumbai - MPCB","11-02-2026 10:00:00",18.910000,72.820000,CO,62,70,68
India,Maharashtra,Mumbai,"Deonar, Mumbai - IITM","11-02-2026 10:00:00",19.04946,72.9230,CO,24,94,40
India,Maharashtra,Mumbai,"Ghatkopar, Mumbai - BMC","11-02-2026 10:00:00",19.083694,72.920967,PM10,128,150,136
India,Maharashtra,Mumbai,"Kandivali East, Mumbai - MPCB","11-02-2026 10:00:00",19.205800,72.868200,OZONE,17,18,18
India,Maharashtra,Mumbai,"Kandivali West, Mumbai - BMC","11-02-2026 10:00:00",19.215859,72.831718,PM2.5,63,107,85
India,Maharashtra,Mumbai,"Kandivali West, Mumbai - BMC","11-02-2026 10:00:00",19.215859,72.831718,NH3,1,2,2
India,Maharashtra,Mira-Bhayandar,"Bhayandar West, Mira-Bhayandar - MPCB","11-02-2026 10:00:00",19.296481,72.840923,SO2,14,19,16
India,Maharashtra,Mumbai,"Bandra Kurla Complex, Mumbai - IITM","11-02-2026 10:00:00",19.053536,72.84643,PM2.5,NA,NA,NA
India,Maharashtra,Mumbai,"Bandra Kurla Complex, Mumbai - IITM","11-02-2026 10:00:00",19.053536,72.84643,PM10,NA,NA,NA
India,Maharashtra,Mumbai,"Bandra Kurla Complex, Mumbai - IITM","11-02-2026 10:00:00",19.053536,72.84643,NO2,NA,NA,NA
India,Maharashtra,Mumbai,"Bandra Kurla Complex, Mumbai - IITM","11-02-2026 10:00:00",19.053536,72.84643,NH3,NA,NA,NA
India,Maharashtra,Mumbai,"Bandra Kurla Complex, Mumbai - MPCB","11-02-2026 10:00:00",19.065931,72.862131,PM10,92,197,134
India,Maharashtra,Mumbai,"Bandra Kurla Complex, Mumbai - MPCB","11-02-2026 10:00:00",19.065931,72.862131,NH3,6,6,6
India,Maharashtra,Mumbai,"Navy Nagar-Colaba, Mumbai - IITM","11-02-2026 10:00:00",18.897756,72.813320,SO2,4,80,26
India,Maharashtra,Mumbai,"Shivaji Nagar, Mumbai - BMC","11-02-2026 10:00:00",19.060498,72.923356,NO2,16,16,16
India,Maharashtra,Mumbai,"Shivaji Nagar, Mumbai - BMC","11-02-2026 10:00:00",19.060498,72.923356,SO2,NA,NA,NA
India,Maharashtra,Mumbai,"Shivaji Nagar, Mumbai - BMC","11-02-2026 10:00:00",19.060498,72.923356,CO,NA,NA,NA
India,Maharashtra,Mumbai,"Shivaji Nagar, Mumbai - BMC","11-02-2026 10:00:00",19.060498,72.923356,OZONE,NA,NA,NA
India,Maharashtra,Mumbai,"Siddharth Nagar-Worli, Mumbai - IITM","11-02-2026 10:00:00",19.000083,72.813993,NO2,27,105,46
India,Maharashtra,Mumbai,"Sion, Mumbai - MPCB","11-02-2026 10:00:00",19.047000,72.874600,NO2,31,40,33
India,Maharashtra,"Navi Mumbai","Sanpada, Navi Mumbai - MPCB","11-02-2026 10:00:00",19.0575752,73.0151367,PM2.5,60,171,93
India,Maharashtra,"Navi Mumbai","Sector-2E Kalamboli, Navi Mumbai - MPCB","11-02-2026 10:00:00",19.02579,73.10297,CO,2,18,7
India,Maharashtra,"Navi Mumbai","Tondare-Taloja, Navi Mumbai - MPCB","11-02-2026 10:00:00",19.0630,73.1209,PM10,93,121,103
India,Maharashtra,Parbhani,"Masoom Colony, Parbhani - MPCB","11-02-2026 10:00:00",19.265594,76.761463,PM2.5,56,160,102
India,Maharashtra,Parbhani,"Masoom Colony, Parbhani - MPCB","11-02-2026 10:00:00",19.265594,76.761463,NH3,3,5,4
India,Maharashtra,Latur,"Sawe Wadi, Latur - MPCB","11-02-2026 10:00:00",18.39963,76.57452,OZONE,15,59,29
India,Maharashtra,Malegaon,"Mahesh Nagar, Malegaon - MPCB","11-02-2026 10:00:00",20.555712,74.529236,PM10,113,402,161
India,Odisha,Rourkela,"Fertilizer Township, Rourkela - OSPCB","11-02-2026 10:00:00",22.18972222,84.86277778,SO2,NA,NA,NA
India,Odisha,Rourkela,"Raghunathpali, Rourkela - OSPCB","11-02-2026 10:00:00",22.220833,84.809444,PM10,48,217,135
India,Odisha,Rourkela,"Raghunathpali, Rourkela - OSPCB","11-02-2026 10:00:00",22.220833,84.809444,NO2,15,31,16
India,Odisha,Talcher,"Talcher Coalfields,Talcher - OSPCB","11-02-2026 10:00:00",20.9360711,85.1707021,PM10,55,370,166
India,Odisha,Talcher,"Talcher Coalfields,Talcher - OSPCB","11-02-2026 10:00:00",20.9360711,85.1707021,NO2,27,73,52
India,Odisha,Talcher,"Talcher Coalfields,Talcher - OSPCB","11-02-2026 10:00:00",20.9360711,85.1707021,SO2,1,49,14
India,Odisha,Tensa,"Barsua Iron Ore Mines, Tensa - OSPCB","11-02-2026 10:00:00",21.869985,85.167016,NO2,29,90,63
India,Odisha,Tensa,"Barsua Iron Ore Mines, Tensa - OSPCB","11-02-2026 10:00:00",21.869985,85.167016,CO,26,48,30
India,Odisha,Tensa,"Barsua Iron Ore Mines, Tensa - OSPCB","11-02-2026 10:00:00",21.869985,85.167016,OZONE,13,83,16
India,Puducherry,Puducherry,"Jawahar Nagar, Puducherry - PPCC","11-02-2026 10:00:00",11.9309,79.8027,SO2,4,12,8
India,Punjab,Amritsar,"Golden Temple, Amritsar - PPCB","11-02-2026 10:00:00",31.620000,74.876512,PM10,27,355,93
India,Punjab,Bathinda,"Hardev Nagar, Bathinda - PPCB","11-02-2026 10:00:00",30.233011,74.907758,PM2.5,31,163,91
India,Punjab,Bathinda,"Hardev Nagar, Bathinda - PPCB","11-02-2026 10:00:00",30.233011,74.907758,CO,75,80,77
India,Punjab,Jalandhar,"Civil Line, Jalandhar - PPCB","11-02-2026 10:00:00",31.321907,75.578914,PM2.5,62,220,119
India,Punjab,Jalandhar,"Civil Line, Jalandhar - PPCB","11-02-2026 10:00:00",31.321907,75.578914,SO2,16,17,17
India,Punjab,Khanna,"Kalal Majra, Khanna - PPCB","11-02-2026 10:00:00","30.736056 ",76.209694,NH3,7,7,7
India,Punjab,Ludhiana,"Punjab Agricultural University, Ludhiana - PPCB","11-02-2026 10:00:00",30.9028,75.8086,PM10,92,148,126
India,Punjab,Ludhiana,"Punjab Agricultural University, Ludhiana - PPCB","11-02-2026 10:00:00",30.9028,75.8086,CO,54,101,63
India,Punjab,"Mandi Gobindgarh","RIMT University, Mandi Gobindgarh - PPCB","11-02-2026 10:00:00",30.649961,76.331442,PM10,83,473,184
India,Punjab,"Mandi Gobindgarh","RIMT University, Mandi Gobindgarh - PPCB","11-02-2026 10:00:00",30.649961,76.331442,NO2,23,24,24
India,Punjab,"Mandi Gobindgarh","RIMT University, Mandi Gobindgarh - PPCB","11-02-2026 10:00:00",30.649961,76.331442,OZONE,36,43,37
India,Punjab,Patiala,"Model Town, Patiala - PPCB","11-02-2026 10:00:00",30.349388,76.366642,PM2.5,66,98,84
India,Meghalaya,Shillong,"Lumpyngngad, Shillong - Meghalaya PCB","11-02-2026 10:00:00",25.5586,91.8985,OZONE,16,37,31
India,Mizoram,Aizawl,"Sikulpuikawn, Aizawl - Mizoram PCB","11-02-2026 10:00:00",23.7176342,92.7192841,PM2.5,54,61,57
India,Mizoram,Aizawl,"Sikulpuikawn, Aizawl - Mizoram PCB","11-02-2026 10:00:00",23.7176342,92.7192841,OZONE,2,8,5
India,Odisha,Angul,"Hakimapada, Angul - OSPCB","11-02-2026 10:00:00",20.832874,85.104082,PM2.5,91,339,186
India,Odisha,Angul,"Hakimapada, Angul - OSPCB","11-02-2026 10:00:00",20.832874,85.104082,PM10,115,246,166
India,Odisha,Balasore,"Kalidaspur, Balasore - OSPCB","11-02-2026 10:00:00",21.51161,86.89088,CO,29,67,43
India,Odisha,Barbil,"Forest Office, Barbil - OSPCB","11-02-2026 10:00:00",22.1166054,85.3945546,PM2.5,23,348,102
India,Odisha,Barbil,"Forest Office, Barbil - OSPCB","11-02-2026 10:00:00",22.1166054,85.3945546,PM10,58,500,142
India,Odisha,Barbil,"Forest Office, Barbil - OSPCB","11-02-2026 10:00:00",22.1166054,85.3945546,NO2,9,94,38
India,Punjab,Patiala,"Model Town, Patiala - PPCB","11-02-2026 10:00:00",30.349388,76.366642,SO2,6,30,16
India,Punjab,Rupnagar,"Ratanpura, Rupnagar - Ambuja Cements","11-02-2026 10:00:00",31.0325454,76.5623046,PM2.5,11,68,36
India,Rajasthan,Ajmer,"Civil Lines,  Ajmer - RSPCB","11-02-2026 10:00:00",26.470859,74.646594,PM2.5,73,118,92
India,Rajasthan,Alwar,"Moti Doongri, Alwar - RSPCB","11-02-2026 10:00:00",27.554793,76.611536,SO2,15,62,37
India,Rajasthan,Alwar,"Moti Doongri, Alwar - RSPCB","11-02-2026 10:00:00",27.554793,76.611536,CO,42,126,100
India,Rajasthan,Banswara,"Rati Talai, Banswara - RSPCB","11-02-2026 10:00:00",23.555190,74.440010,PM2.5,48,173,99
India,Rajasthan,Banswara,"Rati Talai, Banswara - RSPCB","11-02-2026 10:00:00",23.555190,74.440010,NO2,18,127,50
India,Rajasthan,Baran,"Bamboliya, Baran - RSPCB","11-02-2026 10:00:00",25.106006,76.469948,NH3,10,15,11
India,Odisha,Baripada,"Meher Colony, Baripada - OSPCB","11-02-2026 10:00:00",21.941841,86.728318,PM2.5,87,230,144
India,Odisha,Bhubaneswar,"Lingraj Mandir, Bhubaneswar - OSPCB","11-02-2026 10:00:00",20.240790,85.836784,SO2,8,31,14
India,Odisha,Bhubaneswar,"Lingraj Mandir, Bhubaneswar - OSPCB","11-02-2026 10:00:00",20.240790,85.836784,OZONE,4,298,28
India,Odisha,Bhubaneswar,"Patia, Bhubaneswar - OSPCB","11-02-2026 10:00:00",20.34652,85.81630,NO2,14,35,22
India,Odisha,Bileipada,"Tata Township, Bileipada - OSPCB","11-02-2026 10:00:00",22.06156703,85.47409613,PM10,71,227,148
India,Odisha,Brajrajnagar,"GM Office, Brajrajnagar - OSPCB","11-02-2026 10:00:00",21.8004996,83.8396977,PM10,40,268,132
India,Odisha,Brajrajnagar,"GM Office, Brajrajnagar - OSPCB","11-02-2026 10:00:00",21.8004996,83.8396977,SO2,20,23,22
India,Odisha,Brajrajnagar,"GM Office, Brajrajnagar - OSPCB","11-02-2026 10:00:00",21.8004996,83.8396977,CO,4,64,8
India,Maharashtra,Pimpri-Chinchwad,"Park Street Wakad, Pimpri Chinchwad - MPCB","11-02-2026 10:00:00",18.59051,73.77946,SO2,5,16,11
India,Maharashtra,Pimpri-Chinchwad,"Park Street Wakad, Pimpri Chinchwad - MPCB","11-02-2026 10:00:00",18.59051,73.77946,OZONE,3,179,21
India,Maharashtra,Pimpri-Chinchwad,"Savta Mali Nagar, Pimpri-Chinchwad - IITM","11-02-2026 10:00:00",18.614767,73.799516,PM10,113,205,153
India,Maharashtra,Pimpri-Chinchwad,"Thergaon, Pimpri Chinchwad - MPCB","11-02-2026 10:00:00",18.616318,73.765797,SO2,1,6,3
India,Maharashtra,Pune,"Bhosari, Pune - IITM","11-02-2026 10:00:00",18.640051,73.848956,OZONE,2,89,10
India,Maharashtra,Pune,"Dhankawadi, Pune - IITM","11-02-2026 10:00:00",18.459883,73.852193,PM10,113,203,152
India,Maharashtra,Pune,"Hadapsar, Pune - IITM","11-02-2026 10:00:00",18.501793,73.927532,PM2.5,NA,NA,NA
India,Odisha,Byasanagar,"Ferro Chrome Colony, Byasanagar - OSPCB","11-02-2026 10:00:00",20.94185,86.11510,NH3,2,4,3
India,Odisha,Cuttack,"CDA Area, Cuttack - OSPCB","11-02-2026 10:00:00","20.48891     ","85.84768     ",PM10,76,136,106
India,Odisha,Keonjhar,"Jagamohanpur, Keonjhar - OSPCB","11-02-2026 10:00:00",21.643900,85.599355,PM10,NA,NA,NA
India,Odisha,Rairangpur,"Divisional Forest Office, Rairangpur - OSPCB","11-02-2026 10:00:00",22.265816,86.174829,PM2.5,10,92,56
India,Odisha,Rourkela,"Fertilizer Township, Rourkela - OSPCB","11-02-2026 10:00:00",22.18972222,84.86277778,NO2,NA,NA,NA
India,Maharashtra,Solapur,"Dnyaneshwar Nagar, Solapur - MPCB","11-02-2026 10:00:00",17.6336264,75.9132495,OZONE,4,50,28
India,Maharashtra,Solapur,"Ratandeep Housing Society, Solapur - MPCB","11-02-2026 10:00:00",17.65439,75.90649,NH3,2,47,9
India,Maharashtra,Solapur,"Ratandeep Housing Society, Solapur - MPCB","11-02-2026 10:00:00",17.65439,75.90649,SO2,8,31,14
India,Maharashtra,Solapur,"Ratandeep Housing Society, Solapur - MPCB","11-02-2026 10:00:00",17.65439,75.90649,CO,21,145,26
India,Maharashtra,Ulhasnagar,"Sidhi Vinayak Nagar, Ulhasnagar - MPCB","11-02-2026 10:00:00",19.235581,73.159121,PM10,113,164,131
India,Maharashtra,Ulhasnagar,"Sidhi Vinayak Nagar, Ulhasnagar - MPCB","11-02-2026 10:00:00",19.235581,73.159121,OZONE,11,78,15
India,Maharashtra,Pune,"Katraj Dairy, Pune - MPCB","11-02-2026 10:00:00",18.454450,73.854155,SO2,3,82,8
India,Maharashtra,Pune,"Mhada Colony, Pune - IITM","11-02-2026 10:00:00",18.573040,73.927715,OZONE,6,135,15
India,Maharashtra,Pune,"Panchawati_Pashan, Pune - IITM","11-02-2026 10:00:00",18.536457,73.805454,PM10,107,134,120
India,Rajasthan,Dholpur,"Raja Ganj, Dholpur - RSPCB","11-02-2026 10:00:00",26.699557,77.898881,CO,30,79,49
India,Rajasthan,Dholpur,"Raja Ganj, Dholpur - RSPCB","11-02-2026 10:00:00",26.699557,77.898881,OZONE,3,57,23
India,Rajasthan,Dungarpur,"Bhoiwada, Dungarpur - RSPCB","11-02-2026 10:00:00",23.837789,73.714926,PM2.5,28,300,78
India,Rajasthan,Dungarpur,"Bhoiwada, Dungarpur - RSPCB","11-02-2026 10:00:00",23.837789,73.714926,CO,16,40,21
India,Rajasthan,Jaipur,"Adarsh Nagar, Jaipur - RSPCB","11-02-2026 10:00:00",26.902909,75.836858,NH3,6,14,10
India,Rajasthan,Jaipur,"Adarsh Nagar, Jaipur - RSPCB","11-02-2026 10:00:00",26.902909,75.836858,OZONE,30,78,52
India,Rajasthan,Jaipur,"Mansarovar Sector-12, Jaipur - RSPCB","11-02-2026 10:00:00",26.843698,75.766894,CO,30,122,35
India,Rajasthan,Jaipur,"Mansarovar Sector-12, Jaipur - RSPCB","11-02-2026 10:00:00",26.843698,75.766894,OZONE,5,138,66
India,Rajasthan,Jaipur,"Police Commissionerate, Jaipur - RSPCB","11-02-2026 10:00:00",26.9164092,75.7994901,PM2.5,70,225,104
India,Rajasthan,Jaipur,"Shastri Nagar, Jaipur - RSPCB","11-02-2026 10:00:00",26.9502929,75.730943,NO2,39,128,66
India,Rajasthan,Jaipur,"Shastri Nagar, Jaipur - RSPCB","11-02-2026 10:00:00",26.9502929,75.730943,SO2,11,50,31
India,Rajasthan,Jaisalmer,"Sadar Bazar, Jaisalmer - RSPCB","11-02-2026 10:00:00",26.912329,70.909168,NH3,5,7,6
India,Rajasthan,Jalore,"Mudtra Sili, Jalore - RSPCB","11-02-2026 10:00:00",25.344694,72.626208,PM10,65,185,101
India,Rajasthan,Jalore,"Mudtra Sili, Jalore - RSPCB","11-02-2026 10:00:00",25.344694,72.626208,NO2,12,58,31
India,Rajasthan,Jalore,"Mudtra Sili, Jalore - RSPCB","11-02-2026 10:00:00",25.344694,72.626208,CO,16,52,35
India,Rajasthan,Jhalawar,"Rajlaxmi Nagar, Jhalawar - RSPCB","11-02-2026 10:00:00",24.588397,76.172782,PM2.5,55,223,111
India,Rajasthan,Jhunjhunu,"Indra Nagar, Jhunjhunu - RSPCB","11-02-2026 10:00:00",28.108988,75.386577,PM2.5,40,276,122
India,Rajasthan,Bikaner,"MM Ground, Bikaner - RSPCB","11-02-2026 10:00:00",28.018792,73.292658,NH3,2,12,7
India,Rajasthan,Bundi,"New Colony, Bundi - RSPCB","11-02-2026 10:00:00",25.435774,75.644272,SO2,7,16,11
India,Rajasthan,Chittorgarh,"Shastri Nagar, Chittorgarh - RSPCB","11-02-2026 10:00:00",24.892047,74.623527,CO,9,89,24
India,Rajasthan,Chittorgarh,"Shastri Nagar, Chittorgarh - RSPCB","11-02-2026 10:00:00",24.892047,74.623527,OZONE,10,126,22
India,Rajasthan,Dausa,"Khatikan Mohalla, Dausa - RSPCB","11-02-2026 10:00:00",26.895552,76.334753,PM2.5,23,98,49
India,Rajasthan,Dausa,"Khatikan Mohalla, Dausa - RSPCB","11-02-2026 10:00:00",26.895552,76.334753,PM10,49,105,74
India,Rajasthan,Dausa,"Khatikan Mohalla, Dausa - RSPCB","11-02-2026 10:00:00",26.895552,76.334753,OZONE,41,144,61
India,Rajasthan,Dholpur,"Raja Ganj, Dholpur - RSPCB","11-02-2026 10:00:00",26.699557,77.898881,NH3,12,32,14
India,Rajasthan,Pali,"Indira Colony Vistar, Pali - RSPCB","11-02-2026 10:00:00",25.771061," 73.340227",OZONE,4,63,8
India,Rajasthan,Pratapgarh,"Pragati Nagar, Pratapgarh - RSPCB","11-02-2026 10:00:00",24.041198,74.780702,CO,14,70,21
India,Rajasthan,Rajsamand,"Dhoinda, Rajsamand - RSPCB","11-02-2026 10:00:00",25.036360,73.883502,PM10,25,161,96
India,Rajasthan,"Sawai Madhopur","Sahu Nagar, Sawai Madhopur - RSPCB","11-02-2026 10:00:00",26.031443,76.359327,PM2.5,27,211,82
India,Rajasthan,"Sawai Madhopur","Sahu Nagar, Sawai Madhopur - RSPCB","11-02-2026 10:00:00",26.031443,76.359327,SO2,2,10,5
India,Rajasthan,"Sawai Madhopur","Sahu Nagar, Sawai Madhopur - RSPCB","11-02-2026 10:00:00",26.031443,76.359327,CO,20,108,67
India,Rajasthan,Kota,"Dhanmandi, Kota - RSPCB","11-02-2026 10:00:00",25.164090,75.858137,CO,16,130,31
India,Rajasthan,Kota,"Nayapura, Kota - RSPCB","11-02-2026 10:00:00",25.196024,75.855668,SO2,4,39,16
India,Rajasthan,Nagaur,"Karni Colony, Nagaur - RSPCB","11-02-2026 10:00:00",27.213494,73.734444,PM2.5,38,253,108
India,Rajasthan,Nagaur,"Karni Colony, Nagaur - RSPCB","11-02-2026 10:00:00",27.213494,73.734444,SO2,5,21,11
India,Rajasthan,Pali,"Indira Colony Vistar, Pali - RSPCB","11-02-2026 10:00:00",25.771061," 73.340227",PM10,81,162,119
India,Rajasthan,Jodhpur,"Collectorate, Jodhpur - RSPCB","11-02-2026 10:00:00",26.268249,73.0193853,NO2,15,27,19
India,Rajasthan,Jodhpur,"Collectorate, Jodhpur - RSPCB","11-02-2026 10:00:00",26.268249,73.0193853,SO2,1,21,8
India,Rajasthan,Jodhpur,"Digari Kalan, Jodhpur - RSPCB","11-02-2026 10:00:00",26.295810,73.082283,PM2.5,30,217,94
India,Rajasthan,Jodhpur,"Digari Kalan, Jodhpur - RSPCB","11-02-2026 10:00:00",26.295810,73.082283,PM10,70,308,132
India,Rajasthan,Jodhpur,"Jhalamand, Jodhpur - RSPCB","11-02-2026 10:00:00",26.215415,73.070156,SO2,2,11,6
India,Rajasthan,Jaipur,"Police Commissionerate, Jaipur - RSPCB","11-02-2026 10:00:00",26.9164092,75.7994901,PM10,53,158,94
India,Rajasthan,Jaipur,"RIICO Sitapura, Jaipur - RSPCB","11-02-2026 10:00:00",26.786682,75.827928,PM2.5,NA,NA,NA
India,Rajasthan,Jaipur,"RIICO Sitapura, Jaipur - RSPCB","11-02-2026 10:00:00",26.786682,75.827928,OZONE,6,114,82
India,Rajasthan,Jaipur,"Sector-2 Murlipura, Jaipur - RSPCB","11-02-2026 10:00:00",26.960669,75.771817,PM10,63,193,111
India,Rajasthan,Bhiwadi,"RIICO Ind. Area III, Bhiwadi - RSPCB","11-02-2026 10:00:00",28.194909,76.862296,NO2,18,61,37
India,Rajasthan,Bhiwadi,"Vasundhara Nagar_UIT, Bhiwadi - RSPCB","11-02-2026 10:00:00",28.207266,76.829265,NO2,19,155,79
India,Rajasthan,Bhiwadi,"Vasundhara Nagar_UIT, Bhiwadi - RSPCB","11-02-2026 10:00:00",28.207266,76.829265,CO,15,111,35
India,Rajasthan,Jodhpur,"Jhalamand, Jodhpur - RSPCB","11-02-2026 10:00:00",26.215415,73.070156,OZONE,3,85,33
India,Rajasthan,Karauli,"Satyawati Vihar, Karauli - RSPCB","11-02-2026 10:00:00",26.506177,77.025989,CO,49,68,57
India,Telangana,Hyderabad,"ICRISAT Patancheru, Hyderabad - TSPCB","11-02-2026 10:00:00",17.518400,78.278777,SO2,4,13,8
India,Telangana,Hyderabad,"ICRISAT Patancheru, Hyderabad - TSPCB","11-02-2026 10:00:00",17.518400,78.278777,CO,16,40,27
India,Telangana,Hyderabad,"IITH Kandi, Hyderabad - TSPCB","11-02-2026 10:00:00",17.585705,78.126199,PM2.5,52,67,58
India,Telangana,Hyderabad,"IITH Kandi, Hyderabad - TSPCB","11-02-2026 10:00:00",17.585705,78.126199,NH3,3,5,3
India,Telangana,Hyderabad,"IITH Kandi, Hyderabad - TSPCB","11-02-2026 10:00:00",17.585705,78.126199,SO2,15,17,16
India,Telangana,Hyderabad,"IITH Kandi, Hyderabad - TSPCB","11-02-2026 10:00:00",17.585705,78.126199,OZONE,18,36,20
India,Telangana,Hyderabad,"Kokapet, Hyderabad - TSPCB","11-02-2026 10:00:00",17.393559,78.339194,NO2,12,16,14
India,Telangana,Hyderabad,"Kokapet, Hyderabad - TSPCB","11-02-2026 10:00:00",17.393559,78.339194,NH3,2,3,2
India,Telangana,Hyderabad,"Kokapet, Hyderabad - TSPCB","11-02-2026 10:00:00",17.393559,78.339194,OZONE,17,33,18
India,Telangana,Hyderabad,"Kompally Municipal Office, Hyderabad - TSPCB","11-02-2026 10:00:00",17.544899,78.486949,PM10,62,87,74
India,Telangana,Hyderabad,"Kompally Municipal Office, Hyderabad - TSPCB","11-02-2026 10:00:00",17.544899,78.486949,NO2,16,16,16
India,Telangana,Hyderabad,"Kompally Municipal Office, Hyderabad - TSPCB","11-02-2026 10:00:00",17.544899,78.486949,SO2,7,12,9
India,Telangana,Hyderabad,"Kompally Municipal Office, Hyderabad - TSPCB","11-02-2026 10:00:00",17.544899,78.486949,OZONE,15,40,15
India,Telangana,Hyderabad,"Nacharam_TSIIC IALA, Hyderabad - TSPCB","11-02-2026 10:00:00",17.429398,78.569354,PM2.5,59,84,65
India,Telangana,Hyderabad,"Nacharam_TSIIC IALA, Hyderabad - TSPCB","11-02-2026 10:00:00",17.429398,78.569354,PM10,85,105,90
India,Telangana,Hyderabad,"Nacharam_TSIIC IALA, Hyderabad - TSPCB","11-02-2026 10:00:00",17.429398,78.569354,NO2,10,20,12
India,TamilNadu,Ramanathapuram,"Chalai Bazaar, Ramanathapuram - TNPCB","11-02-2026 10:00:00",9.36399,78.831977,OZONE,NA,NA,NA
India,TamilNadu,Thanjavur,"Parisutham Nagar, Thanjavur - TNPCB","11-02-2026 10:00:00",10.7654824,79.1389968,PM2.5,NA,NA,NA
India,TamilNadu,Thanjavur,"Parisutham Nagar, Thanjavur - TNPCB","11-02-2026 10:00:00",10.7654824,79.1389968,NO2,3,4,3
India,TamilNadu,Thoothukudi,"Meelavittan, Thoothukudi - TNPCB","11-02-2026 10:00:00","8.816428 ",78.099039,CO,28,41,34
India,Telangana,Hyderabad,"Central University, Hyderabad - TSPCB","11-02-2026 10:00:00",17.460103,78.334361,PM2.5,28,68,48
India,Telangana,Hyderabad,"Central University, Hyderabad - TSPCB","11-02-2026 10:00:00",17.460103,78.334361,CO,17,42,32
India,Telangana,Hyderabad,"Central University, Hyderabad - TSPCB","11-02-2026 10:00:00",17.460103,78.334361,OZONE,9,15,14
India,Telangana,Hyderabad,"ECIL Kapra, Hyderabad - TSPCB","11-02-2026 10:00:00",17.470431,78.566959,NH3,4,7,5
India,Telangana,Hyderabad,"ICRISAT Patancheru, Hyderabad - TSPCB","11-02-2026 10:00:00",17.518400,78.278777,NO2,2,10,6
India,TamilNadu,Chennai,"Arumbakkam, Chennai - TNPCB","11-02-2026 10:00:00",13.0664,"80.2112 ",SO2,3,10,5
India,TamilNadu,Chennai,"Manali Village, Chennai - TNPCB","11-02-2026 10:00:00",13.1662,80.2584,PM10,68,158,101
India,TamilNadu,Chennai,"Manali Village, Chennai - TNPCB","11-02-2026 10:00:00",13.1662,80.2584,NH3,1,2,1
India,TamilNadu,Chennai,"Manali, Chennai - CPCB","11-02-2026 10:00:00",13.164544,80.26285,PM10,NA,NA,NA
India,TamilNadu,Chennai,"Manali, Chennai - CPCB","11-02-2026 10:00:00",13.164544,80.26285,NH3,6,7,6
India,TamilNadu,Chennai,"Manali, Chennai - CPCB","11-02-2026 10:00:00",13.164544,80.26285,SO2,4,20,12
India,TamilNadu,Chennai,"Perungudi, Chennai - TNPCB","11-02-2026 10:00:00",12.9533,80.2357,PM2.5,65,418,121
India,TamilNadu,Chennai,"Perungudi, Chennai - TNPCB","11-02-2026 10:00:00",12.9533,80.2357,SO2,2,14,6
India,TamilNadu,Chennai,"Perungudi, Chennai - TNPCB","11-02-2026 10:00:00",12.9533,80.2357,CO,32,64,43
India,TamilNadu,Chennai,"Velachery Res. Area, Chennai - CPCB","11-02-2026 10:00:00",13.0052189,80.2398125,NO2,12,18,14
India,Telangana,Hyderabad,"New Malakpet, Hyderabad - TSPCB","11-02-2026 10:00:00",17.37206,78.50864,PM10,77,90,82
India,Telangana,Hyderabad,"New Malakpet, Hyderabad - TSPCB","11-02-2026 10:00:00",17.37206,78.50864,SO2,16,22,19
India,Telangana,Hyderabad,"Ramachandrapuram, Hyderabad - TSPCB","11-02-2026 10:00:00",17.528544,78.286195,NH3,4,5,4
India,Telangana,Hyderabad,"Ramachandrapuram, Hyderabad - TSPCB","11-02-2026 10:00:00",17.528544,78.286195,SO2,11,15,14
India,Telangana,Hyderabad,"Ramachandrapuram, Hyderabad - TSPCB","11-02-2026 10:00:00",17.528544,78.286195,OZONE,23,36,24
India,Telangana,Hyderabad,"Sanathnagar, Hyderabad - TSPCB","11-02-2026 10:00:00",17.4559458,78.4332152,CO,36,66,48
India,Telangana,Hyderabad,"Somajiguda, Hyderabad - TSPCB","11-02-2026 10:00:00",17.417094,78.457437,SO2,20,21,20
India,Telangana,Hyderabad,"Somajiguda, Hyderabad - TSPCB","11-02-2026 10:00:00",17.417094,78.457437,CO,11,38,31
India,Telangana,Hyderabad,"Zoo Park, Hyderabad - TSPCB","11-02-2026 10:00:00",17.349694,78.451437,NH3,3,3,3
India,TamilNadu,Coimbatore,"PSG College of Arts and Science, Coimbatore - TNPCB","11-02-2026 10:00:00",11.0328,77.0349,PM10,60,105,86
India,TamilNadu,Coimbatore,"PSG College of Arts and Science, Coimbatore - TNPCB","11-02-2026 10:00:00",11.0328,77.0349,SO2,3,5,3
India,TamilNadu,Coimbatore,"SIDCO Kurichi, Coimbatore - TNPCB","11-02-2026 10:00:00",10.942451,76.978996,PM2.5,62,84,70
India,TamilNadu,Gummidipoondi,"Anthoni Pillai Nagar, Gummidipoondi - TNPCB","11-02-2026 10:00:00",13.4127,80.1081,NH3,1,1,1
India,TamilNadu,Madurai,"Uchapatti, Madurai - TNPCB","11-02-2026 10:00:00",9.865935,78.022669,NH3,NA,NA,NA
India,TamilNadu,Perundurai,"SIPCOT Industrial Park, Perundurai - TNPCB","11-02-2026 10:00:00",11.258242,77.552761,NH3,2,3,2
India,TamilNadu,Perundurai,"SIPCOT Industrial Park, Perundurai - TNPCB","11-02-2026 10:00:00",11.258242,77.552761,OZONE,21,24,22
India,Telangana,Hyderabad,"Zoo Park, Hyderabad - TSPCB","11-02-2026 10:00:00",17.349694,78.451437,CO,6,66,29
India,Tripura,Agartala,"Bardowali, Agartala - Tripura SPCB","11-02-2026 10:00:00",23.8175497,91.2726974,PM2.5,6,72,42
India,Tripura,Agartala,"Bardowali, Agartala - Tripura SPCB","11-02-2026 10:00:00",23.8175497,91.2726974,NO2,13,14,13
India,Tripura,Agartala,"Bardowali, Agartala - Tripura SPCB","11-02-2026 10:00:00",23.8175497,91.2726974,SO2,8,9,8
India,Uttar_Pradesh,Agra,"Manoharpur, Agra - UPPCB","11-02-2026 10:00:00",27.23711,78.01936,PM2.5,35,151,77
India,Uttar_Pradesh,Agra,"Sanjay Palace, Agra - UPPCB","11-02-2026 10:00:00",27.19865833,78.00598056,PM10,60,142,105
India,Rajasthan,Tonk,"Shastri Nagar, Tonk - RSPCB","11-02-2026 10:00:00",26.159933,75.780517,NO2,18,126,51
India,Rajasthan,Tonk,"Shastri Nagar, Tonk - RSPCB","11-02-2026 10:00:00",26.159933,75.780517,SO2,1,5,3
India,Rajasthan,Udaipur,"Ashok Nagar, Udaipur - RSPCB","11-02-2026 10:00:00",24.5886166,73.6321397,CO,9,91,25
India,Rajasthan,"Sri Ganganagar","Old City, Sri Ganganagar - RSPCB","11-02-2026 10:00:00",29.931624,73.864511,PM2.5,58,133,82
India,Rajasthan,"Sri Ganganagar","Old City, Sri Ganganagar - RSPCB","11-02-2026 10:00:00",29.931624,73.864511,PM10,108,195,156
India,Rajasthan,"Sri Ganganagar","Old City, Sri Ganganagar - RSPCB","11-02-2026 10:00:00",29.931624,73.864511,SO2,3,9,5
India,TamilNadu,Chennai,"Arumbakkam, Chennai - TNPCB","11-02-2026 10:00:00",13.0664,"80.2112 ",PM10,87,158,110
India,Uttar_Pradesh,Ghaziabad,"Loni, Ghaziabad - UPPCB","11-02-2026 10:00:00",28.757294,77.278792,SO2,10,23,17
India,Uttar_Pradesh,Ghaziabad,"Sanjay Nagar, Ghaziabad - UPPCB","11-02-2026 10:00:00",28.685382,77.453839,CO,NA,NA,NA
India,Uttar_Pradesh,Ghaziabad,"Sanjay Nagar, Ghaziabad - UPPCB","11-02-2026 10:00:00",28.685382,77.453839,OZONE,NA,NA,NA
India,Uttar_Pradesh,Ghaziabad,"Vasundhara, Ghaziabad - UPPCB","11-02-2026 10:00:00",28.6603346,77.3572563,PM2.5,141,473,335
India,Uttar_Pradesh,Ghaziabad,"Vasundhara, Ghaziabad - UPPCB","11-02-2026 10:00:00",28.6603346,77.3572563,NO2,19,116,69
India,Uttar_Pradesh,Ghaziabad,"Vasundhara, Ghaziabad - UPPCB","11-02-2026 10:00:00",28.6603346,77.3572563,OZONE,5,154,8
India,Uttar_Pradesh,Gorakhpur,"Madan Mohan Malaviya University of Technology, Gorakhpur - UPPCB","11-02-2026 10:00:00",26.730136,83.433859,PM10,4,153,87
India,Uttar_Pradesh,Gorakhpur,"Madan Mohan Malaviya University of Technology, Gorakhpur - UPPCB","11-02-2026 10:00:00",26.730136,83.433859,NH3,1,1,1
India,Uttar_Pradesh,"Greater Noida","Knowledge Park - III, Greater Noida - UPPCB","11-02-2026 10:00:00",28.47272,77.482000,NH3,8,19,12
India,Uttar_Pradesh,"Greater Noida","Knowledge Park - V, Greater Noida - UPPCB","11-02-2026 10:00:00",28.557054,77.453663,PM2.5,76,418,290
India,Uttar_Pradesh,"Greater Noida","Knowledge Park - V, Greater Noida - UPPCB","11-02-2026 10:00:00",28.557054,77.453663,NH3,13,26,18
India,Uttar_Pradesh,"Greater Noida","Knowledge Park - V, Greater Noida - UPPCB","11-02-2026 10:00:00",28.557054,77.453663,OZONE,2,119,3
India,Uttar_Pradesh,Bareilly,"Civil Lines, Bareilly - UPPCB","11-02-2026 10:00:00",28.359581,79.414455,OZONE,15,17,16
India,Uttar_Pradesh,Bareilly,"Rajendra Nagar, Bareilly - UPPCB","11-02-2026 10:00:00",28.38910936,79.42963708,PM2.5,31,88,58
India,Uttar_Pradesh,Bareilly,"Rajendra Nagar, Bareilly - UPPCB","11-02-2026 10:00:00",28.38910936,79.42963708,SO2,37,43,39
India,Uttar_Pradesh,Bulandshahr,"Yamunapuram, Bulandshahr - UPPCB","11-02-2026 10:00:00",28.406963,77.849831,NH3,10,15,12
India,Uttar_Pradesh,Bulandshahr,"Yamunapuram, Bulandshahr - UPPCB","11-02-2026 10:00:00",28.406963,77.849831,SO2,2,20,9
India,Uttar_Pradesh,Firozabad,"Vibhab Nagar, Firozabad - UPPCB","11-02-2026 10:00:00",27.1594,78.3953,PM10,27,106,52
India,Uttar_Pradesh,Firozabad,"Vibhab Nagar, Firozabad - UPPCB","11-02-2026 10:00:00",27.1594,78.3953,NO2,15,15,15
India,Uttar_Pradesh,Firozabad,"Vibhab Nagar, Firozabad - UPPCB","11-02-2026 10:00:00",27.1594,78.3953,CO,14,16,15
India,Uttar_Pradesh,Ghaziabad,"Indirapuram, Ghaziabad - UPPCB","11-02-2026 10:00:00",28.646233,77.358075,PM2.5,148,485,359
India,Uttar_Pradesh,Ghaziabad,"Indirapuram, Ghaziabad - UPPCB","11-02-2026 10:00:00",28.646233,77.358075,NO2,34,218,124
India,Uttar_Pradesh,Ghaziabad,"Indirapuram, Ghaziabad - UPPCB","11-02-2026 10:00:00",28.646233,77.358075,NH3,20,29,25
India,Uttar_Pradesh,Ghaziabad,"Indirapuram, Ghaziabad - UPPCB","11-02-2026 10:00:00",28.646233,77.358075,CO,15,187,79
India,Uttar_Pradesh,Moradabad,"Eco Herbal Park, Moradabad - UPPCB","11-02-2026 10:00:00",28.840739,78.697531,NH3,4,8,6
India,Uttar_Pradesh,Moradabad,"Eco Herbal Park, Moradabad - UPPCB","11-02-2026 10:00:00",28.840739,78.697531,SO2,6,24,12
India,Uttar_Pradesh,Moradabad,"Employment Office, Moradabad - UPPCB","11-02-2026 10:00:00",28.88528,78.73880,OZONE,15,45,15
India,Uttar_Pradesh,Moradabad,"Jigar Colony, Moradabad - UPPCB","11-02-2026 10:00:00",28.856664,78.772638,PM2.5,36,325,98
India,Uttar_Pradesh,Moradabad,"Jigar Colony, Moradabad - UPPCB","11-02-2026 10:00:00",28.856664,78.772638,NO2,25,25,25
India,Uttar_Pradesh,Moradabad,"Kashiram Nagar, Moradabad - UPPCB","11-02-2026 10:00:00",28.849399,78.742362,PM2.5,34,258,120
India,Uttar_Pradesh,Moradabad,"Kashiram Nagar, Moradabad - UPPCB","11-02-2026 10:00:00",28.849399,78.742362,SO2,111,138,130
India,Uttar_Pradesh,Moradabad,"Kashiram Nagar, Moradabad - UPPCB","11-02-2026 10:00:00",28.849399,78.742362,CO,24,105,44
India,Uttar_Pradesh,Moradabad,"Transport Nagar, Moradabad - UPPCB","11-02-2026 10:00:00",28.802625,78.753728,CO,64,74,68
India,Uttar_Pradesh,Khurja,"Kalindi Kunj, Khurja - UPPCB","11-02-2026 10:00:00",28.2348927,77.8683002,CO,10,59,53
India,Uttar_Pradesh,Lucknow,"B R Ambedkar University, Lucknow - UPPCB","11-02-2026 10:00:00",26.766433,80.927299,NH3,4,5,4
India,Uttar_Pradesh,Lucknow,"Gomti Nagar, Lucknow - UPPCB","11-02-2026 10:00:00",26.868120,81.005119,OZONE,27,39,28
India,Uttar_Pradesh,Lucknow,"Kukrail Picnic Spot-1, Lucknow - UPPCB","11-02-2026 10:00:00",26.90723,80.98579,CO,8,14,12
India,Uttar_Pradesh,Lucknow,"Lalbagh, Lucknow - CPCB","11-02-2026 10:00:00",26.8458805,80.9365541,NH3,14,23,19
India,Uttar_Pradesh,Lucknow,"Lalbagh, Lucknow - CPCB","11-02-2026 10:00:00",26.8458805,80.9365541,CO,3,105,52
India,Uttar_Pradesh,Lucknow,"Talkatora District Industries Center, Lucknow - CPCB","11-02-2026 10:00:00",26.83399722,80.8917361,PM2.5,99,342,245
India,Uttar_Pradesh,Hapur,"Anand Vihar, Hapur - UPPCB","11-02-2026 10:00:00",28.725645,77.749675,OZONE,5,95,16
India,Uttar_Pradesh,Jhansi,"Shivaji Nagar, Jhansi - UPPCB","11-02-2026 10:00:00",25.4547,78.6039,NO2,5,6,6
India,Uttar_Pradesh,Kanpur,"NSI Kalyanpur, Kanpur - UPPCB","11-02-2026 10:00:00",26.509954,80.249612,PM10,75,260,129
India,Uttar_Pradesh,Kanpur,"NSI Kalyanpur, Kanpur - UPPCB","11-02-2026 10:00:00",26.509954,80.249612,OZONE,15,17,16
India,Uttar_Pradesh,Kanpur,"Nehru Nagar, Kanpur - UPPCB","11-02-2026 10:00:00",26.4703136,80.3229863,PM10,37,180,103
India,Uttar_Pradesh,Kanpur,"Nehru Nagar, Kanpur - UPPCB","11-02-2026 10:00:00",26.4703136,80.3229863,NO2,48,55,52
India,Uttar_Pradesh,Khurja,"Kalindi Kunj, Khurja - UPPCB","11-02-2026 10:00:00",28.2348927,77.8683002,PM2.5,7,194,63
India,Uttar_Pradesh,Khurja,"Kalindi Kunj, Khurja - UPPCB","11-02-2026 10:00:00",28.2348927,77.8683002,NO2,6,7,7
India,Uttar_Pradesh,Muzaffarnagar,"New Mandi, Muzaffarnagar - UPPCB","11-02-2026 10:00:00",29.4723508,77.7194031,PM10,110,365,200
India,Uttar_Pradesh,Muzaffarnagar,"New Mandi, Muzaffarnagar - UPPCB","11-02-2026 10:00:00",29.4723508,77.7194031,CO,29,102,60
India,Uttar_Pradesh,Noida,"Sector - 125, Noida - UPPCB","11-02-2026 10:00:00",28.5447608,77.3231257,PM2.5,181,481,329
India,Uttar_Pradesh,Noida,"Sector - 125, Noida - UPPCB","11-02-2026 10:00:00",28.5447608,77.3231257,SO2,1,14,10
India,Uttar_Pradesh,Noida,"Sector - 125, Noida - UPPCB","11-02-2026 10:00:00",28.5447608,77.3231257,CO,30,121,47
India,Uttar_Pradesh,Noida,"Sector-1, Noida - UPPCB","11-02-2026 10:00:00",28.5898,77.3101,PM10,134,382,239
India,Uttar_Pradesh,Noida,"Sector-116, Noida - UPPCB","11-02-2026 10:00:00",28.569230,77.393848,PM2.5,97,398,284
India,Uttar_Pradesh,Noida,"Sector-116, Noida - UPPCB","11-02-2026 10:00:00",28.569230,77.393848,PM10,NA,NA,NA
India,Uttar_Pradesh,Noida,"Sector-116, Noida - UPPCB","11-02-2026 10:00:00",28.569230,77.393848,SO2,6,13,9
India,Uttar_Pradesh,Lucknow,"Talkatora District Industries Center, Lucknow - CPCB","11-02-2026 10:00:00",26.83399722,80.8917361,CO,2,100,36
India,Uttar_Pradesh,Lucknow,"Talkatora District Industries Center, Lucknow - CPCB","11-02-2026 10:00:00",26.83399722,80.8917361,OZONE,9,45,16
India,Uttar_Pradesh,Meerut,"Jai Bhim Nagar, Meerut - UPPCB","11-02-2026 10:00:00",28.9535882,77.7622941,PM2.5,91,386,263
India,Uttar_Pradesh,Meerut,"Pallavpuram Phase 2, Meerut - UPPCB","11-02-2026 10:00:00",29.063510,77.709723,NH3,5,8,7
India,Uttar_Pradesh,Moradabad,"Buddhi Vihar, Moradabad - UPPCB","11-02-2026 10:00:00",28.83526,78.74460,NO2,28,29,29
India,Uttar_Pradesh,Moradabad,"Buddhi Vihar, Moradabad - UPPCB","11-02-2026 10:00:00",28.83526,78.74460,SO2,32,49,39
India,Uttar_Pradesh,Prayagraj,"Motilal Nehru NIT, Prayagraj - UPPCB","11-02-2026 10:00:00",25.494,81.863,SO2,38,77,56
India,Uttar_Pradesh,Prayagraj,"Nagar Nigam, Prayagraj - UPPCB","11-02-2026 10:00:00","25.44919916 ","81.82735986 ",PM10,23,121,73
India,Uttar_Pradesh,Prayagraj,"Nagar Nigam, Prayagraj - UPPCB","11-02-2026 10:00:00","25.44919916 ","81.82735986 ",NO2,5,5,5
India,Uttar_Pradesh,Varanasi,"Ardhali Bazar, Varanasi - UPPCB","11-02-2026 10:00:00",25.3505986,82.9083074,PM10,43,120,85
India,Uttar_Pradesh,Varanasi,"Ardhali Bazar, Varanasi - UPPCB","11-02-2026 10:00:00",25.3505986,82.9083074,SO2,8,12,10
India,Uttar_Pradesh,Varanasi,"Bhelupur, Varanasi - UPPCB","11-02-2026 10:00:00",25.301778,82.996789,PM2.5,47,380,143
India,Uttar_Pradesh,Agra,"Sector-3B Avas Vikas Colony, Agra - UPPCB","11-02-2026 10:00:00",27.19412,77.96237,NH3,4,7,5
India,Uttar_Pradesh,Agra,"Shastripuram, Agra - UPPCB","11-02-2026 10:00:00",27.19862,77.92066,SO2,20,34,26
India,Uttar_Pradesh,Baghpat,"Sardar Patel Inter College, Baghpat - UPPCB","11-02-2026 10:00:00",28.964949,77.278761,NH3,1,5,3
India,Uttar_Pradesh,Bareilly,"Civil Lines, Bareilly - UPPCB","11-02-2026 10:00:00",28.359581,79.414455,PM10,34,83,57
India,Uttar_Pradesh,Bareilly,"Civil Lines, Bareilly - UPPCB","11-02-2026 10:00:00",28.359581,79.414455,NH3,1,1,1
India,Uttar_Pradesh,Varanasi,"Maldahiya, Varanasi - UPPCB","11-02-2026 10:00:00",25.32393,82.99687,NO2,2,2,2
India,Uttar_Pradesh,Vrindavan,"Omex Eternity, Vrindavan - UPPCB","11-02-2026 10:00:00",27.5714090,77.6557570,NO2,27,28,27
India,Uttarakhand,Dehradun,"Doon University, Dehradun - UKPCB","11-02-2026 10:00:00",30.269444,78.044167,SO2,1,2,2
India,Uttarakhand,Dehradun,"Doon University, Dehradun - UKPCB","11-02-2026 10:00:00",30.269444,78.044167,CO,6,7,6
India,Uttarakhand,Kashipur,"Govt. Girls Inter College, Kashipur - UKPCB","11-02-2026 10:00:00",29.2124114,78.9611753,PM2.5,NA,NA,NA
India,Uttarakhand,Rishikesh,"Shivaji Nagar, Rishikesh - UKPCB","11-02-2026 10:00:00",30.075911,78.2859547,NO2,18,28,22
India,West_Bengal,Asansol,"Asansol Court Area, Asansol - WBPCB","11-02-2026 10:00:00",23.685297,86.945968,PM2.5,50,307,124
India,West_Bengal,Asansol,"Asansol Court Area, Asansol - WBPCB","11-02-2026 10:00:00",23.685297,86.945968,PM10,46,157,103
India,West_Bengal,Asansol,"Asansol Court Area, Asansol - WBPCB","11-02-2026 10:00:00",23.685297,86.945968,NO2,14,28,23
India,West_Bengal,Asansol,"Asansol Court Area, Asansol - WBPCB","11-02-2026 10:00:00",23.685297,86.945968,SO2,10,16,13
India,West_Bengal,Asansol,"Evelyn Lodge, Asansol - WBPCB","11-02-2026 10:00:00",23.6979360,86.9443950,PM2.5,11,241,95
India,West_Bengal,Asansol,"Evelyn Lodge, Asansol - WBPCB","11-02-2026 10:00:00",23.6979360,86.9443950,PM10,43,147,98
India,West_Bengal,Asansol,"Evelyn Lodge, Asansol - WBPCB","11-02-2026 10:00:00",23.6979360,86.9443950,SO2,3,11,6
India,West_Bengal,Asansol,"Evelyn Lodge, Asansol - WBPCB","11-02-2026 10:00:00",23.6979360,86.9443950,OZONE,5,53,14
India,West_Bengal,Asansol,"Mahabir Colliery, Asansol - WBPCB","11-02-2026 10:00:00",23.6181830,87.1057180,PM2.5,26,342,192
India,West_Bengal,Asansol,"Mahabir Colliery, Asansol - WBPCB","11-02-2026 10:00:00",23.6181830,87.1057180,CO,4,118,84
India,West_Bengal,Asansol,"Trivenidevi Bhalotia College, Asansol - WBPCB","11-02-2026 10:00:00",23.616515,87.119133,PM2.5,39,264,132
India,West_Bengal,Asansol,"Trivenidevi Bhalotia College, Asansol - WBPCB","11-02-2026 10:00:00",23.616515,87.119133,NO2,13,61,39
India,West_Bengal,Asansol,"Trivenidevi Bhalotia College, Asansol - WBPCB","11-02-2026 10:00:00",23.616515,87.119133,NH3,5,8,7
India,West_Bengal,Asansol,"Trivenidevi Bhalotia College, Asansol - WBPCB","11-02-2026 10:00:00",23.616515,87.119133,SO2,5,15,10
India,West_Bengal,Barrackpore,"SVSPA Campus, Barrackpore - WBPCB","11-02-2026 10:00:00",22.7605581,88.3617589,PM10,46,165,99
India,West_Bengal,Durgapur,"Mahishkapur Road_B-Zone, Durgapur - WBPCB","11-02-2026 10:00:00",23.567923,87.306843,PM2.5,57,146,106
India,West_Bengal,Durgapur,"Mahishkapur Road_B-Zone, Durgapur - WBPCB","11-02-2026 10:00:00",23.567923,87.306843,NH3,2,3,3
India,West_Bengal,Durgapur,"Mahishkapur Road_B-Zone, Durgapur - WBPCB","11-02-2026 10:00:00",23.567923,87.306843,SO2,4,76,12
India,West_Bengal,Durgapur,"Mahishkapur Road_B-Zone, Durgapur - WBPCB","11-02-2026 10:00:00",23.567923,87.306843,OZONE,2,61,17
India,West_Bengal,Durgapur,"Womens College_City Center, Durgapur - WBPCB","11-02-2026 10:00:00",23.549395,87.300496,NO2,25,45,30
India,West_Bengal,Durgapur,"Womens College_City Center, Durgapur - WBPCB","11-02-2026 10:00:00",23.549395,87.300496,SO2,27,28,28
India,West_Bengal,Haldia,"Priyambada Housing Estate, Haldia - WBPCB","11-02-2026 10:00:00",22.06047,88.109737,PM2.5,56,254,129
India,West_Bengal,Haldia,"Priyambada Housing Estate, Haldia - WBPCB","11-02-2026 10:00:00",22.06047,88.109737,CO,20,86,53
India,West_Bengal,Howrah,"Belur Math, Howrah - WBPCB","11-02-2026 10:00:00",22.629801,88.352017,NH3,8,15,10
India,West_Bengal,Howrah,"Botanical Garden, Howrah - WBPCB","11-02-2026 10:00:00",22.554954,88.292568,OZONE,6,35,8
India,West_Bengal,Howrah,"Dasnagar, Howrah - WBPCB","11-02-2026 10:00:00",22.6025571,88.3105664,NH3,5,8,6
India,West_Bengal,Howrah,"Padmapukur, Howrah - WBPCB","11-02-2026 10:00:00",22.5687319,88.2797276,SO2,2,17,8
India,West_Bengal,Kolkata,"Ballygunge, Kolkata - WBPCB","11-02-2026 10:00:00",22.5367507,88.3638022,PM2.5,70,351,217
India,West_Bengal,Kolkata,"Ballygunge, Kolkata - WBPCB","11-02-2026 10:00:00",22.5367507,88.3638022,PM10,80,262,155
India,West_Bengal,Kolkata,"Ballygunge, Kolkata - WBPCB","11-02-2026 10:00:00",22.5367507,88.3638022,NO2,15,126,64
India,West_Bengal,Kolkata,"Ballygunge, Kolkata - WBPCB","11-02-2026 10:00:00",22.5367507,88.3638022,SO2,9,60,20
India,West_Bengal,Kolkata,"Fort William, Kolkata - WBPCB","11-02-2026 10:00:00",22.556640,88.342674,NH3,9,14,10
India,West_Bengal,Kolkata,"Fort William, Kolkata - WBPCB","11-02-2026 10:00:00",22.556640,88.342674,SO2,7,25,13
India,West_Bengal,Kolkata,"Fort William, Kolkata - WBPCB","11-02-2026 10:00:00",22.556640,88.342674,OZONE,2,46,8
India,West_Bengal,Kolkata,"Jadavpur, Kolkata - WBPCB","11-02-2026 10:00:00",22.49929,88.36917,PM2.5,53,347,221
India,West_Bengal,Kolkata,"Rabindra Sarobar, Kolkata - WBPCB","11-02-2026 10:00:00",22.51106,88.35142,SO2,9,63,23
India,West_Bengal,Kolkata,"Victoria, Kolkata - WBPCB","11-02-2026 10:00:00",22.5448082,88.3403691,CO,32,109,62
India,Andhra_Pradesh,Vijayawada,"Kanuru, Vijayawada - APPCB","11-02-2026 10:00:00",16.486692,80.699436,OZONE,24,24,24
India,Andhra_Pradesh,Vijayawada,"Rajiv Gandhi Park, Vijayawada - APPCB","11-02-2026 10:00:00",16.509717,80.612222,PM2.5,46,66,55
India,Andhra_Pradesh,Vijayawada,"Rajiv Gandhi Park, Vijayawada - APPCB","11-02-2026 10:00:00",16.509717,80.612222,PM10,43,63,53
India,Andhra_Pradesh,Vijayawada,"Rajiv Gandhi Park, Vijayawada - APPCB","11-02-2026 10:00:00",16.509717,80.612222,NH3,3,3,3
India,Andhra_Pradesh,Vijayawada,"Rajiv Nagar, Vijayawada - APPCB","11-02-2026 10:00:00",16.554731,80.649110,OZONE,20,21,20
India,Andhra_Pradesh,Visakhapatnam,"GVM Corporation, Visakhapatnam - APPCB","11-02-2026 10:00:00",17.72,83.3,NO2,19,200,82
India,Arunachal_Pradesh,Naharlagun,"Naharlagun, Naharlagun - APSPCB","11-02-2026 10:00:00",27.103358,93.679645,PM2.5,2,408,167
India,Assam,Byrnihat,"Central Academy for SFS, Byrnihat - PCBA","11-02-2026 10:00:00",26.071318,91.87488,PM10,68,124,87
India,Assam,Byrnihat,"Central Academy for SFS, Byrnihat - PCBA","11-02-2026 10:00:00",26.071318,91.87488,OZONE,13,27,16
India,Assam,Guwahati,"LGBI Airport, Guwahati - PCBA","11-02-2026 10:00:00",26.10887,91.589544,PM2.5,NA,NA,NA
India,Assam,Guwahati,"LGBI Airport, Guwahati - PCBA","11-02-2026 10:00:00",26.10887,91.589544,NO2,12,24,15
India,Bihar,Patna,"Samanpura, Patna - BSPCB","11-02-2026 10:00:00",25.596727,85.085624,CO,16,116,80
India,Bihar,Purnia,"Mariam Nagar, Purnia - BSPCB","11-02-2026 10:00:00",25.366336,87.117468,PM10,61,97,79
India,Bihar,Purnia,"Mariam Nagar, Purnia - BSPCB","11-02-2026 10:00:00",25.366336,87.117468,NO2,5,7,6
India,Bihar,Rajgir,"Dangi Tola, Rajgir - BSPCB","11-02-2026 10:00:00",25.03280,85.41948,SO2,NA,NA,NA
India,Bihar,Rajgir,"Dangi Tola, Rajgir - BSPCB","11-02-2026 10:00:00",25.03280,85.41948,CO,NA,NA,NA
India,Bihar,Saharsa,"Police Line, Saharsa - BSPCB","11-02-2026 10:00:00",25.892357,86.590325,NH3,4,4,4
India,Bihar,Samastipur,"DM Office_Kasipur, Samastipur - BSPCB","11-02-2026 10:00:00",25.859655,85.77944,PM10,32,173,78
India,Bihar,Sasaram,"Dada Peer, Sasaram - BSPCB","11-02-2026 10:00:00",24.952822,84.002396,PM10,34,76,53
India,Bihar,Sasaram,"Dada Peer, Sasaram - BSPCB","11-02-2026 10:00:00",24.952822,84.002396,OZONE,16,41,17
India,Bihar,Bettiah,"Kamalnath Nagar, Bettiah - BSPCB","11-02-2026 10:00:00",26.80365,84.51954,NO2,8,10,8
India,Bihar,Bhagalpur,"DM Office_Kachari Chowk, Bhagalpur - BSPCB","11-02-2026 10:00:00",25.251013,86.989001,NH3,1,1,1
India,Bihar,Bhagalpur,"Mayaganj, Bhagalpur - BSPCB","11-02-2026 10:00:00",25.265194,87.012947,CO,66,82,73
India,Bihar,"Bihar Sharif","D M Colony, Bihar Sharif - BSPCB","11-02-2026 10:00:00",25.204762,85.514960,PM10,24,89,51
India,Bihar,Buxar,"Charitra Van, Buxar - BSPCB","11-02-2026 10:00:00",25.567520,83.966379,PM2.5,50,197,77
India,Bihar,Buxar,"Charitra Van, Buxar - BSPCB","11-02-2026 10:00:00",25.567520,83.966379,NH3,3,3,3
India,Bihar,Buxar,"Charitra Van, Buxar - BSPCB","11-02-2026 10:00:00",25.567520,83.966379,SO2,12,32,25
India,Bihar,Buxar,"Charitra Van, Buxar - BSPCB","11-02-2026 10:00:00",25.567520,83.966379,OZONE,1,36,7
India,Assam,Guwahati,"LGBI Airport, Guwahati - PCBA","11-02-2026 10:00:00",26.10887,91.589544,SO2,7,13,10
India,Assam,Guwahati,"Pan Bazaar, Guwahati - PCBA","11-02-2026 10:00:00",26.187500,91.744194,PM2.5,1,1,1
India,Assam,Guwahati,"Pan Bazaar, Guwahati - PCBA","11-02-2026 10:00:00",26.187500,91.744194,NO2,NA,NA,NA
India,Assam,Nagaon,"Christianpatty, Nagaon - PCBA","11-02-2026 10:00:00",26.349082,92.68449,PM2.5,74,251,134
India,Assam,Nagaon,"Christianpatty, Nagaon - PCBA","11-02-2026 10:00:00",26.349082,92.68449,PM10,79,150,112
India,Assam,Nagaon,"Christianpatty, Nagaon - PCBA","11-02-2026 10:00:00",26.349082,92.68449,OZONE,8,9,9
India,Assam,Nalbari,"Bata Chowk, Nalbari - PCBA","11-02-2026 10:00:00",26.446912,91.439057,SO2,3,8,7
India,Assam,Silchar,"Tarapur, Silchar - PCBA","11-02-2026 10:00:00",24.82827,92.79525,CO,21,52,28
India,Assam,Sivasagar,"Girls College, Sivasagar - PCBA","11-02-2026 10:00:00",26.987634,94.636574,NO2,29,78,50
India,Assam,Sivasagar,"Girls College, Sivasagar - PCBA","11-02-2026 10:00:00",26.987634,94.636574,OZONE,5,91,33
India,Bihar,Arrah,"New DM Office, Arrah - BSPCB","11-02-2026 10:00:00",25.5626095,84.663264,CO,44,65,51
India,Bihar,Arrah,"New DM Office, Arrah - BSPCB","11-02-2026 10:00:00",25.5626095,84.663264,OZONE,7,8,8
India,Bihar,Aurangabad,"Gurdeo Nagar, Aurangabad - BSPCB","11-02-2026 10:00:00",24.75746,84.366208,PM2.5,NA,NA,NA
India,Bihar,Aurangabad,"Gurdeo Nagar, Aurangabad - BSPCB","11-02-2026 10:00:00",24.75746,84.366208,NH3,1,2,2
India,Bihar,Begusarai,"Lohiyanagar, Begusarai - BSPCB","11-02-2026 10:00:00",25.42742023,86.13886079,SO2,22,27,24
India,Bihar,Manguraha,"Forest Rest House, Manguraha - BSPCB","11-02-2026 10:00:00",27.308328,84.531742,PM2.5,62,243,112
India,Bihar,Manguraha,"Forest Rest House, Manguraha - BSPCB","11-02-2026 10:00:00",27.308328,84.531742,NO2,4,12,7
India,Bihar,Motihari,"Gandak Colony, Motihari - BSPCB","11-02-2026 10:00:00",26.63086,84.90051,OZONE,3,5,3
India,Bihar,Muzaffarpur,"Buddha Colony, Muzaffarpur - BSPCB","11-02-2026 10:00:00",26.11442,85.39813,PM2.5,61,157,117
India,Bihar,Muzaffarpur,"MIT-Daudpur Kothi, Muzaffarpur - BSPCB","11-02-2026 10:00:00",26.1403345,85.3650192,PM2.5,85,113,94
India,Bihar,Muzaffarpur,"MIT-Daudpur Kothi, Muzaffarpur - BSPCB","11-02-2026 10:00:00",26.1403345,85.3650192,PM10,66,78,69
India,Bihar,Muzaffarpur,"MIT-Daudpur Kothi, Muzaffarpur - BSPCB","11-02-2026 10:00:00",26.1403345,85.3650192,NH3,3,7,4
India,Andhra_Pradesh,Amaravati,"Secretariat, Amaravati - APPCB","11-02-2026 10:00:00",16.5150833,80.5181667,SO2,10,22,16
India,Andhra_Pradesh,Anantapur,"Gulzarpet, Anantapur - APPCB","11-02-2026 10:00:00",14.675886,77.593027,PM2.5,72,89,83
India,Andhra_Pradesh,Anantapur,"Gulzarpet, Anantapur - APPCB","11-02-2026 10:00:00",14.675886,77.593027,NH3,4,4,4
India,Andhra_Pradesh,Chittoor,"Gangineni Cheruvu, Chittoor - APPCB","11-02-2026 10:00:00",13.204880,79.097889,PM10,51,74,60
India,Andhra_Pradesh,Chittoor,"Gangineni Cheruvu, Chittoor - APPCB","11-02-2026 10:00:00",13.204880,79.097889,NO2,26,29,28
India,Andhra_Pradesh,Chittoor,"Gangineni Cheruvu, Chittoor - APPCB","11-02-2026 10:00:00",13.204880,79.097889,CO,18,43,40
India,Andhra_Pradesh,Kadapa,"Yerramukkapalli, Kadapa - APPCB","11-02-2026 10:00:00",14.465052,78.824187,PM10,NA,NA,NA
India,Andhra_Pradesh,Kadapa,"Yerramukkapalli, Kadapa - APPCB","11-02-2026 10:00:00",14.465052,78.824187,SO2,NA,NA,NA
India,Andhra_Pradesh,Tirumala,"Toll Gate, Tirumala - APPCB","11-02-2026 10:00:00",13.67,79.35,NH3,1,2,1
India,Andhra_Pradesh,Tirupati,"Vaikuntapuram, Tirupati - APPCB","11-02-2026 10:00:00",13.615387,79.409230,NH3,4,5,5
India,Andhra_Pradesh,Tirupati,"Vaikuntapuram, Tirupati - APPCB","11-02-2026 10:00:00",13.615387,79.409230,CO,20,33,26
India,Andhra_Pradesh,Vijayawada,"Kanuru, Vijayawada - APPCB","11-02-2026 10:00:00",16.486692,80.699436,PM10,57,64,60
India,Andhra_Pradesh,Vijayawada,"Kanuru, Vijayawada - APPCB","11-02-2026 10:00:00",16.486692,80.699436,NO2,22,22,22
India,Bihar,Patna,"DRM Office Danapur, Patna - BSPCB","11-02-2026 10:00:00",25.586562,85.043586,PM2.5,64,300,143
India,Bihar,Patna,"Muradpur, Patna - BSPCB","11-02-2026 10:00:00",25.619651,85.147382,NO2,11,39,19
India,Bihar,Patna,"Muradpur, Patna - BSPCB","11-02-2026 10:00:00",25.619651,85.147382,SO2,8,9,9
India,Bihar,Patna,"Muradpur, Patna - BSPCB","11-02-2026 10:00:00",25.619651,85.147382,CO,20,80,44
India,Bihar,Patna,"Rajbansi Nagar, Patna - BSPCB","11-02-2026 10:00:00",25.599486,85.113666,CO,16,106,53
India,Bihar,Patna,"Rajbansi Nagar, Patna - BSPCB","11-02-2026 10:00:00",25.599486,85.113666,OZONE,14,89,30
India,Bihar,Gaya,"Kareemganj, Gaya - BSPCB","11-02-2026 10:00:00",24.792403,84.992416,SO2,36,45,40
India,Bihar,Gaya,"Kareemganj, Gaya - BSPCB","11-02-2026 10:00:00",24.792403,84.992416,CO,2,98,32
India,Bihar,Katihar,"Mirchaibari, Katihar - BSPCB","11-02-2026 10:00:00",25.560083,87.553265,NO2,9,10,9
India,Delhi,Delhi,"Okhla Phase-2, Delhi - DPCC","11-02-2026 10:00:00",28.530785,77.271255,NO2,35,221,112
India,Delhi,Delhi,"Okhla Phase-2, Delhi - DPCC","11-02-2026 10:00:00",28.530785,77.271255,SO2,11,63,17
India,Delhi,Delhi,"Patparganj, Delhi - DPCC","11-02-2026 10:00:00",28.623763,77.287209,PM10,181,468,324
India,Delhi,Delhi,"Patparganj, Delhi - DPCC","11-02-2026 10:00:00",28.623763,77.287209,NO2,33,164,106
India,Delhi,Delhi,"Patparganj, Delhi - DPCC","11-02-2026 10:00:00",28.623763,77.287209,NH3,9,13,11
India,Delhi,Delhi,"Patparganj, Delhi - DPCC","11-02-2026 10:00:00",28.623763,77.287209,SO2,16,22,19
India,Delhi,Delhi,"Punjabi Bagh, Delhi - DPCC","11-02-2026 10:00:00",28.674045,77.131023,NH3,4,7,5
India,Delhi,Delhi,"Punjabi Bagh, Delhi - DPCC","11-02-2026 10:00:00",28.674045,77.131023,SO2,12,26,21
India,Delhi,Delhi,"Punjabi Bagh, Delhi - DPCC","11-02-2026 10:00:00",28.674045,77.131023,CO,40,128,65
India,Delhi,Delhi,"Pusa, Delhi - DPCC","11-02-2026 10:00:00",28.639652,77.146275,NO2,57,157,104
India,Delhi,Delhi,"Pusa, Delhi - DPCC","11-02-2026 10:00:00",28.639652,77.146275,NH3,9,24,17
India,Delhi,Delhi,"R K Puram, Delhi - DPCC","11-02-2026 10:00:00",28.563262,77.186937,PM2.5,97,420,284
India,Delhi,Delhi,"R K Puram, Delhi - DPCC","11-02-2026 10:00:00",28.563262,77.186937,PM10,115,400,245
India,Delhi,Delhi,"R K Puram, Delhi - DPCC","11-02-2026 10:00:00",28.563262,77.186937,SO2,1,57,27
India,Delhi,Delhi,"Dr. Karni Singh Shooting Range, Delhi - DPCC","11-02-2026 10:00:00",28.498571,77.264840,SO2,8,19,12
India,Delhi,Delhi,"Dr. Karni Singh Shooting Range, Delhi - DPCC","11-02-2026 10:00:00",28.498571,77.264840,OZONE,3,163,20
India,Delhi,Delhi,"Dwarka-Sector 8, Delhi - DPCC ","11-02-2026 10:00:00",28.5710274,77.0719006,PM10,131,432,286
India,Delhi,Delhi,"Dwarka-Sector 8, Delhi - DPCC ","11-02-2026 10:00:00",28.5710274,77.0719006,NH3,20,26,24
India,Delhi,Delhi,"Dwarka-Sector 8, Delhi - DPCC ","11-02-2026 10:00:00",28.5710274,77.0719006,CO,44,127,107
India,Delhi,Delhi,"IGI Airport (T3), Delhi - IMD","11-02-2026 10:00:00",28.5627763,77.1180053,NO2,49,139,95
India,Delhi,Delhi,"IHBAS, Dilshad Garden, Delhi - CPCB","11-02-2026 10:00:00",28.6811736,77.3025234,NO2,16,132,87
India,Delhi,Delhi,"IHBAS, Dilshad Garden, Delhi - CPCB","11-02-2026 10:00:00",28.6811736,77.3025234,SO2,2,23,11
India,Delhi,Delhi,"ITO, Delhi - CPCB","11-02-2026 10:00:00",28.628624,77.241060,PM10,112,411,298
India,Delhi,Delhi,"ITO, Delhi - CPCB","11-02-2026 10:00:00",28.628624,77.241060,SO2,5,25,17
India,Delhi,Delhi,"ITO, Delhi - CPCB","11-02-2026 10:00:00",28.628624,77.241060,OZONE,21,51,22
India,Chhattisgarh,Bhilai,"Hathkhoj, Bhilai - CECB","11-02-2026 10:00:00",21.224231,81.408350,SO2,14,103,40
India,Chhattisgarh,Bilaspur,"Mangala, Bilaspur - NTPC","11-02-2026 10:00:00",22.08815,82.13737,PM10,50,120,86
India,Chhattisgarh,Bilaspur,"Mangala, Bilaspur - NTPC","11-02-2026 10:00:00",22.08815,82.13737,SO2,5,50,20
India,Chhattisgarh,Chhal,"Nawapara SECL Colony, Chhal - CECB","11-02-2026 10:00:00",22.118125,83.140608,PM2.5,42,90,64
India,Chhattisgarh,Chhal,"Nawapara SECL Colony, Chhal - CECB","11-02-2026 10:00:00",22.118125,83.140608,PM10,38,279,88
India,Chhattisgarh,Korba,"Rampur, Korba - CECB","11-02-2026 10:00:00",22.368195,82.746431,PM2.5,NA,NA,NA
India,Chhattisgarh,Korba,"Rampur, Korba - CECB","11-02-2026 10:00:00",22.368195,82.746431,NO2,NA,NA,NA
India,Chhattisgarh,Korba,"Urja Nagar, Korba - CECB","11-02-2026 10:00:00",22.348441,82.549611,CO,17,50,27
India,Delhi,Delhi,"Bawana, Delhi - DPCC","11-02-2026 10:00:00",28.776200,77.051074,PM2.5,88,426,312
India,Delhi,Delhi,"Burari Crossing, Delhi - IMD","11-02-2026 10:00:00",28.7256504,77.2011573,NO2,72,220,132
India,Delhi,Delhi,"CRRI Mathura Road, Delhi - IMD","11-02-2026 10:00:00",28.5512005,77.2735737,PM2.5,75,375,260
India,Delhi,Delhi,"Chandni Chowk, Delhi - IITM","11-02-2026 10:00:00",28.656756,77.227234,PM2.5,169,455,334
India,Delhi,Delhi,"Chandni Chowk, Delhi - IITM","11-02-2026 10:00:00",28.656756,77.227234,NO2,23,93,59
India,Delhi,Delhi,"Chandni Chowk, Delhi - IITM","11-02-2026 10:00:00",28.656756,77.227234,CO,98,175,109
India,Delhi,Delhi,"DTU, Delhi - CPCB","11-02-2026 10:00:00",28.7500499,77.1112615,PM2.5,75,422,288
India,Delhi,Delhi,"DTU, Delhi - CPCB","11-02-2026 10:00:00",28.7500499,77.1112615,PM10,117,359,229
India,Chandigarh,Chandigarh,"Sector 22, Chandigarh - CPCC","11-02-2026 10:00:00",30.735567,76.775714,OZONE,5,182,24
India,Chandigarh,Chandigarh,"Sector-25, Chandigarh - CPCC","11-02-2026 10:00:00",30.751462,76.762879,CO,15,65,26
India,Chandigarh,Chandigarh,"Sector-53, Chandigarh - CPCC","11-02-2026 10:00:00",30.719859,76.738637,NH3,9,11,10
India,Chandigarh,Chandigarh,"Sector-53, Chandigarh - CPCC","11-02-2026 10:00:00",30.719859,76.738637,OZONE,2,100,12
India,Chhattisgarh,Bhilai,"32Bungalows, Bhilai - CECB","11-02-2026 10:00:00",21.194815,81.314770,NH3,1,2,2
India,Chhattisgarh,Bhilai,"Civic Center, Bhilai - Bhilai Steel Plant","11-02-2026 10:00:00",21.185571,81.343175,PM2.5,18,92,48
India,Chhattisgarh,Bhilai,"Civic Center, Bhilai - Bhilai Steel Plant","11-02-2026 10:00:00",21.185571,81.343175,NH3,4,94,37
India,Chhattisgarh,Kunjemura,"OP Jindal School, Kunjemura - CECB","11-02-2026 10:00:00",22.126650,83.483212,OZONE,1,63,3
India,Chhattisgarh,Milupara,"Govt. Higher Secondary School, Milupara - CECB","11-02-2026 10:00:00",22.1910172,83.5197009,NH3,1,2,2
India,Chhattisgarh,Milupara,"Govt. Higher Secondary School, Milupara - CECB","11-02-2026 10:00:00",22.1910172,83.5197009,CO,14,42,24
India,Chhattisgarh,Milupara,"Govt. Higher Secondary School, Milupara - CECB","11-02-2026 10:00:00",22.1910172,83.5197009,OZONE,13,139,18
India,Chhattisgarh,Raipur,"Bhatagaon New ISBT, Raipur - CECB","11-02-2026 10:00:00",21.219665,81.630094,PM2.5,36,74,56
India,Chhattisgarh,Raipur,"Bhatagaon New ISBT, Raipur - CECB","11-02-2026 10:00:00",21.219665,81.630094,NH3,2,2,2
India,Chhattisgarh,Raipur,"Krishak Nagar, Raipur - CECB","11-02-2026 10:00:00",21.237755,81.705301,SO2,4,8,6
India,Chhattisgarh,Raipur,"Siltara Phase-II, Raipur - CECB","11-02-2026 10:00:00",21.371751,81.664929,PM2.5,37,77,58
India,Chhattisgarh,Raipur,"Siltara Phase-II, Raipur - CECB","11-02-2026 10:00:00",21.371751,81.664929,NO2,40,69,47
India,Chhattisgarh,Raipur,"Siltara Phase-II, Raipur - CECB","11-02-2026 10:00:00",21.371751,81.664929,CO,34,36,35
India,Chhattisgarh,Tumidih,"OP Jindal Industrial Park, Tumidih - CECB","11-02-2026 10:00:00",22.06631475,83.33820077,NO2,32,96,69
India,Delhi,Delhi,"Ashok Vihar, Delhi - DPCC","11-02-2026 10:00:00",28.695381,77.181665,PM2.5,77,483,340
India,Delhi,Delhi,"Ashok Vihar, Delhi - DPCC","11-02-2026 10:00:00",28.695381,77.181665,NO2,28,188,106
India,Delhi,Delhi,"Ashok Vihar, Delhi - DPCC","11-02-2026 10:00:00",28.695381,77.181665,SO2,20,34,28
India,Delhi,Delhi,"Jahangirpuri, Delhi - DPCC","11-02-2026 10:00:00",28.732820,77.170633,PM10,141,500,335
India,Delhi,Delhi,"Jawaharlal Nehru Stadium, Delhi - DPCC","11-02-2026 10:00:00",28.580280,77.233829,NO2,39,155,99
India,Delhi,Delhi,"Lodhi Road, Delhi - IMD","11-02-2026 10:00:00",28.5918245,77.2273074,CO,54,107,102
India,Delhi,Delhi,"Major Dhyan Chand National Stadium, Delhi - DPCC","11-02-2026 10:00:00",28.611281,77.237738,PM2.5,65,406,261
India,Delhi,Delhi,"Mandir Marg, Delhi - DPCC","11-02-2026 10:00:00",28.636429,77.201067,OZONE,15,151,23
India,Delhi,Delhi,"Mundka, Delhi - DPCC","11-02-2026 10:00:00",28.684678,77.076574,NO2,61,139,96
India,Delhi,Delhi,"Mundka, Delhi - DPCC","11-02-2026 10:00:00",28.684678,77.076574,SO2,22,44,31
India,Delhi,Delhi,"NSIT Dwarka, Delhi - CPCB","11-02-2026 10:00:00",28.60909,77.0325413,CO,36,70,47
India,Delhi,Delhi,"Najafgarh, Delhi - DPCC","11-02-2026 10:00:00",28.570173,76.933762,PM10,73,311,178
India,Delhi,Delhi,"Narela, Delhi - DPCC","11-02-2026 10:00:00",28.822836,77.101981,PM10,161,425,317
India,Delhi,Delhi,"Narela, Delhi - DPCC","11-02-2026 10:00:00",28.822836,77.101981,NH3,5,15,8
India,Haryana,Ballabgarh,"Nathu Colony, Ballabgarh - HSPCB","11-02-2026 10:00:00",28.3419248,77.319699,NH3,3,3,3
India,Haryana,Ballabgarh,"Nathu Colony, Ballabgarh - HSPCB","11-02-2026 10:00:00",28.3419248,77.319699,CO,15,100,44
India,Haryana,Bhiwani,"H.B. Colony, Bhiwani - HSPCB","11-02-2026 10:00:00",28.806223,76.141105,PM2.5,16,500,247
India,Haryana,Bhiwani,"H.B. Colony, Bhiwani - HSPCB","11-02-2026 10:00:00",28.806223,76.141105,NH3,1,8,8
India,Haryana,Bhiwani,"H.B. Colony, Bhiwani - HSPCB","11-02-2026 10:00:00",28.806223,76.141105,SO2,1,2,2
India,Haryana,"Charkhi Dadri","Mini Secretariat, Charkhi Dadri - HSPCB","11-02-2026 10:00:00",28.593883,76.270653,PM10,110,240,158
India,Haryana,Dharuhera,"Municipal Corporation Office, Dharuhera -  HSPCB","11-02-2026 10:00:00",28.206800,76.799700,PM10,84,215,150
India,Haryana,Dharuhera,"Municipal Corporation Office, Dharuhera -  HSPCB","11-02-2026 10:00:00",28.206800,76.799700,SO2,6,7,7
India,Haryana,Dharuhera,"Municipal Corporation Office, Dharuhera -  HSPCB","11-02-2026 10:00:00",28.206800,76.799700,CO,54,102,79
India,Haryana,Faridabad,"New Industrial Town, Faridabad - HSPCB","11-02-2026 10:00:00",28.39072,77.30059,PM2.5,181,205,194
India,Gujarat,Surat,"Science Center, Surat - SMC","11-02-2026 10:00:00",21.170046,72.795405,PM10,46,77,60
India,Gujarat,Surat,"Science Center, Surat - SMC","11-02-2026 10:00:00",21.170046,72.795405,CO,29,38,36
India,Gujarat,Vadodara,"Bapunagar, Vadodara - Nexteng Enviro","11-02-2026 10:00:00",22.320153,73.216285,PM2.5,42,304,142
India,Gujarat,Vadodara,"Bapunagar, Vadodara - Nexteng Enviro","11-02-2026 10:00:00",22.320153,73.216285,SO2,7,9,7
India,Gujarat,Vapi,"Phase-1 GIDC, Vapi - GPCB","11-02-2026 10:00:00",20.362421,72.918013,PM2.5,36,108,55
India,Gujarat,Vapi,"Phase-1 GIDC, Vapi - GPCB","11-02-2026 10:00:00",20.362421,72.918013,PM10,35,92,54
India,Gujarat,Vapi,"Phase-1 GIDC, Vapi - GPCB","11-02-2026 10:00:00",20.362421,72.918013,OZONE,5,25,6
India,Gujarat,Vatva,"Phase-4 GIDC, Vatva - GPCB","11-02-2026 10:00:00",22.969611,72.643500,CO,16,18,18
India,Haryana,Bahadurgarh,"Arya Nagar, Bahadurgarh - HSPCB","11-02-2026 10:00:00",28.6701,76.9254,NH3,12,13,13
India,Haryana,Gurugram,"Sector-51, Gurugram - HSPCB","11-02-2026 10:00:00",28.4227,77.0667,OZONE,3,15,5
India,Haryana,Gurugram,"Teri Gram, Gurugram - HSPCB","11-02-2026 10:00:00",28.4275,77.1465,PM2.5,73,348,199
India,Haryana,Gurugram,"Teri Gram, Gurugram - HSPCB","11-02-2026 10:00:00",28.4275,77.1465,CO,54,104,102
India,Haryana,Gurugram,"Vikas Sadan, Gurugram - HSPCB","11-02-2026 10:00:00",28.4501238,77.0263051,PM2.5,274,500,383
India,Haryana,Gurugram,"Vikas Sadan, Gurugram - HSPCB","11-02-2026 10:00:00",28.4501238,77.0263051,NO2,9,45,26
India,Haryana,Gurugram,"Vikas Sadan, Gurugram - HSPCB","11-02-2026 10:00:00",28.4501238,77.0263051,CO,65,115,97
India,Haryana,Hisar,"Urban Estate-II, Hisar - HSPCB","11-02-2026 10:00:00",29.140560,75.744941,OZONE,44,127,62
India,Haryana,Jind,"Police Lines, Jind - HSPCB","11-02-2026 10:00:00",29.307814,76.337619,NO2,38,53,46
India,Haryana,Jind,"Police Lines, Jind - HSPCB","11-02-2026 10:00:00",29.307814,76.337619,CO,1,48,16
India,Delhi,Delhi,"Wazirpur, Delhi - DPCC","11-02-2026 10:00:00",28.699793,77.165453,CO,30,115,88
India,Gujarat,Ahmedabad,"Gyaspur, Ahmedabad - IITM","11-02-2026 10:00:00",22.977134,72.553024,NO2,46,138,74
India,Gujarat,Ahmedabad,"Gyaspur, Ahmedabad - IITM","11-02-2026 10:00:00",22.977134,72.553024,NH3,6,19,10
India,Gujarat,Ahmedabad,"Gyaspur, Ahmedabad - IITM","11-02-2026 10:00:00",22.977134,72.553024,OZONE,1,84,1
India,Gujarat,Ahmedabad,"Maninagar, Ahmedabad - GPCB","11-02-2026 10:00:00",23.002657,72.591912,PM10,83,133,110
India,Gujarat,Ahmedabad,"Maninagar, Ahmedabad - GPCB","11-02-2026 10:00:00",23.002657,72.591912,SO2,24,50,38
India,Gujarat,Ahmedabad,"Raikhad, Ahmedabad - IITM","11-02-2026 10:00:00",23.020509,72.579261,NO2,25,123,72
India,Gujarat,Ahmedabad,"Raikhad, Ahmedabad - IITM","11-02-2026 10:00:00",23.020509,72.579261,SO2,11,105,20
India,Gujarat,Ahmedabad,"Rakhial, Ahmedabad - IITM","11-02-2026 10:00:00",23.016834,72.625775,NO2,14,85,45
India,Gujarat,Ahmedabad,"Rakhial, Ahmedabad - IITM","11-02-2026 10:00:00",23.016834,72.625775,SO2,25,67,37
India,Gujarat,Ahmedabad,"Rakhial, Ahmedabad - IITM","11-02-2026 10:00:00",23.016834,72.625775,OZONE,1,64,4
India,Gujarat,Ahmedabad,"SAC ISRO Satellite, Ahmedabad - IITM","11-02-2026 10:00:00",23.023389,72.515201,SO2,4,32,10
India,Gujarat,Ahmedabad,"SVPI Airport Hansol, Ahmedabad - IITM","11-02-2026 10:00:00",23.076793,72.627874,NH3,3,19,7
India,Gujarat,Ahmedabad,"SVPI Airport Hansol, Ahmedabad - IITM","11-02-2026 10:00:00",23.076793,72.627874,CO,8,48,32
India,Gujarat,Ankleshwar,"GIDC, Ankleshwar - GPCB","11-02-2026 10:00:00",21.613267,73.010555,PM2.5,62,126,90
India,Gujarat,Bhavnagar,"Vidhyanagar, Bhavnagar - Nexteng Enviro","11-02-2026 10:00:00",21.755417,72.139056,OZONE,4,15,6
India,Gujarat,Gandhinagar,"GIFT City, Gandhinagar - IITM","11-02-2026 10:00:00",23.163798,72.677768,NH3,5,15,8
India,Gujarat,Gandhinagar,"Sector-10, Gandhinagar - GPCB","11-02-2026 10:00:00",23.221714,72.654328,PM2.5,39,172,86
India,Gujarat,Gandhinagar,"Sector-10, Gandhinagar - GPCB","11-02-2026 10:00:00",23.221714,72.654328,NH3,2,5,3
India,Gujarat,Gandhinagar,"Sector-10, Gandhinagar - GPCB","11-02-2026 10:00:00",23.221714,72.654328,SO2,5,12,10
India,Gujarat,Gandhinagar,"Sector-10, Gandhinagar - GPCB","11-02-2026 10:00:00",23.221714,72.654328,CO,48,60,54
India,Gujarat,Mehsana,"Sadanand Nagar, Mehsana - Nexteng Enviro","11-02-2026 10:00:00",23.593150,72.372792,CO,145,157,153
India,Gujarat,Rajkot,"Mavdi, Rajkot - Nexteng Enviro ","11-02-2026 10:00:00",22.248853,70.776774,PM10,30,119,71
India,Haryana,Faridabad,"Sector 11, Faridabad - HSPCB","11-02-2026 10:00:00",28.376058,77.315741,SO2,2,6,5
India,Haryana,Faridabad,"Sector 11, Faridabad - HSPCB","11-02-2026 10:00:00",28.376058,77.315741,CO,10,55,42
India,Haryana,Faridabad,"Sector 30, Faridabad - HSPCB","11-02-2026 10:00:00",28.4417,77.3217,NO2,35,39,37
India,Haryana,Faridabad,"Sector 30, Faridabad - HSPCB","11-02-2026 10:00:00",28.4417,77.3217,CO,40,66,61
India,Haryana,Faridabad,"Sector 30, Faridabad - HSPCB","11-02-2026 10:00:00",28.4417,77.3217,OZONE,17,19,18
India,Haryana,Fatehabad,"Huda Sector, Fatehabad - HSPCB","11-02-2026 10:00:00",29.503664,75.467934,OZONE,51,65,55
India,Haryana,Gurugram,"Sector-51, Gurugram - HSPCB","11-02-2026 10:00:00",28.4227,77.0667,NH3,9,14,12
India,Delhi,Delhi,"Shadipur, Delhi - CPCB","11-02-2026 10:00:00",28.6514781,77.1473105,PM10,114,500,282
India,Delhi,Delhi,"Sirifort, Delhi - CPCB","11-02-2026 10:00:00",28.5504249,77.2159377,NO2,26,38,32
India,Delhi,Delhi,"Sirifort, Delhi - CPCB","11-02-2026 10:00:00",28.5504249,77.2159377,OZONE,4,27,5
India,Delhi,Delhi,"Sonia Vihar, Delhi - DPCC","11-02-2026 10:00:00",28.710508,77.249485,PM2.5,233,469,359
India,Delhi,Delhi,"Sri Aurobindo Marg, Delhi - DPCC","11-02-2026 10:00:00",28.531346,77.190156,NH3,2,8,5
India,Delhi,Delhi,"Vivek Vihar, Delhi - DPCC","11-02-2026 10:00:00",28.672342,77.315260,NO2,36,127,81
India,Haryana,Kaithal,"Rishi Nagar, Kaithal - HSPCB","11-02-2026 10:00:00",29.8006,76.4155,CO,16,56,38
India,Haryana,Mandikhera,"General Hospital, Mandikhera(Nuh) - HSPCB","11-02-2026 10:00:00",27.9002,76.9938,PM10,89,141,113
India,Haryana,Mandikhera,"General Hospital, Mandikhera(Nuh) - HSPCB","11-02-2026 10:00:00",27.9002,76.9938,OZONE,23,32,27
India,Haryana,Manesar,"Sector-2 IMT, Manesar - HSPCB","11-02-2026 10:00:00",28.360699,76.936090,NO2,43,55,50
India,Karnataka,Chamarajanagar,"Urban, Chamarajanagar - KSPCB","11-02-2026 10:00:00",11.55358,76.55521,NO2,14,29,21
India,Karnataka,Chamarajanagar,"Urban, Chamarajanagar - KSPCB","11-02-2026 10:00:00",11.55358,76.55521,CO,11,24,19
India,Karnataka,Chikkaballapur,"Chikkaballapur Rural, Chikkaballapur - KSPCB","11-02-2026 10:00:00",13.428828,77.731418,OZONE,15,22,21
India,Karnataka,Chikkamagaluru,"Kalyana Nagara, Chikkamagaluru - KSPCB","11-02-2026 10:00:00",13.328028,75.797056,PM2.5,19,108,52
India,Karnataka,Chikkamagaluru,"Kalyana Nagara, Chikkamagaluru - KSPCB","11-02-2026 10:00:00",13.328028,75.797056,PM10,27,76,55
India,Karnataka,Chikkamagaluru,"Kalyana Nagara, Chikkamagaluru - KSPCB","11-02-2026 10:00:00",13.328028,75.797056,NH3,2,3,3
India,Karnataka,Chikkamagaluru,"Kalyana Nagara, Chikkamagaluru - KSPCB","11-02-2026 10:00:00",13.328028,75.797056,OZONE,19,69,19
India,Karnataka,Dharwad,"Kalabhavan, Dharwad - KSPCB","11-02-2026 10:00:00",15.459706,75.008381,PM10,62,111,93
India,Karnataka,Dharwad,"Kalabhavan, Dharwad - KSPCB","11-02-2026 10:00:00",15.459706,75.008381,NH3,5,6,6
India,Karnataka,Dharwad,"Kalabhavan, Dharwad - KSPCB","11-02-2026 10:00:00",15.459706,75.008381,OZONE,23,31,23
India,Karnataka,Hubballi,"Lingaraj Nagar, Hubballi - KSPCB","11-02-2026 10:00:00",15.3714823,75.1160168,PM2.5,36,45,39
India,Haryana,Panchkula,"Sector-6, Panchkula - HSPCB ","11-02-2026 10:00:00",30.7057778,76.8531805555555,CO,6,33,31
India,Haryana,Panchkula,"Sector-6, Panchkula - HSPCB ","11-02-2026 10:00:00",30.7057778,76.8531805555555,OZONE,2,13,12
India,Haryana,Rohtak,"MD University, Rohtak - HSPCB","11-02-2026 10:00:00",28.52123,76.37138,PM2.5,85,319,199
India,Haryana,Rohtak,"MD University, Rohtak - HSPCB","11-02-2026 10:00:00",28.52123,76.37138,PM10,73,469,131
India,Haryana,Sirsa,"F-Block, Sirsa - HSPCB","11-02-2026 10:00:00",29.536400,75.015800,PM10,NA,NA,NA
India,Haryana,Sirsa,"F-Block, Sirsa - HSPCB","11-02-2026 10:00:00",29.536400,75.015800,SO2,NA,NA,NA
India,Haryana,Sirsa,"F-Block, Sirsa - HSPCB","11-02-2026 10:00:00",29.536400,75.015800,OZONE,NA,NA,NA
India,Haryana,Sonipat,"Murthal, Sonipat - HSPCB","11-02-2026 10:00:00",29.027200,77.062100,PM2.5,55,265,134
India,"Himachal Pradesh",Baddi,"HIMUDA Complex Phase-1, Baddi - HPPCB","11-02-2026 10:00:00",30.943887,76.801991,PM10,105,425,156
India,"Himachal Pradesh",Baddi,"HIMUDA Complex Phase-1, Baddi - HPPCB","11-02-2026 10:00:00",30.943887,76.801991,CO,47,78,63
India,Jammu_and_Kashmir,Pampore,"Khrew, Pampore - JKPCC","11-02-2026 10:00:00",34.031606,75.009712,PM10,13,37,25
India,Jammu_and_Kashmir,Pampore,"Khrew, Pampore - JKPCC","11-02-2026 10:00:00",34.031606,75.009712,SO2,1,2,1
India,Jammu_and_Kashmir,Srinagar,"Khunmoh, Srinagar - JKPCC","11-02-2026 10:00:00",34.06313,74.96017,NO2,3,21,10
India,Jharkhand,Dhanbad,"Sardar Patel Nagar, Dhanbad - JSPCB","11-02-2026 10:00:00",23.80569,86.44268,CO,5,54,38
India,Karnataka,Kalaburagi,"Mahatma Basaveswar Colony, Kalaburgi - KSPCB","11-02-2026 10:00:00",17.336318,76.847397,NH3,2,4,3
India,Karnataka,Mysuru,"Hebbal 1st Stage, Mysuru - KSPCB","11-02-2026 10:00:00",12.21041,76.37376,PM2.5,51,76,63
India,Karnataka,Ramanagara,"Vijay Nagar, Ramanagara - KSPCB","11-02-2026 10:00:00",12.733409,77.298051,PM10,72,147,120
India,Karnataka,Shivamogga,"Vinoba Nagara, Shivamogga - KSPCB","11-02-2026 10:00:00",13.940000,75.555917,PM2.5,29,50,32
India,Karnataka,Shivamogga,"Vinoba Nagara, Shivamogga - KSPCB","11-02-2026 10:00:00",13.940000,75.555917,NO2,21,23,22
India,Karnataka,Shivamogga,"Vinoba Nagara, Shivamogga - KSPCB","11-02-2026 10:00:00",13.940000,75.555917,NH3,3,4,4
India,Karnataka,Bagalkot,"Vidayagiri, Bagalkot - KSPCB","11-02-2026 10:00:00",16.172806,75.659694,NO2,11,12,12
India,Karnataka,Bengaluru,"BTM Layout, Bengaluru - CPCB","11-02-2026 10:00:00",12.9135218,77.5950804,NH3,14,20,15
India,Karnataka,Bengaluru,"BTM Layout, Bengaluru - CPCB","11-02-2026 10:00:00",12.9135218,77.5950804,SO2,17,17,17
India,Karnataka,Bengaluru,"BWSSB Kadabesanahalli, Bengaluru - CPCB","11-02-2026 10:00:00",12.9352049,77.6814488,SO2,4,11,5
India,Karnataka,Bengaluru,"Bapuji Nagar, Bengaluru - KSPCB","11-02-2026 10:00:00",12.951913,77.539784,PM2.5,NA,NA,NA
India,Karnataka,Bengaluru,"Bapuji Nagar, Bengaluru - KSPCB","11-02-2026 10:00:00",12.951913,77.539784,NO2,NA,NA,NA
India,Karnataka,Bengaluru,"Bapuji Nagar, Bengaluru - KSPCB","11-02-2026 10:00:00",12.951913,77.539784,OZONE,71,188,104
India,Karnataka,Tumakuru,"Thimmalapura, Tumakuru - KSPCB","11-02-2026 10:00:00",13.377516,77.099072,NO2,31,32,32
India,Karnataka,Tumakuru,"Thimmalapura, Tumakuru - KSPCB","11-02-2026 10:00:00",13.377516,77.099072,CO,52,54,53
India,Karnataka,Vijayapura,"Ibrahimpur, Vijayapura - KSPCB","11-02-2026 10:00:00",16.802639,75.722694,NO2,11,12,11
India,Kerala,Eloor,"Udyogamandal, Eloor - Kerala PCB","11-02-2026 10:00:00",10.073232,76.302765,NO2,7,8,8
India,Kerala,Eloor,"Udyogamandal, Eloor - Kerala PCB","11-02-2026 10:00:00",10.073232,76.302765,OZONE,12,26,16
India,Kerala,Kollam,"Polayathode, Kollam - Kerala PCB","11-02-2026 10:00:00",8.8787,76.6073,PM2.5,43,204,70
India,Karnataka,Bengaluru,"RVCE-Mailasandra, Bengaluru - KSPCB","11-02-2026 10:00:00",12.921418,77.502466,PM2.5,80,500,216
India,Karnataka,Bengaluru,"RVCE-Mailasandra, Bengaluru - KSPCB","11-02-2026 10:00:00",12.921418,77.502466,NO2,24,31,31
India,Karnataka,Bengaluru,"Sanegurava Halli, Bengaluru - KSPCB","11-02-2026 10:00:00",12.990328,77.5431385,CO,22,101,32
India,Karnataka,Bengaluru,"Silk Board, Bengaluru - KSPCB","11-02-2026 10:00:00",12.917348,77.622813,OZONE,28,154,62
India,Karnataka,Chamarajanagar,"Urban, Chamarajanagar - KSPCB","11-02-2026 10:00:00",11.55358,76.55521,PM2.5,13,67,33
India,Karnataka,Bengaluru,"Hebbal, Bengaluru - KSPCB","11-02-2026 10:00:00",13.029152,77.585901,NH3,1,2,1
India,Karnataka,Bengaluru,"Hombegowda Nagar, Bengaluru - KSPCB","11-02-2026 10:00:00",12.938539,77.590100,NO2,21,55,33
India,Karnataka,Bengaluru,"Jayanagar 5th Block, Bengaluru - KSPCB","11-02-2026 10:00:00",12.920984,77.584908,OZONE,29,114,85
India,Karnataka,Bengaluru,"Kasturi Nagar, Bengaluru - KSPCB","11-02-2026 10:00:00",13.003872,77.664217,CO,28,50,43
India,Haryana,Narnaul,"Shastri Nagar, Narnaul - HSPCB","11-02-2026 10:00:00",28.060249,76.113115,NO2,49,89,64
India,Haryana,Palwal,"Shyam Nagar, Palwal - HSPCB","11-02-2026 10:00:00",28.1485564,77.3320667,PM10,63,97,75
India,Haryana,Palwal,"Shyam Nagar, Palwal - HSPCB","11-02-2026 10:00:00",28.1485564,77.3320667,NO2,23,24,24
India,Maharashtra,Boisar,"Khaira, Boisar - MPCB","11-02-2026 10:00:00",19.786089,72.757971,PM10,97,117,106
India,Maharashtra,Chandrapur,"Chauhan Colony, Chandrapur - MPCB","11-02-2026 10:00:00",19.962900,79.298714,PM2.5,15,140,54
India,Maharashtra,Chandrapur,"Chauhan Colony, Chandrapur - MPCB","11-02-2026 10:00:00",19.962900,79.298714,NO2,30,43,32
India,Maharashtra,Chandrapur,"Chauhan Colony, Chandrapur - MPCB","11-02-2026 10:00:00",19.962900,79.298714,CO,26,113,32
India,Maharashtra,Chandrapur,"MIDC Khutala, Chandrapur - MPCB","11-02-2026 10:00:00",19.9775302,79.2337086,PM2.5,43,215,116
India,Maharashtra,Chandrapur,"MIDC Khutala, Chandrapur - MPCB","11-02-2026 10:00:00",19.9775302,79.2337086,SO2,8,9,9
India,Maharashtra,Chandrapur,"MIDC Khutala, Chandrapur - MPCB","11-02-2026 10:00:00",19.9775302,79.2337086,CO,37,41,39
India,Maharashtra,Dhule,"Deopur, Dhule - MPCB","11-02-2026 10:00:00",20.918946,74.776388,PM2.5,109,175,128
India,Maharashtra,Dhule,"Deopur, Dhule - MPCB","11-02-2026 10:00:00",20.918946,74.776388,OZONE,30,65,32
India,Maharashtra,Jalgaon,"Prabhat Colony, Jalgaon - MPCB","11-02-2026 10:00:00",21.001264,75.565602,PM2.5,88,129,105
India,Maharashtra,Jalgaon,"Prabhat Colony, Jalgaon - MPCB","11-02-2026 10:00:00",21.001264,75.565602,PM10,55,132,89
India,Maharashtra,Jalgaon,"Prabhat Colony, Jalgaon - MPCB","11-02-2026 10:00:00",21.001264,75.565602,NH3,2,3,2
India,Maharashtra,Jalgaon,"Prabhat Colony, Jalgaon - MPCB","11-02-2026 10:00:00",21.001264,75.565602,OZONE,8,99,35
India,Maharashtra,Jalna,"Old MIDC, Jalna - MPCB","11-02-2026 10:00:00",19.854616,75.905894,PM10,NA,NA,NA
India,Maharashtra,Jalna,"Old MIDC, Jalna - MPCB","11-02-2026 10:00:00",19.854616,75.905894,NO2,NA,NA,NA
India,Maharashtra,Kalyan,"Pimpleshwar Mandir, Kalyan - MPCB","11-02-2026 10:00:00",19.192056,72.9585188,NH3,NA,NA,NA
India,Maharashtra,Kalyan,"Pimpleshwar Mandir, Kalyan - MPCB","11-02-2026 10:00:00",19.192056,72.9585188,CO,30,38,34
India,Maharashtra,Kolhapur,"Shivaji University, Kolhapur - MPCB","11-02-2026 10:00:00",16.6870449,74.2505872,PM2.5,18,74,44
India,Maharashtra,Kolhapur,"Shivaji University, Kolhapur - MPCB","11-02-2026 10:00:00",16.6870449,74.2505872,PM10,47,104,72
India,Maharashtra,Kolhapur,"Shivaji University, Kolhapur - MPCB","11-02-2026 10:00:00",16.6870449,74.2505872,NH3,4,5,4
India,Maharashtra,Kolhapur,"Shivaji University, Kolhapur - MPCB","11-02-2026 10:00:00",16.6870449,74.2505872,SO2,1,5,4
India,Maharashtra,Kolhapur,"Sinchan Bhavan, Kolhapur - MPCB","11-02-2026 10:00:00",16.7143745,74.2426398,PM10,62,431,133
India,Maharashtra,Kolhapur,"Sinchan Bhavan, Kolhapur - MPCB","11-02-2026 10:00:00",16.7143745,74.2426398,NH3,NA,NA,NA
India,Maharashtra,Kolhapur,"Sinchan Bhavan, Kolhapur - MPCB","11-02-2026 10:00:00",16.7143745,74.2426398,CO,3,10,7
India,Maharashtra,Latur,"Sawe Wadi, Latur - MPCB","11-02-2026 10:00:00",18.39963,76.57452,PM2.5,51,92,70
India,Maharashtra,Latur,"Sawe Wadi, Latur - MPCB","11-02-2026 10:00:00",18.39963,76.57452,CO,10,69,28
India,Maharashtra,Mahad,"Kamble Tarf Birwadi, Mahad - MPCB","11-02-2026 10:00:00",18.1023399,73.4783687,SO2,2,91,21
India,Maharashtra,Mahad,"Kamble Tarf Birwadi, Mahad - MPCB","11-02-2026 10:00:00",18.1023399,73.4783687,CO,16,44,32
India,Maharashtra,Aurangabad,"More Chowk Waluj, Aurangabad - MPCB","11-02-2026 10:00:00",19.8389439,75.244448,PM10,72,126,98
India,Maharashtra,Aurangabad,"Rachnakar Colony, Aurangabad - MPCB","11-02-2026 10:00:00",19.863756,75.321188,PM2.5,70,412,134
India,Maharashtra,Badlapur,"Katrap, Badlapur - MPCB","11-02-2026 10:00:00",19.16485,73.23409,NO2,10,36,25
India,Maharashtra,Badlapur,"Katrap, Badlapur - MPCB","11-02-2026 10:00:00",19.16485,73.23409,CO,18,38,28
India,Maharashtra,Badlapur,"Katrap, Badlapur - MPCB","11-02-2026 10:00:00",19.16485,73.23409,OZONE,12,84,16
India,Maharashtra,Belapur,"CBD Belapur, Belapur - MPCB","11-02-2026 10:00:00",19.0243902,73.0406721,PM10,129,217,162
India,Maharashtra,Belapur,"CBD Belapur, Belapur - MPCB","11-02-2026 10:00:00",19.0243902,73.0406721,NO2,8,58,28
India,Maharashtra,Belapur,"CBD Belapur, Belapur - MPCB","11-02-2026 10:00:00",19.0243902,73.0406721,NH3,1,1,1
India,Maharashtra,Bhiwandi,"Gokul Nagar, Bhiwandi - MPCB","11-02-2026 10:00:00",19.309073,73.057223,NH3,3,8,5
India,Maharashtra,Bhiwandi,"Gokul Nagar, Bhiwandi - MPCB","11-02-2026 10:00:00",19.309073,73.057223,CO,23,46,39
India,Maharashtra,Boisar,"Khaira, Boisar - MPCB","11-02-2026 10:00:00",19.786089,72.757971,PM2.5,1,96,37
India,Kerala,Kollam,"Polayathode, Kollam - Kerala PCB","11-02-2026 10:00:00",8.8787,76.6073,NH3,1,1,1
India,Kerala,Thiruvananthapuram,"Kariavattom, Thiruvananthapuram - Kerala PCB","11-02-2026 10:00:00",8.563700,76.886500,PM10,32,147,96
India,Kerala,Thiruvananthapuram,"Kariavattom, Thiruvananthapuram - Kerala PCB","11-02-2026 10:00:00",8.563700,76.886500,CO,8,24,21
India,Kerala,Thrissur,"Corporation Ground, Thrissur - Kerala PCB","11-02-2026 10:00:00",10.532400,76.215900,SO2,1,1,1
India,"Madhya Pradesh",Bhopal,"Idgah Hills, Bhopal - MPPCB","11-02-2026 10:00:00",23.264759,77.381568,PM2.5,65,167,110
India,"Madhya Pradesh",Bhopal,"Idgah Hills, Bhopal - MPPCB","11-02-2026 10:00:00",23.264759,77.381568,NH3,4,6,6
India,"Madhya Pradesh",Bhopal,"T T Nagar, Bhopal - MPPCB","11-02-2026 10:00:00",23.233584,77.400574,PM2.5,65,213,105
India,"Madhya Pradesh",Indore,"Airport Area, Indore - IMC","11-02-2026 10:00:00",22.7289,75.8076,PM10,74,161,101
India,"Madhya Pradesh",Indore,"Airport Area, Indore - IMC","11-02-2026 10:00:00",22.7289,75.8076,OZONE,6,19,10
India,"Madhya Pradesh",Indore,"Chhoti Gwaltoli, Indore - MPPCB","11-02-2026 10:00:00",22.4310,75.5213,PM2.5,62,296,154
India,"Madhya Pradesh",Indore,"Chhoti Gwaltoli, Indore - MPPCB","11-02-2026 10:00:00",22.4310,75.5213,PM10,94,214,146
India,"Madhya Pradesh",Indore,"Maguda Nagar, Indore - IMC","11-02-2026 10:00:00",22.7524,75.8872,NO2,10,25,18
India,"Madhya Pradesh",Indore,"Regional Park, Indore - IMC","11-02-2026 10:00:00",22.6780,75.8559,CO,12,66,56
India,"Madhya Pradesh",Indore,"Residency Area, Indore - IMC","11-02-2026 10:00:00",22.7084,75.8815,SO2,2,4,3
India,"Madhya Pradesh",Indore,"Residency Area, Indore - IMC","11-02-2026 10:00:00",22.7084,75.8815,CO,29,110,80
India,"Madhya Pradesh",Pithampur,"Sector-2 Industrial Area, Pithampur - MPPCB","11-02-2026 10:00:00",22.624758,75.675238,NH3,NA,NA,NA
India,"Madhya Pradesh",Ratlam,"Shasthri Nagar, Ratlam - IPCA Lab","11-02-2026 10:00:00",23.331731,75.045981,PM10,81,192,123
India,"Madhya Pradesh",Ratlam,"Shasthri Nagar, Ratlam - IPCA Lab","11-02-2026 10:00:00",23.331731,75.045981,SO2,38,45,41
India,"Madhya Pradesh",Sagar,"Civil Lines, Sagar - MPPCB","11-02-2026 10:00:00",23.838586,78.759431,PM10,52,112,78
India,"Madhya Pradesh",Sagar,"Civil Lines, Sagar - MPPCB","11-02-2026 10:00:00",23.838586,78.759431,NH3,1,4,2
India,"Madhya Pradesh",Singrauli,"Suryakiran Bhawan NCL, Singrauli - MPPCB","11-02-2026 10:00:00",24.108970,82.645580,PM10,115,349,194
India,"Madhya Pradesh",Jabalpur,"Marhatal, Jabalpur - MPPCB","11-02-2026 10:00:00",23.168606,79.932247,OZONE,17,96,30
India,"Madhya Pradesh",Jabalpur,"Suhagi, Jabalpur - JMC","11-02-2026 10:00:00",23.218135,79.957770,PM2.5,28,112,66
India,"Madhya Pradesh",Jabalpur,"Suhagi, Jabalpur - JMC","11-02-2026 10:00:00",23.218135,79.957770,CO,42,113,73
India,"Madhya Pradesh",Katni,"Gole Bazar, Katni - MPPCB","11-02-2026 10:00:00",23.50016,80.23284,NO2,19,36,31
India,"Madhya Pradesh",Mandideep,"Sector-D Industrial Area, Mandideep - MPPCB","11-02-2026 10:00:00",23.108440,77.511428,NH3,1,3,2
India,"Madhya Pradesh",Ujjain,"Mahashweta Nagar, Ujjain - MPPCB","11-02-2026 10:00:00",23.1633321,75.800225,PM2.5,85,357,215
India,"Madhya Pradesh",Ujjain,"Mahashweta Nagar, Ujjain - MPPCB","11-02-2026 10:00:00",23.1633321,75.800225,CO,40,118,102
India,Maharashtra,Ahmednagar,"Tarakpur, Ahmednagar - MPCB","11-02-2026 10:00:00",19.10122,74.73339,OZONE,3,128,27
India,Maharashtra,Akola,"Ramdaspeth, Akola - MPCB","11-02-2026 10:00:00",20.719516,77.000253,NH3,2,8,5
India,Maharashtra,Akola,"Ramdaspeth, Akola - MPCB","11-02-2026 10:00:00",20.719516,77.000253,OZONE,7,79,31
India,"Madhya Pradesh",Dewas,"Bhopal Chauraha, Dewas - MPPCB","11-02-2026 10:00:00",22.9682591,76.064118,NH3,6,8,6
India,"Madhya Pradesh",Gwalior,"City Center, Gwalior - MPPCB","11-02-2026 10:00:00",26.203442,78.193251,PM10,37,119,77
India,"Madhya Pradesh",Gwalior,"Deen Dayal Nagar, Gwalior - MPPCB","11-02-2026 10:00:00",26.259242,78.216432,SO2,2,17,8
India,"Madhya Pradesh",Gwalior,"Maharaj Bada, Gwalior - MPPCB","11-02-2026 10:00:00",26.200388,78.147714,NH3,2,5,4
India,Maharashtra,Mumbai,"Byculla, Mumbai - BMC","11-02-2026 10:00:00",18.9767,72.8380,SO2,NA,NA,NA
India,Maharashtra,Mumbai,"Byculla, Mumbai - BMC","11-02-2026 10:00:00",18.9767,72.8380,CO,NA,NA,NA
India,Maharashtra,Mumbai,"Chakala-Andheri East, Mumbai - IITM","11-02-2026 10:00:00",19.11074,72.86084,NO2,NA,NA,NA
India,Maharashtra,Mumbai,"Chembur, Mumbai - MPCB","11-02-2026 10:00:00",19.0364585,72.8954371,PM10,103,125,112
India,Maharashtra,Mumbai,"Chembur, Mumbai - MPCB","11-02-2026 10:00:00",19.0364585,72.8954371,NO2,32,74,46
India,Maharashtra,Mumbai,"Chembur, Mumbai - MPCB","11-02-2026 10:00:00",19.0364585,72.8954371,SO2,6,29,17
India,Maharashtra,Mumbai,"Chembur, Mumbai - MPCB","11-02-2026 10:00:00",19.0364585,72.8954371,CO,46,96,58
India,Maharashtra,Mumbai,"Chhatrapati Shivaji Intl. Airport (T2), Mumbai - MPCB","11-02-2026 10:00:00",19.10078,72.87462,OZONE,7,8,7
India,Maharashtra,Mumbai,"Colaba, Mumbai - MPCB","11-02-2026 10:00:00",18.910000,72.820000,OZONE,11,11,11
India,Maharashtra,Mumbai,"Deonar, Mumbai - IITM","11-02-2026 10:00:00",19.04946,72.9230,PM2.5,65,174,107
India,Maharashtra,Mumbai,"Deonar, Mumbai - IITM","11-02-2026 10:00:00",19.04946,72.9230,SO2,3,13,7
India,Maharashtra,Mumbai,"Ghatkopar, Mumbai - BMC","11-02-2026 10:00:00",19.083694,72.920967,PM2.5,92,139,111
India,Maharashtra,Nashik,"MIDC Ambad, Nashik - MPCB","11-02-2026 10:00:00",19.950220,73.731480,PM2.5,47,110,67
India,Maharashtra,Nashik,"MIDC Ambad, Nashik - MPCB","11-02-2026 10:00:00",19.950220,73.731480,CO,20,34,31
India,Maharashtra,Nashik,"Pandav Nagari, Nashik - MPCB","11-02-2026 10:00:00",19.9591346,73.7788008,PM10,76,152,99
India,Maharashtra,Nashik,"Pandav Nagari, Nashik - MPCB","11-02-2026 10:00:00",19.9591346,73.7788008,NO2,8,43,17
India,Maharashtra,"Navi Mumbai","Mahape, Navi Mumbai - MPCB","11-02-2026 10:00:00",19.1135051,73.008978,NO2,84,86,85
India,Maharashtra,"Navi Mumbai","Mahape, Navi Mumbai - MPCB","11-02-2026 10:00:00",19.1135051,73.008978,OZONE,7,11,10
India,Maharashtra,"Navi Mumbai","Nerul, Navi Mumbai - MPCB","11-02-2026 10:00:00",19.008751,73.016620,NO2,67,69,68
India,Maharashtra,"Navi Mumbai","Sanpada, Navi Mumbai - MPCB","11-02-2026 10:00:00",19.0575752,73.0151367,NO2,14,14,14
India,Maharashtra,"Navi Mumbai","Sanpada, Navi Mumbai - MPCB","11-02-2026 10:00:00",19.0575752,73.0151367,CO,28,122,40
India,Maharashtra,Mumbai,"Sewri, Mumbai - BMC","11-02-2026 10:00:00",19.000084,72.856730,PM2.5,70,190,109
India,Maharashtra,Mumbai,"Sewri, Mumbai - BMC","11-02-2026 10:00:00",19.000084,72.856730,NO2,NA,NA,NA
India,Maharashtra,Mumbai,"Shivaji Nagar, Mumbai - BMC","11-02-2026 10:00:00",19.060498,72.923356,PM2.5,50,83,68
India,Maharashtra,Mumbai,"Siddharth Nagar-Worli, Mumbai - IITM","11-02-2026 10:00:00",19.000083,72.813993,OZONE,15,83,30
India,Maharashtra,Mumbai,"Vile Parle West, Mumbai - MPCB","11-02-2026 10:00:00",19.10861,72.83622,PM10,84,149,115
India,Maharashtra,Nagpur,"Ambazari, Nagpur - MPCB","11-02-2026 10:00:00",21.121801,79.04952,PM10,105,194,135
India,Maharashtra,Nagpur,"Ambazari, Nagpur - MPCB","11-02-2026 10:00:00",21.121801,79.04952,CO,14,136,45
India,Maharashtra,Nagpur,"Mahal, Nagpur - MPCB","11-02-2026 10:00:00",21.14472,79.107595,PM2.5,122,243,183
India,Maharashtra,Nagpur,"Mahal, Nagpur - MPCB","11-02-2026 10:00:00",21.14472,79.107595,NH3,6,9,8
India,Maharashtra,Nagpur,"Ram Nagar, Nagpur - MPCB","11-02-2026 10:00:00",21.143383,79.048912,PM2.5,99,199,150
India,Maharashtra,Nagpur,"Ram Nagar, Nagpur - MPCB","11-02-2026 10:00:00",21.143383,79.048912,NH3,4,4,4
India,Maharashtra,Nagpur,"Ram Nagar, Nagpur - MPCB","11-02-2026 10:00:00",21.143383,79.048912,OZONE,5,73,15
India,Maharashtra,Nanded,"Sneh Nagar, Nanded - MPCB","11-02-2026 10:00:00",19.173852,77.296291,NO2,8,59,22
India,Maharashtra,Nashik,"Gangapur Road, Nashik - MPCB","11-02-2026 10:00:00",20.0073285,73.7762427,CO,20,22,22
India,Maharashtra,Nashik,"Gangapur Road, Nashik - MPCB","11-02-2026 10:00:00",20.0073285,73.7762427,OZONE,8,47,47
India,Maharashtra,Nashik,"Hirawadi, Nashik - MPCB","11-02-2026 10:00:00",20.021503,73.813844,OZONE,4,95,29
India,Maharashtra,"Navi Mumbai","Tondare-Taloja, Navi Mumbai - MPCB","11-02-2026 10:00:00",19.0630,73.1209,SO2,6,9,8
India,Maharashtra,"Navi Mumbai","Tondare-Taloja, Navi Mumbai - MPCB","11-02-2026 10:00:00",19.0630,73.1209,CO,6,40,15
India,Maharashtra,Pimpri-Chinchwad,"Gavalinagar, Pimpri Chinchwad - MPCB","11-02-2026 10:00:00",18.63673,73.82487,CO,24,101,68
India,Maharashtra,Pimpri-Chinchwad,"Gavalinagar, Pimpri Chinchwad - MPCB","11-02-2026 10:00:00",18.63673,73.82487,OZONE,32,33,32
India,Maharashtra,Pimpri-Chinchwad,"Park Street Wakad, Pimpri Chinchwad - MPCB","11-02-2026 10:00:00",18.59051,73.77946,CO,32,106,71
India,Maharashtra,Pimpri-Chinchwad,"Savta Mali Nagar, Pimpri-Chinchwad - IITM","11-02-2026 10:00:00",18.614767,73.799516,NO2,22,124,65
India,Maharashtra,Mumbai,"Ghatkopar, Mumbai - BMC","11-02-2026 10:00:00",19.083694,72.920967,NO2,52,121,77
India,Maharashtra,Mumbai,"Ghatkopar, Mumbai - BMC","11-02-2026 10:00:00",19.083694,72.920967,CO,16,52,25
India,Maharashtra,Mumbai,"Ghatkopar, Mumbai - BMC","11-02-2026 10:00:00",19.083694,72.920967,OZONE,1,76,4
India,Maharashtra,Mumbai,"Kandivali East, Mumbai - MPCB","11-02-2026 10:00:00",19.205800,72.868200,NO2,30,30,30
India,Maharashtra,Mumbai,"Kandivali East, Mumbai - MPCB","11-02-2026 10:00:00",19.205800,72.868200,SO2,23,27,25
India,Maharashtra,Mumbai,"Kandivali West, Mumbai - BMC","11-02-2026 10:00:00",19.215859,72.831718,OZONE,10,88,17
India,Maharashtra,Mumbai,"Khindipada-Bhandup West, Mumbai - IITM","11-02-2026 10:00:00",19.1653323,72.922099,OZONE,38,92,52
India,Maharashtra,Mumbai,"Malad West, Mumbai - IITM","11-02-2026 10:00:00",19.19709,72.82204,NH3,6,14,8
India,Maharashtra,Mumbai,"Malad West, Mumbai - IITM","11-02-2026 10:00:00",19.19709,72.82204,CO,10,50,20
India,Maharashtra,Mumbai,"Malad West, Mumbai - IITM","11-02-2026 10:00:00",19.19709,72.82204,OZONE,43,80,58
India,Maharashtra,Mumbai,"Mazgaon, Mumbai - IITM","11-02-2026 10:00:00",18.96702,72.84214,PM10,98,147,112
India,Maharashtra,Mumbai,"Mazgaon, Mumbai - IITM","11-02-2026 10:00:00",18.96702,72.84214,NO2,NA,NA,NA
India,Maharashtra,Mumbai,"Powai, Mumbai - MPCB","11-02-2026 10:00:00",19.137500,72.915056,PM2.5,56,168,71
India,Maharashtra,Mumbai,"Bandra Kurla Complex, Mumbai - IITM","11-02-2026 10:00:00",19.053536,72.84643,SO2,NA,NA,NA
India,Maharashtra,Mumbai,"Bandra Kurla Complex, Mumbai - IITM","11-02-2026 10:00:00",19.053536,72.84643,CO,NA,NA,NA
India,Maharashtra,Mumbai,"Bandra Kurla Complex, Mumbai - MPCB","11-02-2026 10:00:00",19.065931,72.862131,PM2.5,62,180,113
India,Maharashtra,Mumbai,"Bandra Kurla Complex, Mumbai - MPCB","11-02-2026 10:00:00",19.065931,72.862131,SO2,5,10,7
India,Maharashtra,Mumbai,"Bandra Kurla Complex, Mumbai - MPCB","11-02-2026 10:00:00",19.065931,72.862131,OZONE,2,84,2
India,Maharashtra,Mumbai,"Borivali East, Mumbai - IITM","11-02-2026 10:00:00",19.23241,72.86895,NH3,2,7,4
India,Maharashtra,Pimpri-Chinchwad,"Savta Mali Nagar, Pimpri-Chinchwad - IITM","11-02-2026 10:00:00",18.614767,73.799516,OZONE,1,46,7
India,Maharashtra,Pune,"Hadapsar, Pune - IITM","11-02-2026 10:00:00",18.501793,73.927532,CO,47,103,91
India,Maharashtra,Pune,"Katraj Dairy, Pune - MPCB","11-02-2026 10:00:00",18.454450,73.854155,PM10,97,131,111
India,Maharashtra,Pune,"Mhada Colony, Pune - IITM","11-02-2026 10:00:00",18.573040,73.927715,PM2.5,64,342,232
India,Odisha,Talcher,"Talcher Coalfields,Talcher - OSPCB","11-02-2026 10:00:00",20.9360711,85.1707021,NH3,6,8,7
India,Odisha,Talcher,"Talcher Coalfields,Talcher - OSPCB","11-02-2026 10:00:00",20.9360711,85.1707021,CO,6,104,82
India,Odisha,Talcher,"Talcher Coalfields,Talcher - OSPCB","11-02-2026 10:00:00",20.9360711,85.1707021,OZONE,27,119,38
India,Odisha,Tensa,"Barsua Iron Ore Mines, Tensa - OSPCB","11-02-2026 10:00:00",21.869985,85.167016,PM2.5,5,61,37
India,Puducherry,Puducherry,"Jawahar Nagar, Puducherry - PPCC","11-02-2026 10:00:00",11.9309,79.8027,PM2.5,66,152,85
India,Puducherry,Puducherry,"Jawahar Nagar, Puducherry - PPCC","11-02-2026 10:00:00",11.9309,79.8027,PM10,67,110,79
India,Puducherry,Puducherry,"Jawahar Nagar, Puducherry - PPCC","11-02-2026 10:00:00",11.9309,79.8027,NO2,NA,NA,NA
India,Punjab,Amritsar,"Golden Temple, Amritsar - PPCB","11-02-2026 10:00:00",31.620000,74.876512,PM2.5,20,339,80
India,Punjab,Amritsar,"Golden Temple, Amritsar - PPCB","11-02-2026 10:00:00",31.620000,74.876512,NH3,5,11,8
India,Punjab,Bathinda,"Hardev Nagar, Bathinda - PPCB","11-02-2026 10:00:00",30.233011,74.907758,PM10,54,175,112
India,Punjab,Jalandhar,"Civil Line, Jalandhar - PPCB","11-02-2026 10:00:00",31.321907,75.578914,NH3,3,5,4
India,Punjab,Jalandhar,"Civil Line, Jalandhar - PPCB","11-02-2026 10:00:00",31.321907,75.578914,CO,48,54,51
India,Punjab,Khanna,"Kalal Majra, Khanna - PPCB","11-02-2026 10:00:00","30.736056 ",76.209694,PM2.5,65,99,84
India,Rajasthan,Bhilwara,"Pratap Nagar, Bhilwara - RSPCB","11-02-2026 10:00:00",25.339605,74.618883,PM10,59,179,117
India,Rajasthan,Bhilwara,"Pratap Nagar, Bhilwara - RSPCB","11-02-2026 10:00:00",25.339605,74.618883,NO2,11,81,38
India,Rajasthan,Bhilwara,"Pratap Nagar, Bhilwara - RSPCB","11-02-2026 10:00:00",25.339605,74.618883,NH3,3,8,4
India,Rajasthan,Bhilwara,"Pratap Nagar, Bhilwara - RSPCB","11-02-2026 10:00:00",25.339605,74.618883,CO,11,94,41
India,Rajasthan,Bhiwadi,"RIICO Ind. Area III, Bhiwadi - RSPCB","11-02-2026 10:00:00",28.194909,76.862296,NH3,5,20,12
India,Rajasthan,Bhiwadi,"RIICO Ind. Area III, Bhiwadi - RSPCB","11-02-2026 10:00:00",28.194909,76.862296,SO2,17,39,30
India,Rajasthan,Bhiwadi,"RIICO Ind. Area III, Bhiwadi - RSPCB","11-02-2026 10:00:00",28.194909,76.862296,OZONE,8,67,16
India,Rajasthan,Bikaner,"MM Ground, Bikaner - RSPCB","11-02-2026 10:00:00",28.018792,73.292658,NO2,12,48,28
India,Rajasthan,Bikaner,"MM Ground, Bikaner - RSPCB","11-02-2026 10:00:00",28.018792,73.292658,CO,20,54,40
India,Rajasthan,Bikaner,"MM Ground, Bikaner - RSPCB","11-02-2026 10:00:00",28.018792,73.292658,OZONE,38,153,46
India,Rajasthan,Bundi,"New Colony, Bundi - RSPCB","11-02-2026 10:00:00",25.435774,75.644272,NH3,5,7,7
India,Rajasthan,Chittorgarh,"Shastri Nagar, Chittorgarh - RSPCB","11-02-2026 10:00:00",24.892047,74.623527,PM2.5,77,308,166
India,Rajasthan,Chittorgarh,"Shastri Nagar, Chittorgarh - RSPCB","11-02-2026 10:00:00",24.892047,74.623527,PM10,69,197,135
India,Punjab,Khanna,"Kalal Majra, Khanna - PPCB","11-02-2026 10:00:00","30.736056 ",76.209694,PM10,73,116,96
India,Punjab,Khanna,"Kalal Majra, Khanna - PPCB","11-02-2026 10:00:00","30.736056 ",76.209694,NO2,26,30,28
India,Punjab,Khanna,"Kalal Majra, Khanna - PPCB","11-02-2026 10:00:00","30.736056 ",76.209694,CO,31,60,50
India,Punjab,Ludhiana,"Punjab Agricultural University, Ludhiana - PPCB","11-02-2026 10:00:00",30.9028,75.8086,NH3,8,10,9
India,Punjab,Ludhiana,"Punjab Agricultural University, Ludhiana - PPCB","11-02-2026 10:00:00",30.9028,75.8086,OZONE,18,36,32
India,Punjab,Patiala,"Model Town, Patiala - PPCB","11-02-2026 10:00:00",30.349388,76.366642,NO2,16,19,18
India,Punjab,Patiala,"Model Town, Patiala - PPCB","11-02-2026 10:00:00",30.349388,76.366642,CO,9,103,28
India,Punjab,Rupnagar,"Ratanpura, Rupnagar - Ambuja Cements","11-02-2026 10:00:00",31.0325454,76.5623046,PM10,15,94,50
India,Rajasthan,Ajmer,"Civil Lines,  Ajmer - RSPCB","11-02-2026 10:00:00",26.470859,74.646594,SO2,6,7,6
India,Odisha,Keonjhar,"Jagamohanpur, Keonjhar - OSPCB","11-02-2026 10:00:00",21.643900,85.599355,OZONE,5,95,16
India,Odisha,Nayagarh,"Dabuna, Nayagarh - OSPCB","11-02-2026 10:00:00",21.847279,85.416905,PM10,52,371,143
India,Odisha,Nayagarh,"Dabuna, Nayagarh - OSPCB","11-02-2026 10:00:00",21.847279,85.416905,NH3,6,7,6
India,Odisha,Rairangpur,"Divisional Forest Office, Rairangpur - OSPCB","11-02-2026 10:00:00",22.265816,86.174829,PM10,12,141,97
India,Odisha,Rourkela,"Fertilizer Township, Rourkela - OSPCB","11-02-2026 10:00:00",22.18972222,84.86277778,CO,NA,NA,NA
India,Odisha,Rourkela,"Raghunathpali, Rourkela - OSPCB","11-02-2026 10:00:00",22.220833,84.809444,PM2.5,60,178,128
India,Odisha,Rourkela,"Raghunathpali, Rourkela - OSPCB","11-02-2026 10:00:00",22.220833,84.809444,NH3,1,3,2
India,Odisha,Rourkela,"Sector-2, Rourkela - OSPCB","11-02-2026 10:00:00",22.24500000,84.88111111,PM2.5,40,79,54
India,Maharashtra,Thane,"Upvan Fort, Thane - MPCB","11-02-2026 10:00:00",19.222279,72.957979,NH3,6,6,6
India,Maharashtra,Thane,"Upvan Fort, Thane - MPCB","11-02-2026 10:00:00",19.222279,72.957979,CO,7,38,23
India,Maharashtra,Ulhasnagar,"Sidhi Vinayak Nagar, Ulhasnagar - MPCB","11-02-2026 10:00:00",19.235581,73.159121,NO2,10,36,24
India,Maharashtra,Ulhasnagar,"Sidhi Vinayak Nagar, Ulhasnagar - MPCB","11-02-2026 10:00:00",19.235581,73.159121,CO,16,50,22
India,Maharashtra,Virar,"Bolinj, Virar - MPCB","11-02-2026 10:00:00",19.4458210,72.7988231,SO2,12,40,25
India,Meghalaya,Shillong,"Lumpyngngad, Shillong - Meghalaya PCB","11-02-2026 10:00:00",25.5586,91.8985,CO,8,47,18
India,Mizoram,Aizawl,"Sikulpuikawn, Aizawl - Mizoram PCB","11-02-2026 10:00:00",23.7176342,92.7192841,PM10,54,57,56
India,Mizoram,Aizawl,"Sikulpuikawn, Aizawl - Mizoram PCB","11-02-2026 10:00:00",23.7176342,92.7192841,CO,3,4,3
India,Odisha,Bhubaneswar,"Patia, Bhubaneswar - OSPCB","11-02-2026 10:00:00",20.34652,85.81630,PM2.5,65,325,113
India,Odisha,Bileipada,"Tata Township, Bileipada - OSPCB","11-02-2026 10:00:00",22.06156703,85.47409613,PM2.5,30,51,41
India,Odisha,Brajrajnagar,"GM Office, Brajrajnagar - OSPCB","11-02-2026 10:00:00",21.8004996,83.8396977,PM2.5,29,313,137
India,Odisha,Byasanagar,"Ferro Chrome Colony, Byasanagar - OSPCB","11-02-2026 10:00:00",20.94185,86.11510,PM2.5,65,243,151
India,Odisha,Byasanagar,"Ferro Chrome Colony, Byasanagar - OSPCB","11-02-2026 10:00:00",20.94185,86.11510,SO2,3,8,6
India,Odisha,Byasanagar,"Ferro Chrome Colony, Byasanagar - OSPCB","11-02-2026 10:00:00",20.94185,86.11510,CO,28,90,61
India,Odisha,Cuttack,"CDA Area, Cuttack - OSPCB","11-02-2026 10:00:00","20.48891     ","85.84768     ",NH3,5,7,6
India,Odisha,Cuttack,"CDA Area, Cuttack - OSPCB","11-02-2026 10:00:00","20.48891     ","85.84768     ",CO,46,104,65
India,Odisha,Balasore,"Kalidaspur, Balasore - OSPCB","11-02-2026 10:00:00",21.51161,86.89088,NO2,16,45,27
India,Odisha,Barbil,"Forest Office, Barbil - OSPCB","11-02-2026 10:00:00",22.1166054,85.3945546,SO2,8,110,27
India,Odisha,Barbil,"Forest Office, Barbil - OSPCB","11-02-2026 10:00:00",22.1166054,85.3945546,CO,7,70,38
India,Odisha,Baripada,"Meher Colony, Baripada - OSPCB","11-02-2026 10:00:00",21.941841,86.728318,PM10,96,151,117
India,Odisha,Baripada,"Meher Colony, Baripada - OSPCB","11-02-2026 10:00:00",21.941841,86.728318,NO2,NA,NA,NA
India,Odisha,Baripada,"Meher Colony, Baripada - OSPCB","11-02-2026 10:00:00",21.941841,86.728318,NH3,NA,NA,NA
India,Odisha,Bhubaneswar,"Lingraj Mandir, Bhubaneswar - OSPCB","11-02-2026 10:00:00",20.240790,85.836784,NH3,4,9,6
India,Maharashtra,Pune,"Revenue Colony-Shivajinagar, Pune - IITM","11-02-2026 10:00:00",18.530085,73.849598,CO,73,111,92
India,Maharashtra,Solapur,"Dnyaneshwar Nagar, Solapur - MPCB","11-02-2026 10:00:00",17.6336264,75.9132495,SO2,4,13,8
India,Maharashtra,Solapur,"Ratandeep Housing Society, Solapur - MPCB","11-02-2026 10:00:00",17.65439,75.90649,PM2.5,66,201,102
India,Maharashtra,Solapur,"Ratandeep Housing Society, Solapur - MPCB","11-02-2026 10:00:00",17.65439,75.90649,OZONE,4,49,28
India,Maharashtra,Thane,"Kasarvadavali, Thane - MPCB","11-02-2026 10:00:00",19.26777,72.97182,PM10,73,122,94
India,Maharashtra,Thane,"Kasarvadavali, Thane - MPCB","11-02-2026 10:00:00",19.26777,72.97182,NO2,36,136,67
India,Rajasthan,Ajmer,"Civil Lines,  Ajmer - RSPCB","11-02-2026 10:00:00",26.470859,74.646594,OZONE,11,172,32
India,Rajasthan,Alwar,"Moti Doongri, Alwar - RSPCB","11-02-2026 10:00:00",27.554793,76.611536,OZONE,8,78,22
India,Rajasthan,Bharatpur,"Krishna Nagar, Bharatpur - RSPCB","11-02-2026 10:00:00",27.215415,77.50873,PM2.5,29,127,70
India,Rajasthan,Bharatpur,"Krishna Nagar, Bharatpur - RSPCB","11-02-2026 10:00:00",27.215415,77.50873,PM10,61,167,98
India,Rajasthan,Bharatpur,"Krishna Nagar, Bharatpur - RSPCB","11-02-2026 10:00:00",27.215415,77.50873,OZONE,11,116,21
India,Rajasthan,Chittorgarh,"Shastri Nagar, Chittorgarh - RSPCB","11-02-2026 10:00:00",24.892047,74.623527,NH3,14,31,20
India,Rajasthan,Churu,"Subash Chowk, Churu - RSPCB","11-02-2026 10:00:00",28.296139,74.961696,PM2.5,36,339,169
India,Rajasthan,Dausa,"Khatikan Mohalla, Dausa - RSPCB","11-02-2026 10:00:00",26.895552,76.334753,NO2,10,52,24
India,Rajasthan,Dausa,"Khatikan Mohalla, Dausa - RSPCB","11-02-2026 10:00:00",26.895552,76.334753,NH3,11,16,13
India,Rajasthan,Dholpur,"Raja Ganj, Dholpur - RSPCB","11-02-2026 10:00:00",26.699557,77.898881,PM2.5,42,240,94
India,Rajasthan,Dholpur,"Raja Ganj, Dholpur - RSPCB","11-02-2026 10:00:00",26.699557,77.898881,SO2,5,7,6
India,Rajasthan,Dungarpur,"Bhoiwada, Dungarpur - RSPCB","11-02-2026 10:00:00",23.837789,73.714926,OZONE,9,127,16
India,Rajasthan,Hanumangarh,"Housing Board, Hanumangarh - RSPCB","11-02-2026 10:00:00",29.610750,74.283608,NO2,NA,NA,NA
India,Rajasthan,Hanumangarh,"Housing Board, Hanumangarh - RSPCB","11-02-2026 10:00:00",29.610750,74.283608,NH3,1,3,1
India,Rajasthan,Hanumangarh,"Housing Board, Hanumangarh - RSPCB","11-02-2026 10:00:00",29.610750,74.283608,OZONE,4,73,18
India,Rajasthan,Jalore,"Mudtra Sili, Jalore - RSPCB","11-02-2026 10:00:00",25.344694,72.626208,OZONE,22,72,54
India,Rajasthan,Jhalawar,"Rajlaxmi Nagar, Jhalawar - RSPCB","11-02-2026 10:00:00",24.588397,76.172782,NH3,8,16,10
India,Rajasthan,Jhalawar,"Rajlaxmi Nagar, Jhalawar - RSPCB","11-02-2026 10:00:00",24.588397,76.172782,CO,31,101,44
India,Rajasthan,Jhunjhunu,"Indra Nagar, Jhunjhunu - RSPCB","11-02-2026 10:00:00",28.108988,75.386577,PM10,100,243,166
India,Rajasthan,Jhunjhunu,"Indra Nagar, Jhunjhunu - RSPCB","11-02-2026 10:00:00",28.108988,75.386577,NO2,13,116,37
India,Rajasthan,Jhunjhunu,"Indra Nagar, Jhunjhunu - RSPCB","11-02-2026 10:00:00",28.108988,75.386577,CO,22,56,42
India,Rajasthan,Jodhpur,"Collectorate, Jodhpur - RSPCB","11-02-2026 10:00:00",26.268249,73.0193853,PM2.5,39,108,63
India,Rajasthan,Jodhpur,"Collectorate, Jodhpur - RSPCB","11-02-2026 10:00:00",26.268249,73.0193853,CO,5,117,48
India,Rajasthan,Kota,"Shrinath Puram, Kota - RSPCB","11-02-2026 10:00:00",25.14389,75.821256,NO2,7,12,10
India,Rajasthan,Kota,"Shrinath Puram, Kota - RSPCB","11-02-2026 10:00:00",25.14389,75.821256,OZONE,5,31,11
India,Rajasthan,Pali,"Indira Colony Vistar, Pali - RSPCB","11-02-2026 10:00:00",25.771061," 73.340227",NO2,33,90,53
India,Rajasthan,Pali,"Indira Colony Vistar, Pali - RSPCB","11-02-2026 10:00:00",25.771061," 73.340227",NH3,7,19,11
India,Rajasthan,Pali,"Indira Colony Vistar, Pali - RSPCB","11-02-2026 10:00:00",25.771061," 73.340227",SO2,7,13,10
India,Rajasthan,Pratapgarh,"Pragati Nagar, Pratapgarh - RSPCB","11-02-2026 10:00:00",24.041198,74.780702,PM10,71,297,140
India,Rajasthan,Pratapgarh,"Pragati Nagar, Pratapgarh - RSPCB","11-02-2026 10:00:00",24.041198,74.780702,NH3,5,9,6
India,Rajasthan,Sikar,"Radhakishan Pura, Sikar - RSPCB","11-02-2026 10:00:00",27.608912,75.153302,NH3,7,12,9
India,Rajasthan,Sikar,"Radhakishan Pura, Sikar - RSPCB","11-02-2026 10:00:00",27.608912,75.153302,CO,22,74,40
India,Rajasthan,Sikar,"Radhakishan Pura, Sikar - RSPCB","11-02-2026 10:00:00",27.608912,75.153302,OZONE,26,134,56
India,Rajasthan,Sirohi,"Vedhaynath Colony, Sirohi - RSPCB","11-02-2026 10:00:00",24.885261,72.857549,PM10,33,107,61
India,Rajasthan,Sirohi,"Vedhaynath Colony, Sirohi - RSPCB","11-02-2026 10:00:00",24.885261,72.857549,NO2,8,83,41
India,Rajasthan,Sirohi,"Vedhaynath Colony, Sirohi - RSPCB","11-02-2026 10:00:00",24.885261,72.857549,SO2,1,7,3
India,Rajasthan,Sirohi,"Vedhaynath Colony, Sirohi - RSPCB","11-02-2026 10:00:00",24.885261,72.857549,CO,14,40,20
India,Rajasthan,Sirohi,"Vedhaynath Colony, Sirohi - RSPCB","11-02-2026 10:00:00",24.885261,72.857549,OZONE,1,69,7
India,Rajasthan,Jodhpur,"Samrat Ashok Udhyan, Jodhpur - RSPCB","11-02-2026 10:00:00",26.253384,72.976571,PM10,72,334,132
India,Rajasthan,Jodhpur,"Samrat Ashok Udhyan, Jodhpur - RSPCB","11-02-2026 10:00:00",26.253384,72.976571,CO,24,84,32
India,Rajasthan,Karauli,"Satyawati Vihar, Karauli - RSPCB","11-02-2026 10:00:00",26.506177,77.025989,NH3,11,15,13
India,Rajasthan,Karauli,"Satyawati Vihar, Karauli - RSPCB","11-02-2026 10:00:00",26.506177,77.025989,SO2,1,12,5
India,Rajasthan,Kota,"Dhanmandi, Kota - RSPCB","11-02-2026 10:00:00",25.164090,75.858137,PM10,94,291,172
India,Rajasthan,Kota,"Dhanmandi, Kota - RSPCB","11-02-2026 10:00:00",25.164090,75.858137,NO2,26,120,67
India,Rajasthan,Kota,"Dhanmandi, Kota - RSPCB","11-02-2026 10:00:00",25.164090,75.858137,SO2,5,119,27
India,Rajasthan,Jaipur,"Adarsh Nagar, Jaipur - RSPCB","11-02-2026 10:00:00",26.902909,75.836858,PM2.5,33,237,140
India,Rajasthan,Jaipur,"Adarsh Nagar, Jaipur - RSPCB","11-02-2026 10:00:00",26.902909,75.836858,SO2,5,42,24
India,Rajasthan,Jaipur,"Mansarovar Sector-12, Jaipur - RSPCB","11-02-2026 10:00:00",26.843698,75.766894,NO2,21,62,32
India,Rajasthan,Jaipur,"Mansarovar Sector-12, Jaipur - RSPCB","11-02-2026 10:00:00",26.843698,75.766894,SO2,3,18,8
India,Rajasthan,Jaipur,"Police Commissionerate, Jaipur - RSPCB","11-02-2026 10:00:00",26.9164092,75.7994901,NH3,4,15,9
India,Rajasthan,Jaipur,"Police Commissionerate, Jaipur - RSPCB","11-02-2026 10:00:00",26.9164092,75.7994901,CO,53,64,58
India,Rajasthan,Jaipur,"Sector-2 Murlipura, Jaipur - RSPCB","11-02-2026 10:00:00",26.960669,75.771817,OZONE,9,87,54
India,Rajasthan,Jaipur,"Shastri Nagar, Jaipur - RSPCB","11-02-2026 10:00:00",26.9502929,75.730943,OZONE,13,51,44
India,Rajasthan,Jaisalmer,"Sadar Bazar, Jaisalmer - RSPCB","11-02-2026 10:00:00",26.912329,70.909168,PM2.5,133,297,200
India,Rajasthan,Jaisalmer,"Sadar Bazar, Jaisalmer - RSPCB","11-02-2026 10:00:00",26.912329,70.909168,CO,20,48,26
India,Rajasthan,Jodhpur,"Digari Kalan, Jodhpur - RSPCB","11-02-2026 10:00:00",26.295810,73.082283,SO2,1,13,5
India,Rajasthan,Jodhpur,"Digari Kalan, Jodhpur - RSPCB","11-02-2026 10:00:00",26.295810,73.082283,CO,20,54,30
India,Rajasthan,Jodhpur,"Jhalamand, Jodhpur - RSPCB","11-02-2026 10:00:00",26.215415,73.070156,NH3,15,29,18
India,Rajasthan,Jodhpur,"Jhalamand, Jodhpur - RSPCB","11-02-2026 10:00:00",26.215415,73.070156,CO,10,74,26
India,Rajasthan,Jodhpur,"Mandor, Jodhpur - RSPCB","11-02-2026 10:00:00",26.358805,73.047444,NH3,5,9,6
India,Rajasthan,"Sri Ganganagar","Old City, Sri Ganganagar - RSPCB","11-02-2026 10:00:00",29.931624,73.864511,NH3,4,7,6
India,Rajasthan,Tonk,"Shastri Nagar, Tonk - RSPCB","11-02-2026 10:00:00",26.159933,75.780517,PM10,107,500,212
India,Rajasthan,Udaipur,"Ashok Nagar, Udaipur - RSPCB","11-02-2026 10:00:00",24.5886166,73.6321397,PM2.5,51,178,94
India,TamilNadu,Chennai,"Perungudi, Chennai - TNPCB","11-02-2026 10:00:00",12.9533,80.2357,PM10,69,362,123
India,TamilNadu,Chennai,"Royapuram, Chennai - TNPCB","11-02-2026 10:00:00",13.1036,80.2909,PM10,70,362,146
India,TamilNadu,Chennai,"Royapuram, Chennai - TNPCB","11-02-2026 10:00:00",13.1036,80.2909,NO2,10,22,14
India,TamilNadu,Chennai,"Royapuram, Chennai - TNPCB","11-02-2026 10:00:00",13.1036,80.2909,NH3,2,6,3
India,TamilNadu,Chennai,"Royapuram, Chennai - TNPCB","11-02-2026 10:00:00",13.1036,80.2909,SO2,5,7,6
India,TamilNadu,Chennai,"Velachery Res. Area, Chennai - CPCB","11-02-2026 10:00:00",13.0052189,80.2398125,PM10,213,475,412
India,TamilNadu,Chennai,"Velachery Res. Area, Chennai - CPCB","11-02-2026 10:00:00",13.0052189,80.2398125,SO2,6,9,7
India,TamilNadu,Coimbatore,"PSG College of Arts and Science, Coimbatore - TNPCB","11-02-2026 10:00:00",11.0328,77.0349,PM2.5,78,184,130
India,TamilNadu,Coimbatore,"PSG College of Arts and Science, Coimbatore - TNPCB","11-02-2026 10:00:00",11.0328,77.0349,NO2,10,11,11
India,TamilNadu,Coimbatore,"PSG College of Arts and Science, Coimbatore - TNPCB","11-02-2026 10:00:00",11.0328,77.0349,NH3,1,1,1
India,TamilNadu,Coimbatore,"SIDCO Kurichi, Coimbatore - TNPCB","11-02-2026 10:00:00",10.942451,76.978996,NO2,11,40,21
India,TamilNadu,Coimbatore,"SIDCO Kurichi, Coimbatore - TNPCB","11-02-2026 10:00:00",10.942451,76.978996,NH3,1,1,1
India,TamilNadu,Coimbatore,"SIDCO Kurichi, Coimbatore - TNPCB","11-02-2026 10:00:00",10.942451,76.978996,CO,25,30,26
India,Uttar_Pradesh,Agra,"Shastripuram, Agra - UPPCB","11-02-2026 10:00:00",27.19862,77.92066,OZONE,11,12,12
India,Uttar_Pradesh,Baghpat,"Sardar Patel Inter College, Baghpat - UPPCB","11-02-2026 10:00:00",28.964949,77.278761,NO2,12,48,33
India,Uttar_Pradesh,Baghpat,"Sardar Patel Inter College, Baghpat - UPPCB","11-02-2026 10:00:00",28.964949,77.278761,CO,36,108,40
India,Uttar_Pradesh,Bareilly,"Civil Lines, Bareilly - UPPCB","11-02-2026 10:00:00",28.359581,79.414455,SO2,40,57,47
India,Uttar_Pradesh,Bareilly,"Civil Lines, Bareilly - UPPCB","11-02-2026 10:00:00",28.359581,79.414455,CO,48,119,79
India,Uttar_Pradesh,Bareilly,"Rajendra Nagar, Bareilly - UPPCB","11-02-2026 10:00:00",28.38910936,79.42963708,NO2,9,10,9
India,Uttar_Pradesh,Bulandshahr,"Yamunapuram, Bulandshahr - UPPCB","11-02-2026 10:00:00",28.406963,77.849831,PM2.5,46,313,180
India,Uttar_Pradesh,Bulandshahr,"Yamunapuram, Bulandshahr - UPPCB","11-02-2026 10:00:00",28.406963,77.849831,PM10,94,282,179
India,Uttar_Pradesh,Bulandshahr,"Yamunapuram, Bulandshahr - UPPCB","11-02-2026 10:00:00",28.406963,77.849831,NO2,10,122,72
India,Uttar_Pradesh,Bulandshahr,"Yamunapuram, Bulandshahr - UPPCB","11-02-2026 10:00:00",28.406963,77.849831,CO,10,112,92
India,Telangana,Hyderabad,"Kokapet, Hyderabad - TSPCB","11-02-2026 10:00:00",17.393559,78.339194,SO2,12,20,15
India,Telangana,Hyderabad,"Kompally Municipal Office, Hyderabad - TSPCB","11-02-2026 10:00:00",17.544899,78.486949,PM2.5,48,62,54
India,Telangana,Hyderabad,"Nacharam_TSIIC IALA, Hyderabad - TSPCB","11-02-2026 10:00:00",17.429398,78.569354,NH3,5,7,5
India,Telangana,Hyderabad,"Nacharam_TSIIC IALA, Hyderabad - TSPCB","11-02-2026 10:00:00",17.429398,78.569354,OZONE,16,35,25
India,Telangana,Hyderabad,"New Malakpet, Hyderabad - TSPCB","11-02-2026 10:00:00",17.37206,78.50864,PM2.5,36,69,48
India,Telangana,Hyderabad,"New Malakpet, Hyderabad - TSPCB","11-02-2026 10:00:00",17.37206,78.50864,NH3,2,3,2
India,Telangana,Hyderabad,"Ramachandrapuram, Hyderabad - TSPCB","11-02-2026 10:00:00",17.528544,78.286195,PM10,68,81,77
India,Telangana,Hyderabad,"Sanathnagar, Hyderabad - TSPCB","11-02-2026 10:00:00",17.4559458,78.4332152,PM2.5,35,87,56
India,Telangana,Hyderabad,"Sanathnagar, Hyderabad - TSPCB","11-02-2026 10:00:00",17.4559458,78.4332152,NO2,20,54,40
India,Telangana,Hyderabad,"Sanathnagar, Hyderabad - TSPCB","11-02-2026 10:00:00",17.4559458,78.4332152,SO2,10,30,22
India,TamilNadu,Gummidipoondi,"Anthoni Pillai Nagar, Gummidipoondi - TNPCB","11-02-2026 10:00:00",13.4127,80.1081,SO2,4,48,22
India,TamilNadu,Madurai,"Uchapatti, Madurai - TNPCB","11-02-2026 10:00:00",9.865935,78.022669,SO2,NA,NA,NA
India,TamilNadu,Pudukottai,"SIPCOT Nathampannai, Pudukottai - TNPCB","11-02-2026 10:00:00",10.423417,78.784889,PM10,NA,NA,NA
India,TamilNadu,Ramanathapuram,"Chalai Bazaar, Ramanathapuram - TNPCB","11-02-2026 10:00:00",9.36399,78.831977,CO,NA,NA,NA
India,TamilNadu,Thanjavur,"Parisutham Nagar, Thanjavur - TNPCB","11-02-2026 10:00:00",10.7654824,79.1389968,PM10,NA,NA,NA
India,TamilNadu,Thanjavur,"Parisutham Nagar, Thanjavur - TNPCB","11-02-2026 10:00:00",10.7654824,79.1389968,NH3,1,1,1
India,TamilNadu,Thanjavur,"Parisutham Nagar, Thanjavur - TNPCB","11-02-2026 10:00:00",10.7654824,79.1389968,SO2,17,17,17
India,Telangana,Hyderabad,"Bollaram Industrial Area, Hyderabad - TSPCB","11-02-2026 10:00:00",17.540891,78.358528,SO2,4,44,13
India,Uttar_Pradesh,Agra,"Manoharpur, Agra - UPPCB","11-02-2026 10:00:00",27.23711,78.01936,OZONE,7,7,7
India,Uttar_Pradesh,Agra,"Sanjay Palace, Agra - UPPCB","11-02-2026 10:00:00",27.19865833,78.00598056,NO2,3,9,5
India,Uttar_Pradesh,Agra,"Sector-3B Avas Vikas Colony, Agra - UPPCB","11-02-2026 10:00:00",27.19412,77.96237,NO2,36,36,36
India,Uttar_Pradesh,Agra,"Shahjahan Garden, Agra - UPPCB","11-02-2026 10:00:00",27.169338,78.03582,NO2,10,14,12
India,Uttar_Pradesh,Agra,"Shahjahan Garden, Agra - UPPCB","11-02-2026 10:00:00",27.169338,78.03582,NH3,3,3,3
India,Uttar_Pradesh,Agra,"Shastripuram, Agra - UPPCB","11-02-2026 10:00:00",27.19862,77.92066,PM2.5,6,81,47
India,Uttar_Pradesh,Agra,"Shastripuram, Agra - UPPCB","11-02-2026 10:00:00",27.19862,77.92066,PM10,8,102,60
India,Telangana,Hyderabad,"ECIL Kapra, Hyderabad - TSPCB","11-02-2026 10:00:00",17.470431,78.566959,PM2.5,20,72,42
India,Telangana,Hyderabad,"ECIL Kapra, Hyderabad - TSPCB","11-02-2026 10:00:00",17.470431,78.566959,SO2,1,54,30
India,Telangana,Hyderabad,"ECIL Kapra, Hyderabad - TSPCB","11-02-2026 10:00:00",17.470431,78.566959,CO,16,26,23
India,Telangana,Hyderabad,"ICRISAT Patancheru, Hyderabad - TSPCB","11-02-2026 10:00:00",17.518400,78.278777,PM2.5,42,88,58
India,Telangana,Hyderabad,"IDA Pashamylaram, Hyderabad - TSPCB","11-02-2026 10:00:00",17.5316895,78.218939,NO2,6,7,7
India,Telangana,Hyderabad,"IDA Pashamylaram, Hyderabad - TSPCB","11-02-2026 10:00:00",17.5316895,78.218939,SO2,4,30,13
India,Telangana,Hyderabad,"Kokapet, Hyderabad - TSPCB","11-02-2026 10:00:00",17.393559,78.339194,PM10,87,98,91
India,Telangana,Hyderabad,"Somajiguda, Hyderabad - TSPCB","11-02-2026 10:00:00",17.417094,78.457437,PM10,86,97,92
India,Telangana,Hyderabad,"Zoo Park, Hyderabad - TSPCB","11-02-2026 10:00:00",17.349694,78.451437,SO2,2,8,5
India,Telangana,Hyderabad,"Zoo Park, Hyderabad - TSPCB","11-02-2026 10:00:00",17.349694,78.451437,OZONE,23,27,24
India,Tripura,Agartala,"Bardowali, Agartala - Tripura SPCB","11-02-2026 10:00:00",23.8175497,91.2726974,CO,20,36,25
India,Tripura,Agartala,"Bardowali, Agartala - Tripura SPCB","11-02-2026 10:00:00",23.8175497,91.2726974,OZONE,2,13,2
India,Rajasthan,Udaipur,"Ashok Nagar, Udaipur - RSPCB","11-02-2026 10:00:00",24.5886166,73.6321397,OZONE,3,76,12
India,Sikkim,Gangtok,"Zero Point GICI, Gangtok - SSPCB","11-02-2026 10:00:00",27.338530,88.614099,PM2.5,53,96,72
India,Sikkim,Gangtok,"Zero Point GICI, Gangtok - SSPCB","11-02-2026 10:00:00",27.338530,88.614099,PM10,51,90,68
India,Sikkim,Gangtok,"Zero Point GICI, Gangtok - SSPCB","11-02-2026 10:00:00",27.338530,88.614099,SO2,1,1,1
India,Sikkim,Gangtok,"Zero Point GICI, Gangtok - SSPCB","11-02-2026 10:00:00",27.338530,88.614099,CO,10,40,17
India,TamilNadu,Chennai,"Manali, Chennai - CPCB","11-02-2026 10:00:00",13.164544,80.26285,NO2,10,11,10
India,Uttar_Pradesh,Moradabad,"Kashiram Nagar, Moradabad - UPPCB","11-02-2026 10:00:00",28.849399,78.742362,PM10,56,202,115
India,Uttar_Pradesh,Moradabad,"Kashiram Nagar, Moradabad - UPPCB","11-02-2026 10:00:00",28.849399,78.742362,OZONE,9,65,10
India,Uttar_Pradesh,Moradabad,"Transport Nagar, Moradabad - UPPCB","11-02-2026 10:00:00",28.802625,78.753728,PM10,43,177,105
India,Uttar_Pradesh,Moradabad,"Transport Nagar, Moradabad - UPPCB","11-02-2026 10:00:00",28.802625,78.753728,OZONE,27,36,28
India,Uttar_Pradesh,Muzaffarnagar,"New Mandi, Muzaffarnagar - UPPCB","11-02-2026 10:00:00",29.4723508,77.7194031,NH3,NA,NA,NA
India,Uttar_Pradesh,Noida,"Sector - 125, Noida - UPPCB","11-02-2026 10:00:00",28.5447608,77.3231257,PM10,114,444,228
India,Uttar_Pradesh,Noida,"Sector - 125, Noida - UPPCB","11-02-2026 10:00:00",28.5447608,77.3231257,NO2,34,167,88
India,Uttar_Pradesh,Noida,"Sector - 125, Noida - UPPCB","11-02-2026 10:00:00",28.5447608,77.3231257,NH3,2,4,3
India,Uttar_Pradesh,Noida,"Sector - 125, Noida - UPPCB","11-02-2026 10:00:00",28.5447608,77.3231257,OZONE,8,30,9
India,Uttar_Pradesh,Noida,"Sector - 62, Noida - IMD","11-02-2026 10:00:00",28.6245479,77.3577104,NO2,5,48,15
India,Uttar_Pradesh,Noida,"Sector - 62, Noida - IMD","11-02-2026 10:00:00",28.6245479,77.3577104,CO,24,105,96
India,Uttar_Pradesh,Lucknow,"Kukrail Picnic Spot-1, Lucknow - UPPCB","11-02-2026 10:00:00",26.90723,80.98579,NO2,31,33,32
India,Uttar_Pradesh,Lucknow,"Kukrail Picnic Spot-1, Lucknow - UPPCB","11-02-2026 10:00:00",26.90723,80.98579,NH3,6,6,6
India,Uttar_Pradesh,Lucknow,"Lalbagh, Lucknow - CPCB","11-02-2026 10:00:00",26.8458805,80.9365541,SO2,2,21,10
India,Uttar_Pradesh,Lucknow,"Talkatora District Industries Center, Lucknow - CPCB","11-02-2026 10:00:00",26.83399722,80.8917361,NO2,35,51,43
India,Uttar_Pradesh,Meerut,"Ganga Nagar, Meerut - UPPCB","11-02-2026 10:00:00",28.999264,77.7590354,PM10,NA,NA,NA
India,Uttar_Pradesh,Meerut,"Ganga Nagar, Meerut - UPPCB","11-02-2026 10:00:00",28.999264,77.7590354,NO2,NA,NA,NA
India,Uttar_Pradesh,Meerut,"Jai Bhim Nagar, Meerut - UPPCB","11-02-2026 10:00:00",28.9535882,77.7622941,NO2,1,34,13
India,Uttar_Pradesh,Meerut,"Jai Bhim Nagar, Meerut - UPPCB","11-02-2026 10:00:00",28.9535882,77.7622941,SO2,6,11,8
India,Uttar_Pradesh,Meerut,"Jai Bhim Nagar, Meerut - UPPCB","11-02-2026 10:00:00",28.9535882,77.7622941,CO,27,114,78
India,Uttar_Pradesh,Noida,"Sector-1, Noida - UPPCB","11-02-2026 10:00:00",28.5898,77.3101,NH3,13,16,15
India,Uttar_Pradesh,Noida,"Sector-1, Noida - UPPCB","11-02-2026 10:00:00",28.5898,77.3101,SO2,9,34,16
India,Uttar_Pradesh,Noida,"Sector-116, Noida - UPPCB","11-02-2026 10:00:00",28.569230,77.393848,NH3,14,21,17
India,Uttar_Pradesh,Noida,"Sector-116, Noida - UPPCB","11-02-2026 10:00:00",28.569230,77.393848,OZONE,6,161,10
India,Uttar_Pradesh,Prayagraj,"Jhunsi, Prayagraj - UPPCB","11-02-2026 10:00:00",25.425602,81.917152,PM10,53,155,95
India,Uttar_Pradesh,Prayagraj,"Jhunsi, Prayagraj - UPPCB","11-02-2026 10:00:00",25.425602,81.917152,NO2,6,6,6
India,Uttar_Pradesh,Prayagraj,"Nagar Nigam, Prayagraj - UPPCB","11-02-2026 10:00:00","25.44919916 ","81.82735986 ",PM2.5,19,164,69
India,Uttar_Pradesh,Varanasi,"Ardhali Bazar, Varanasi - UPPCB","11-02-2026 10:00:00",25.3505986,82.9083074,PM2.5,36,108,70
India,Uttar_Pradesh,Varanasi,"Ardhali Bazar, Varanasi - UPPCB","11-02-2026 10:00:00",25.3505986,82.9083074,NO2,40,44,42
India,Uttar_Pradesh,"Greater Noida","Knowledge Park - III, Greater Noida - UPPCB","11-02-2026 10:00:00",28.47272,77.482000,CO,1,117,38
India,Uttar_Pradesh,"Greater Noida","Knowledge Park - V, Greater Noida - UPPCB","11-02-2026 10:00:00",28.557054,77.453663,PM10,109,500,331
India,Uttar_Pradesh,"Greater Noida","Knowledge Park - V, Greater Noida - UPPCB","11-02-2026 10:00:00",28.557054,77.453663,NO2,35,192,104
India,Uttar_Pradesh,Jhansi,"Shivaji Nagar, Jhansi - UPPCB","11-02-2026 10:00:00",25.4547,78.6039,SO2,18,24,20
India,Uttar_Pradesh,Jhansi,"Shivaji Nagar, Jhansi - UPPCB","11-02-2026 10:00:00",25.4547,78.6039,CO,5,26,16
India,Uttar_Pradesh,Jhansi,"Shivaji Nagar, Jhansi - UPPCB","11-02-2026 10:00:00",25.4547,78.6039,OZONE,1,23,1
India,Uttar_Pradesh,Kanpur,"FTI Kidwai Nagar, Kanpur - UPPCB","11-02-2026 10:00:00",26.428282,80.327067,NO2,27,27,27
India,Uttar_Pradesh,Kanpur,"FTI Kidwai Nagar, Kanpur - UPPCB","11-02-2026 10:00:00",26.428282,80.327067,NH3,5,5,5
India,Uttar_Pradesh,Kanpur,"FTI Kidwai Nagar, Kanpur - UPPCB","11-02-2026 10:00:00",26.428282,80.327067,SO2,12,23,20
India,Uttar_Pradesh,Kanpur,"FTI Kidwai Nagar, Kanpur - UPPCB","11-02-2026 10:00:00",26.428282,80.327067,OZONE,6,10,8
India,Uttar_Pradesh,Kanpur,"NSI Kalyanpur, Kanpur - UPPCB","11-02-2026 10:00:00",26.509954,80.249612,NO2,25,25,25
India,Uttar_Pradesh,Kanpur,"NSI Kalyanpur, Kanpur - UPPCB","11-02-2026 10:00:00",26.509954,80.249612,NH3,5,5,5
India,Uttar_Pradesh,Kanpur,"NSI Kalyanpur, Kanpur - UPPCB","11-02-2026 10:00:00",26.509954,80.249612,SO2,27,35,30
India,Uttar_Pradesh,Kanpur,"Nehru Nagar, Kanpur - UPPCB","11-02-2026 10:00:00",26.4703136,80.3229863,SO2,3,20,11
India,Uttar_Pradesh,Khurja,"Kalindi Kunj, Khurja - UPPCB","11-02-2026 10:00:00",28.2348927,77.8683002,PM10,26,183,116
India,Uttar_Pradesh,Lucknow,"B R Ambedkar University, Lucknow - UPPCB","11-02-2026 10:00:00",26.766433,80.927299,PM10,32,113,75
India,Uttar_Pradesh,Lucknow,"B R Ambedkar University, Lucknow - UPPCB","11-02-2026 10:00:00",26.766433,80.927299,NO2,11,12,12
India,Uttar_Pradesh,Varanasi,"Ardhali Bazar, Varanasi - UPPCB","11-02-2026 10:00:00",25.3505986,82.9083074,OZONE,16,37,25
India,Uttar_Pradesh,Varanasi,"Bhelupur, Varanasi - UPPCB","11-02-2026 10:00:00",25.301778,82.996789,NH3,1,1,1
India,Uttar_Pradesh,Varanasi,"IESD Banaras Hindu University, Varanasi - UPPCB","11-02-2026 10:00:00",25.262326,82.995408,PM2.5,6,68,34
India,Uttar_Pradesh,Varanasi,"IESD Banaras Hindu University, Varanasi - UPPCB","11-02-2026 10:00:00",25.262326,82.995408,OZONE,2,16,7
India,Uttar_Pradesh,Vrindavan,"Omex Eternity, Vrindavan - UPPCB","11-02-2026 10:00:00",27.5714090,77.6557570,NH3,3,10,8
India,Uttar_Pradesh,Vrindavan,"Omex Eternity, Vrindavan - UPPCB","11-02-2026 10:00:00",27.5714090,77.6557570,SO2,16,30,19
India,Uttarakhand,Dehradun,"Doon University, Dehradun - UKPCB","11-02-2026 10:00:00",30.269444,78.044167,NO2,1,5,2
India,Uttar_Pradesh,Firozabad,"Vibhab Nagar, Firozabad - UPPCB","11-02-2026 10:00:00",27.1594,78.3953,PM2.5,31,146,60
India,Uttar_Pradesh,Firozabad,"Vibhab Nagar, Firozabad - UPPCB","11-02-2026 10:00:00",27.1594,78.3953,SO2,17,19,18
India,Uttar_Pradesh,Ghaziabad,"Loni, Ghaziabad - UPPCB","11-02-2026 10:00:00",28.757294,77.278792,PM2.5,187,500,378
India,Uttar_Pradesh,Ghaziabad,"Loni, Ghaziabad - UPPCB","11-02-2026 10:00:00",28.757294,77.278792,NO2,1,39,18
India,Uttar_Pradesh,Ghaziabad,"Loni, Ghaziabad - UPPCB","11-02-2026 10:00:00",28.757294,77.278792,CO,62,111,98
India,Uttar_Pradesh,Ghaziabad,"Loni, Ghaziabad - UPPCB","11-02-2026 10:00:00",28.757294,77.278792,OZONE,4,145,4
India,Uttar_Pradesh,Ghaziabad,"Vasundhara, Ghaziabad - UPPCB","11-02-2026 10:00:00",28.6603346,77.3572563,SO2,10,65,23
India,Uttar_Pradesh,Gorakhpur,"Madan Mohan Malaviya University of Technology, Gorakhpur - UPPCB","11-02-2026 10:00:00",26.730136,83.433859,CO,4,6,6
India,Uttarakhand,Rishikesh,"Shivaji Nagar, Rishikesh - UKPCB","11-02-2026 10:00:00",30.075911,78.2859547,PM2.5,2,2,2
India,Uttarakhand,Rishikesh,"Shivaji Nagar, Rishikesh - UKPCB","11-02-2026 10:00:00",30.075911,78.2859547,NH3,5,30,12
India,Uttarakhand,Rishikesh,"Shivaji Nagar, Rishikesh - UKPCB","11-02-2026 10:00:00",30.075911,78.2859547,OZONE,53,87,58
India,West_Bengal,Asansol,"Trivenidevi Bhalotia College, Asansol - WBPCB","11-02-2026 10:00:00",23.616515,87.119133,PM10,47,152,109
India,West_Bengal,Asansol,"Trivenidevi Bhalotia College, Asansol - WBPCB","11-02-2026 10:00:00",23.616515,87.119133,CO,16,102,88
India,Uttar_Pradesh,Meerut,"Pallavpuram Phase 2, Meerut - UPPCB","11-02-2026 10:00:00",29.063510,77.709723,OZONE,2,171,18
India,Uttar_Pradesh,Moradabad,"Employment Office, Moradabad - UPPCB","11-02-2026 10:00:00",28.88528,78.73880,PM10,84,177,131
India,Uttar_Pradesh,Moradabad,"Employment Office, Moradabad - UPPCB","11-02-2026 10:00:00",28.88528,78.73880,SO2,23,27,25
India,Uttar_Pradesh,Moradabad,"Jigar Colony, Moradabad - UPPCB","11-02-2026 10:00:00",28.856664,78.772638,OZONE,16,33,16
India,West_Bengal,Barrackpore,"SVSPA Campus, Barrackpore - WBPCB","11-02-2026 10:00:00",22.7605581,88.3617589,OZONE,1,64,6
India,West_Bengal,Durgapur,"Mahishkapur Road_B-Zone, Durgapur - WBPCB","11-02-2026 10:00:00",23.567923,87.306843,CO,16,105,57
India,West_Bengal,Durgapur,"PCBL Residential Complex, Durgapur - WBPCB","11-02-2026 10:00:00",23.5087640,87.3544400,PM2.5,45,290,144
India,West_Bengal,Durgapur,"Womens College_City Center, Durgapur - WBPCB","11-02-2026 10:00:00",23.549395,87.300496,PM10,67,252,127
India,West_Bengal,Haldia,"Priyambada Housing Estate, Haldia - WBPCB","11-02-2026 10:00:00",22.06047,88.109737,PM10,49,205,112
India,West_Bengal,Howrah,"Belur Math, Howrah - WBPCB","11-02-2026 10:00:00",22.629801,88.352017,PM2.5,61,309,180
India,West_Bengal,Howrah,"Belur Math, Howrah - WBPCB","11-02-2026 10:00:00",22.629801,88.352017,PM10,87,376,181
India,West_Bengal,Howrah,"Belur Math, Howrah - WBPCB","11-02-2026 10:00:00",22.629801,88.352017,OZONE,13,41,20
India,West_Bengal,Howrah,"Botanical Garden, Howrah - WBPCB","11-02-2026 10:00:00",22.554954,88.292568,NH3,2,3,3
India,West_Bengal,Howrah,"Dasnagar, Howrah - WBPCB","11-02-2026 10:00:00",22.6025571,88.3105664,OZONE,14,149,23
India,West_Bengal,Howrah,"Ghusuri, Howrah - WBPCB","11-02-2026 10:00:00",22.611968,88.347422,PM2.5,83,422,243
India,West_Bengal,Howrah,"Ghusuri, Howrah - WBPCB","11-02-2026 10:00:00",22.611968,88.347422,NO2,14,34,24
India,West_Bengal,Howrah,"Ghusuri, Howrah - WBPCB","11-02-2026 10:00:00",22.611968,88.347422,NH3,7,23,14
India,West_Bengal,Howrah,"Ghusuri, Howrah - WBPCB","11-02-2026 10:00:00",22.611968,88.347422,OZONE,11,41,20
India,West_Bengal,Howrah,"Padmapukur, Howrah - WBPCB","11-02-2026 10:00:00",22.5687319,88.2797276,PM10,83,359,190
India,West_Bengal,Kolkata,"Ballygunge, Kolkata - WBPCB","11-02-2026 10:00:00",22.5367507,88.3638022,CO,14,141,86
India,West_Bengal,Kolkata,"Ballygunge, Kolkata - WBPCB","11-02-2026 10:00:00",22.5367507,88.3638022,OZONE,5,30,9
India,West_Bengal,Kolkata,"Bidhannagar, Kolkata - WBPCB","11-02-2026 10:00:00",22.58157048,88.41002457,PM2.5,57,274,161
India,West_Bengal,Kolkata,"Bidhannagar, Kolkata - WBPCB","11-02-2026 10:00:00",22.58157048,88.41002457,PM10,50,172,122
India,West_Bengal,Kolkata,"Bidhannagar, Kolkata - WBPCB","11-02-2026 10:00:00",22.58157048,88.41002457,NO2,13,23,14
India,West_Bengal,Kolkata,"Bidhannagar, Kolkata - WBPCB","11-02-2026 10:00:00",22.58157048,88.41002457,CO,23,106,70
India,West_Bengal,Kolkata,"Fort William, Kolkata - WBPCB","11-02-2026 10:00:00",22.556640,88.342674,PM10,53,191,110
India,West_Bengal,Kolkata,"Jadavpur, Kolkata - WBPCB","11-02-2026 10:00:00",22.49929,88.36917,CO,2,143,51
India,West_Bengal,Kolkata,"Rabindra Bharati University, Kolkata - WBPCB","11-02-2026 10:00:00",22.627847,88.380669,NO2,50,214,127
India,West_Bengal,Kolkata,"Rabindra Bharati University, Kolkata - WBPCB","11-02-2026 10:00:00",22.627847,88.380669,SO2,7,14,9
India,West_Bengal,Siliguri,"Ward-32 Bapupara, Siliguri - WBPCB","11-02-2026 10:00:00",26.6879226,88.4152495,NO2,17,21,19
India,West_Bengal,Siliguri,"Ward-32 Bapupara, Siliguri - WBPCB","11-02-2026 10:00:00",26.6879226,88.4152495,SO2,13,19,15
India,Bihar,Araria,"Kharahiya Basti, Araria - BSPCB","11-02-2026 10:00:00",26.146529,87.454184,PM2.5,33,217,101
India,Bihar,Araria,"Kharahiya Basti, Araria - BSPCB","11-02-2026 10:00:00",26.146529,87.454184,NO2,1,7,2
India,Bihar,Araria,"Kharahiya Basti, Araria - BSPCB","11-02-2026 10:00:00",26.146529,87.454184,OZONE,9,11,10
India,Bihar,Arrah,"New DM Office, Arrah - BSPCB","11-02-2026 10:00:00",25.5626095,84.663264,PM2.5,17,48,33
India,Bihar,Arrah,"New DM Office, Arrah - BSPCB","11-02-2026 10:00:00",25.5626095,84.663264,NO2,6,9,7
India,Bihar,Arrah,"New DM Office, Arrah - BSPCB","11-02-2026 10:00:00",25.5626095,84.663264,SO2,8,10,10
India,Bihar,Aurangabad,"Gurdeo Nagar, Aurangabad - BSPCB","11-02-2026 10:00:00",24.75746,84.366208,NO2,7,8,8
India,Bihar,Aurangabad,"Gurdeo Nagar, Aurangabad - BSPCB","11-02-2026 10:00:00",24.75746,84.366208,SO2,8,16,11
India,Bihar,Aurangabad,"Gurdeo Nagar, Aurangabad - BSPCB","11-02-2026 10:00:00",24.75746,84.366208,OZONE,7,69,20
India,Bihar,Begusarai,"Lohiyanagar, Begusarai - BSPCB","11-02-2026 10:00:00",25.42742023,86.13886079,PM2.5,48,253,125
India,Bihar,Begusarai,"Lohiyanagar, Begusarai - BSPCB","11-02-2026 10:00:00",25.42742023,86.13886079,PM10,48,120,88
India,Bihar,Begusarai,"Lohiyanagar, Begusarai - BSPCB","11-02-2026 10:00:00",25.42742023,86.13886079,NH3,10,11,11
India,Bihar,Bettiah,"Kamalnath Nagar, Bettiah - BSPCB","11-02-2026 10:00:00",26.80365,84.51954,PM10,52,111,76
India,Bihar,Manguraha,"Forest Rest House, Manguraha - BSPCB","11-02-2026 10:00:00",27.308328,84.531742,NH3,1,2,1
India,Bihar,Manguraha,"Forest Rest House, Manguraha - BSPCB","11-02-2026 10:00:00",27.308328,84.531742,OZONE,10,10,10
India,Bihar,Motihari,"Gandak Colony, Motihari - BSPCB","11-02-2026 10:00:00",26.63086,84.90051,PM2.5,50,170,91
India,Bihar,Motihari,"Gandak Colony, Motihari - BSPCB","11-02-2026 10:00:00",26.63086,84.90051,SO2,2,3,3
India,Bihar,Munger,"Town Hall, Munger - BSPCB","11-02-2026 10:00:00",25.376776,86.471523,OZONE,9,11,11
India,Bihar,Muzaffarpur,"Buddha Colony, Muzaffarpur - BSPCB","11-02-2026 10:00:00",26.11442,85.39813,OZONE,32,81,42
India,Bihar,Muzaffarpur,"MIT-Daudpur Kothi, Muzaffarpur - BSPCB","11-02-2026 10:00:00",26.1403345,85.3650192,SO2,11,15,14
India,Bihar,Muzaffarpur,"Muzaffarpur Collectorate, Muzaffarpur - BSPCB","11-02-2026 10:00:00",26.1209,85.3647,SO2,6,10,7
India,Bihar,Patna,"DRM Office Danapur, Patna - BSPCB","11-02-2026 10:00:00",25.586562,85.043586,PM10,76,389,155
India,Bihar,Purnia,"Mariam Nagar, Purnia - BSPCB","11-02-2026 10:00:00",25.366336,87.117468,NH3,3,3,3
India,Bihar,Purnia,"Mariam Nagar, Purnia - BSPCB","11-02-2026 10:00:00",25.366336,87.117468,CO,53,57,55
India,Bihar,Rajgir,"Dangi Tola, Rajgir - BSPCB","11-02-2026 10:00:00",25.03280,85.41948,PM10,NA,NA,NA
India,Bihar,Rajgir,"Dangi Tola, Rajgir - BSPCB","11-02-2026 10:00:00",25.03280,85.41948,NH3,NA,NA,NA
India,Bihar,Saharsa,"Police Line, Saharsa - BSPCB","11-02-2026 10:00:00",25.892357,86.590325,PM2.5,35,228,118
India,Bihar,Saharsa,"Police Line, Saharsa - BSPCB","11-02-2026 10:00:00",25.892357,86.590325,PM10,73,177,120
India,Bihar,Samastipur,"DM Office_Kasipur, Samastipur - BSPCB","11-02-2026 10:00:00",25.859655,85.77944,NH3,1,1,1
India,Bihar,Samastipur,"DM Office_Kasipur, Samastipur - BSPCB","11-02-2026 10:00:00",25.859655,85.77944,CO,4,9,8
India,Bihar,Sasaram,"Dada Peer, Sasaram - BSPCB","11-02-2026 10:00:00",24.952822,84.002396,NO2,2,8,3
India,Bihar,Siwan,"Chitragupta Nagar, Siwan - BSPCB","11-02-2026 10:00:00",26.2271665,84.3570427,PM10,NA,NA,NA
India,Andhra_Pradesh,Vijayawada,"Rajiv Nagar, Vijayawada - APPCB","11-02-2026 10:00:00",16.554731,80.649110,PM2.5,14,94,83
India,Andhra_Pradesh,Vijayawada,"Rajiv Nagar, Vijayawada - APPCB","11-02-2026 10:00:00",16.554731,80.649110,NO2,26,26,26
India,Andhra_Pradesh,Vijayawada,"Rajiv Nagar, Vijayawada - APPCB","11-02-2026 10:00:00",16.554731,80.649110,NH3,4,4,4
India,Andhra_Pradesh,Vijayawada,"Rajiv Nagar, Vijayawada - APPCB","11-02-2026 10:00:00",16.554731,80.649110,CO,32,41,39
India,Arunachal_Pradesh,Naharlagun,"Naharlagun, Naharlagun - APSPCB","11-02-2026 10:00:00",27.103358,93.679645,PM10,47,424,160
India,Arunachal_Pradesh,Naharlagun,"Naharlagun, Naharlagun - APSPCB","11-02-2026 10:00:00",27.103358,93.679645,CO,5,50,19
India,Assam,Byrnihat,"Central Academy for SFS, Byrnihat - PCBA","11-02-2026 10:00:00",26.071318,91.87488,CO,33,76,55
India,Assam,Guwahati,"LGBI Airport, Guwahati - PCBA","11-02-2026 10:00:00",26.10887,91.589544,OZONE,12,15,14
India,Bihar,Gaya,"Kareemganj, Gaya - BSPCB","11-02-2026 10:00:00",24.792403,84.992416,OZONE,16,38,25
India,Bihar,Gaya,"SFTI Kusdihra, Gaya - BSPCB","11-02-2026 10:00:00",24.762518,84.982348,CO,11,50,44
India,Bihar,Hajipur,"Industrial Area, Hajipur - BSPCB","11-02-2026 10:00:00",25.697189,85.245900,CO,20,62,50
India,Bihar,Hajipur,"Industrial Area, Hajipur - BSPCB","11-02-2026 10:00:00",25.697189,85.245900,OZONE,21,138,36
India,Bihar,Katihar,"Mirchaibari, Katihar - BSPCB","11-02-2026 10:00:00",25.560083,87.553265,NH3,1,1,1
India,Bihar,Katihar,"Mirchaibari, Katihar - BSPCB","11-02-2026 10:00:00",25.560083,87.553265,OZONE,5,26,12
India,Bihar,Kishanganj,"SDM Office_Khagra, Kishanganj - BSPCB","11-02-2026 10:00:00",26.0881305,87.93840336,NO2,9,12,11
India,Bihar,Kishanganj,"SDM Office_Khagra, Kishanganj - BSPCB","11-02-2026 10:00:00",26.0881305,87.93840336,SO2,7,9,8
India,Assam,Guwahati,"Pan Bazaar, Guwahati - PCBA","11-02-2026 10:00:00",26.187500,91.744194,SO2,22,47,33
India,Assam,Guwahati,"Pan Bazaar, Guwahati - PCBA","11-02-2026 10:00:00",26.187500,91.744194,OZONE,12,20,13
India,Assam,Guwahati,"Railway Colony, Guwahati - PCBA","11-02-2026 10:00:00",26.181742,91.78063,PM2.5,84,394,263
India,Assam,Guwahati,"Railway Colony, Guwahati - PCBA","11-02-2026 10:00:00",26.181742,91.78063,SO2,23,26,24
India,Assam,Nagaon,"Christianpatty, Nagaon - PCBA","11-02-2026 10:00:00",26.349082,92.68449,NH3,4,4,4
India,Assam,Nalbari,"Bata Chowk, Nalbari - PCBA","11-02-2026 10:00:00",26.446912,91.439057,NO2,10,15,14
India,Assam,Nalbari,"Bata Chowk, Nalbari - PCBA","11-02-2026 10:00:00",26.446912,91.439057,NH3,4,6,6
India,Assam,Silchar,"Tarapur, Silchar - PCBA","11-02-2026 10:00:00",24.82827,92.79525,PM10,5,94,64
India,Andhra_Pradesh,Amaravati,"Secretariat, Amaravati - APPCB","11-02-2026 10:00:00",16.5150833,80.5181667,PM2.5,61,128,84
India,Andhra_Pradesh,Amaravati,"Secretariat, Amaravati - APPCB","11-02-2026 10:00:00",16.5150833,80.5181667,OZONE,2,57,15
India,Andhra_Pradesh,Anantapur,"Gulzarpet, Anantapur - APPCB","11-02-2026 10:00:00",14.675886,77.593027,SO2,12,12,12
India,Andhra_Pradesh,Chittoor,"Gangineni Cheruvu, Chittoor - APPCB","11-02-2026 10:00:00",13.204880,79.097889,OZONE,40,48,45
India,Andhra_Pradesh,Kadapa,"Yerramukkapalli, Kadapa - APPCB","11-02-2026 10:00:00",14.465052,78.824187,NO2,NA,NA,NA
India,Andhra_Pradesh,Rajamahendravaram,"Anand Kala Kshetram, Rajamahendravaram - APPCB","11-02-2026 10:00:00",16.9872867,81.7363176,PM10,99,123,111
India,Bihar,Patna,"DRM Office Danapur, Patna - BSPCB","11-02-2026 10:00:00",25.586562,85.043586,NO2,48,56,51
India,Bihar,Patna,"DRM Office Danapur, Patna - BSPCB","11-02-2026 10:00:00",25.586562,85.043586,NH3,4,5,5
India,Bihar,Patna,"DRM Office Danapur, Patna - BSPCB","11-02-2026 10:00:00",25.586562,85.043586,CO,18,102,45
India,Bihar,Patna,"Govt. High School Shikarpur, Patna - BSPCB","11-02-2026 10:00:00",25.592539,85.227158,PM10,113,238,146
India,Bihar,Patna,"Govt. High School Shikarpur, Patna - BSPCB","11-02-2026 10:00:00",25.592539,85.227158,CO,28,100,67
India,Bihar,Patna,"IGSC Planetarium Complex, Patna - BSPCB","11-02-2026 10:00:00",25.610369,85.132568,CO,30,33,32
India,Bihar,Patna,"Samanpura, Patna - BSPCB","11-02-2026 10:00:00",25.596727,85.085624,PM10,104,218,162
India,Bihar,Patna,"Samanpura, Patna - BSPCB","11-02-2026 10:00:00",25.596727,85.085624,NH3,4,20,12
India,Bihar,Bhagalpur,"DM Office_Kachari Chowk, Bhagalpur - BSPCB","11-02-2026 10:00:00",25.251013,86.989001,CO,10,27,17
India,Bihar,Bhagalpur,"Mayaganj, Bhagalpur - BSPCB","11-02-2026 10:00:00",25.265194,87.012947,NH3,9,11,10
India,Bihar,Bhagalpur,"Mayaganj, Bhagalpur - BSPCB","11-02-2026 10:00:00",25.265194,87.012947,OZONE,13,31,16
India,Bihar,Chhapra,"Darshan Nagar, Chhapra - BSPCB","11-02-2026 10:00:00",25.7808257,84.7446768,CO,25,60,52
India,Bihar,Chhapra,"Darshan Nagar, Chhapra - BSPCB","11-02-2026 10:00:00",25.7808257,84.7446768,OZONE,3,8,5
India,Bihar,Gaya,"Collectorate, Gaya - BSPCB","11-02-2026 10:00:00",24.7955,84.9994,OZONE,NA,NA,NA
India,Bihar,Gaya,"Kareemganj, Gaya - BSPCB","11-02-2026 10:00:00",24.792403,84.992416,NO2,9,15,12
India,Andhra_Pradesh,Rajamahendravaram,"Anand Kala Kshetram, Rajamahendravaram - APPCB","11-02-2026 10:00:00",16.9872867,81.7363176,SO2,6,19,11
India,Andhra_Pradesh,Tirupati,"Vaikuntapuram, Tirupati - APPCB","11-02-2026 10:00:00",13.615387,79.409230,NO2,19,22,20
India,Andhra_Pradesh,Vijayawada,"HB Colony, Vijayawada - APPCB","11-02-2026 10:00:00",16.536107,80.594233,NO2,19,19,19
India,Andhra_Pradesh,Vijayawada,"HB Colony, Vijayawada - APPCB","11-02-2026 10:00:00",16.536107,80.594233,SO2,18,18,18
India,Andhra_Pradesh,Vijayawada,"Kanuru, Vijayawada - APPCB","11-02-2026 10:00:00",16.486692,80.699436,PM2.5,61,68,64
India,Andhra_Pradesh,Vijayawada,"Kanuru, Vijayawada - APPCB","11-02-2026 10:00:00",16.486692,80.699436,CO,123,123,123
India,Delhi,Delhi,"Mundka, Delhi - DPCC","11-02-2026 10:00:00",28.684678,77.076574,NH3,11,19,15
India,Delhi,Delhi,"Mundka, Delhi - DPCC","11-02-2026 10:00:00",28.684678,77.076574,OZONE,5,110,9
India,Delhi,Delhi,"NSIT Dwarka, Delhi - CPCB","11-02-2026 10:00:00",28.60909,77.0325413,PM2.5,124,322,195
India,Delhi,Delhi,"Najafgarh, Delhi - DPCC","11-02-2026 10:00:00",28.570173,76.933762,PM2.5,57,391,239
India,Delhi,Delhi,"Najafgarh, Delhi - DPCC","11-02-2026 10:00:00",28.570173,76.933762,SO2,21,91,26
India,Delhi,Delhi,"Narela, Delhi - DPCC","11-02-2026 10:00:00",28.822836,77.101981,CO,20,90,52
India,Delhi,Delhi,"Nehru Nagar, Delhi - DPCC","11-02-2026 10:00:00",28.567890,77.250515,PM10,105,479,329
India,Delhi,Delhi,"Nehru Nagar, Delhi - DPCC","11-02-2026 10:00:00",28.567890,77.250515,NO2,62,141,96
India,Delhi,Delhi,"North Campus, DU, Delhi - IMD","11-02-2026 10:00:00",28.6573814,77.1585447,PM2.5,172,433,324
India,Delhi,Delhi,"Okhla Phase-2, Delhi - DPCC","11-02-2026 10:00:00",28.530785,77.271255,PM2.5,120,463,309
India,Delhi,Delhi,"Dr. Karni Singh Shooting Range, Delhi - DPCC","11-02-2026 10:00:00",28.498571,77.264840,CO,4,95,67
India,Delhi,Delhi,"Dwarka-Sector 8, Delhi - DPCC ","11-02-2026 10:00:00",28.5710274,77.0719006,NO2,65,175,117
India,Delhi,Delhi,"IGI Airport (T3), Delhi - IMD","11-02-2026 10:00:00",28.5627763,77.1180053,PM10,116,411,240
India,Delhi,Delhi,"IGI Airport (T3), Delhi - IMD","11-02-2026 10:00:00",28.5627763,77.1180053,CO,12,112,100
India,Delhi,Delhi,"IGI Airport (T3), Delhi - IMD","11-02-2026 10:00:00",28.5627763,77.1180053,OZONE,4,76,6
India,Delhi,Delhi,"IHBAS, Dilshad Garden, Delhi - CPCB","11-02-2026 10:00:00",28.6811736,77.3025234,PM10,155,287,204
India,Delhi,Delhi,"IHBAS, Dilshad Garden, Delhi - CPCB","11-02-2026 10:00:00",28.6811736,77.3025234,NH3,4,16,11
India,Delhi,Delhi,"IHBAS, Dilshad Garden, Delhi - CPCB","11-02-2026 10:00:00",28.6811736,77.3025234,OZONE,25,78,27
India,Delhi,Delhi,"IIT Delhi, Delhi - IITM","11-02-2026 10:00:00",28.542460,77.191651,CO,6,112,93
India,Delhi,Delhi,"ITO, Delhi - CPCB","11-02-2026 10:00:00",28.628624,77.241060,PM2.5,98,459,360
India,Chhattisgarh,Raipur,"Siltara Phase-II, Raipur - CECB","11-02-2026 10:00:00",21.371751,81.664929,NH3,2,2,2
India,Chhattisgarh,Raipur,"Siltara Phase-II, Raipur - CECB","11-02-2026 10:00:00",21.371751,81.664929,OZONE,NA,NA,NA
India,Chhattisgarh,Tumidih,"OP Jindal Industrial Park, Tumidih - CECB","11-02-2026 10:00:00",22.06631475,83.33820077,PM10,39,251,134
India,Chhattisgarh,Tumidih,"OP Jindal Industrial Park, Tumidih - CECB","11-02-2026 10:00:00",22.06631475,83.33820077,SO2,5,15,8
India,Delhi,Delhi,"Alipur, Delhi - DPCC","11-02-2026 10:00:00",28.815329,77.153010,NO2,35,92,60
India,Delhi,Delhi,"Alipur, Delhi - DPCC","11-02-2026 10:00:00",28.815329,77.153010,NH3,7,18,15
India,Delhi,Delhi,"Alipur, Delhi - DPCC","11-02-2026 10:00:00",28.815329,77.153010,CO,28,104,43
India,Delhi,Delhi,"Anand Vihar, Delhi - DPCC","11-02-2026 10:00:00",28.647622,77.3158090,PM2.5,NA,NA,NA
India,Delhi,Delhi,"Anand Vihar, Delhi - DPCC","11-02-2026 10:00:00",28.647622,77.3158090,OZONE,NA,NA,NA
India,Chandigarh,Chandigarh,"Sector-25, Chandigarh - CPCC","11-02-2026 10:00:00",30.751462,76.762879,PM2.5,116,189,154
India,Chandigarh,Chandigarh,"Sector-25, Chandigarh - CPCC","11-02-2026 10:00:00",30.751462,76.762879,NH3,8,9,9
India,Chandigarh,Chandigarh,"Sector-53, Chandigarh - CPCC","11-02-2026 10:00:00",30.719859,76.738637,PM2.5,38,167,82
India,Chhattisgarh,Bhilai,"Civic Center, Bhilai - Bhilai Steel Plant","11-02-2026 10:00:00",21.185571,81.343175,OZONE,9,14,10
India,Chhattisgarh,Bhilai,"Hathkhoj, Bhilai - CECB","11-02-2026 10:00:00",21.224231,81.408350,PM10,19,119,64
India,Chhattisgarh,Bhilai,"Hathkhoj, Bhilai - CECB","11-02-2026 10:00:00",21.224231,81.408350,NH3,4,7,5
India,Delhi,Delhi,"Jahangirpuri, Delhi - DPCC","11-02-2026 10:00:00",28.732820,77.170633,NH3,15,42,31
India,Delhi,Delhi,"Jahangirpuri, Delhi - DPCC","11-02-2026 10:00:00",28.732820,77.170633,CO,29,129,90
India,Delhi,Delhi,"Jawaharlal Nehru Stadium, Delhi - DPCC","11-02-2026 10:00:00",28.580280,77.233829,PM10,111,500,331
India,Delhi,Delhi,"Lodhi Road, Delhi - IMD","11-02-2026 10:00:00",28.5918245,77.2273074,PM2.5,78,328,195
India,Delhi,Delhi,"Lodhi Road, Delhi - IMD","11-02-2026 10:00:00",28.5918245,77.2273074,NO2,23,76,48
India,Delhi,Delhi,"Mandir Marg, Delhi - DPCC","11-02-2026 10:00:00",28.636429,77.201067,CO,50,114,83
India,Delhi,Delhi,"Patparganj, Delhi - DPCC","11-02-2026 10:00:00",28.623763,77.287209,CO,34,138,116
India,Delhi,Delhi,"Punjabi Bagh, Delhi - DPCC","11-02-2026 10:00:00",28.674045,77.131023,PM10,114,464,303
India,Delhi,Delhi,"Punjabi Bagh, Delhi - DPCC","11-02-2026 10:00:00",28.674045,77.131023,NO2,28,116,71
India,Delhi,Delhi,"Punjabi Bagh, Delhi - DPCC","11-02-2026 10:00:00",28.674045,77.131023,OZONE,16,71,28
India,Delhi,Delhi,"Pusa, Delhi - IMD","11-02-2026 10:00:00",28.636110,77.173332,PM2.5,82,372,238
India,Delhi,Delhi,"Pusa, Delhi - IMD","11-02-2026 10:00:00",28.636110,77.173332,NO2,58,302,163
India,Delhi,Delhi,"Pusa, Delhi - IMD","11-02-2026 10:00:00",28.636110,77.173332,OZONE,45,129,48
India,Delhi,Delhi,"Bawana, Delhi - DPCC","11-02-2026 10:00:00",28.776200,77.051074,NH3,7,10,8
India,Delhi,Delhi,"Bawana, Delhi - DPCC","11-02-2026 10:00:00",28.776200,77.051074,CO,20,100,70
India,Delhi,Delhi,"Burari Crossing, Delhi - IMD","11-02-2026 10:00:00",28.7256504,77.2011573,CO,26,122,88
India,Delhi,Delhi,"DTU, Delhi - CPCB","11-02-2026 10:00:00",28.7500499,77.1112615,NH3,9,12,10
India,Delhi,Delhi,"DTU, Delhi - CPCB","11-02-2026 10:00:00",28.7500499,77.1112615,CO,34,90,70
India,Delhi,Delhi,"Dr. Karni Singh Shooting Range, Delhi - DPCC","11-02-2026 10:00:00",28.498571,77.264840,NH3,7,9,8
India,Chhattisgarh,Kunjemura,"OP Jindal School, Kunjemura - CECB","11-02-2026 10:00:00",22.126650,83.483212,CO,23,50,44
India,Chhattisgarh,Milupara,"Govt. Higher Secondary School, Milupara - CECB","11-02-2026 10:00:00",22.1910172,83.5197009,PM10,20,183,73
India,Chhattisgarh,Raipur,"Krishak Nagar, Raipur - CECB","11-02-2026 10:00:00",21.237755,81.705301,PM2.5,34,233,65
India,Chhattisgarh,Bhilai,"Hathkhoj, Bhilai - CECB","11-02-2026 10:00:00",21.224231,81.408350,CO,8,62,38
India,Chhattisgarh,Korba,"Rampur, Korba - CECB","11-02-2026 10:00:00",22.368195,82.746431,CO,14,26,22
India,Gujarat,Ahmedabad,"SAC ISRO Bopal, Ahmedabad - IITM","11-02-2026 10:00:00",23.041137,72.456691,PM2.5,67,185,124
India,Gujarat,Ahmedabad,"SAC ISRO Bopal, Ahmedabad - IITM","11-02-2026 10:00:00",23.041137,72.456691,SO2,8,18,10
India,Gujarat,Ahmedabad,"SAC ISRO Satellite, Ahmedabad - IITM","11-02-2026 10:00:00",23.023389,72.515201,PM10,79,162,112
India,Gujarat,Ahmedabad,"SAC ISRO Satellite, Ahmedabad - IITM","11-02-2026 10:00:00",23.023389,72.515201,NH3,5,15,10
India,Gujarat,Ahmedabad,"SAC ISRO Satellite, Ahmedabad - IITM","11-02-2026 10:00:00",23.023389,72.515201,CO,1,86,31
India,Gujarat,Ahmedabad,"SAC ISRO Satellite, Ahmedabad - IITM","11-02-2026 10:00:00",23.023389,72.515201,OZONE,2,39,5
India,Gujarat,Ahmedabad,"SVPI Airport Hansol, Ahmedabad - IITM","11-02-2026 10:00:00",23.076793,72.627874,PM2.5,41,84,57
India,Gujarat,Ahmedabad,"SVPI Airport Hansol, Ahmedabad - IITM","11-02-2026 10:00:00",23.076793,72.627874,PM10,83,149,120
India,Gujarat,Ankleshwar,"GIDC, Ankleshwar - GPCB","11-02-2026 10:00:00",21.613267,73.010555,NO2,26,27,26
India,Gujarat,Ankleshwar,"GIDC, Ankleshwar - GPCB","11-02-2026 10:00:00",21.613267,73.010555,NH3,9,10,10
India,Gujarat,Ankleshwar,"GIDC, Ankleshwar - GPCB","11-02-2026 10:00:00",21.613267,73.010555,OZONE,10,70,12
India,Gujarat,Bhavnagar,"Vidhyanagar, Bhavnagar - Nexteng Enviro","11-02-2026 10:00:00",21.755417,72.139056,SO2,9,65,28
India,Gujarat,Gandhinagar,"GIFT City, Gandhinagar - IITM","11-02-2026 10:00:00",23.163798,72.677768,PM2.5,44,225,86
India,Gujarat,Gandhinagar,"GIFT City, Gandhinagar - IITM","11-02-2026 10:00:00",23.163798,72.677768,NO2,15,74,32
India,Gujarat,Gandhinagar,"GIFT City, Gandhinagar - IITM","11-02-2026 10:00:00",23.163798,72.677768,SO2,6,13,10
India,Gujarat,Gandhinagar,"GIFT City, Gandhinagar - IITM","11-02-2026 10:00:00",23.163798,72.677768,OZONE,1,64,7
India,Gujarat,Gandhinagar,"IIPHG Lekawada, Gandhinagar - IITM","11-02-2026 10:00:00",23.243639,72.68994,NO2,4,166,32
India,Gujarat,Gandhinagar,"IIPHG Lekawada, Gandhinagar - IITM","11-02-2026 10:00:00",23.243639,72.68994,CO,24,73,61
India,Gujarat,Gandhinagar,"IIPHG Lekawada, Gandhinagar - IITM","11-02-2026 10:00:00",23.243639,72.68994,OZONE,2,40,4
India,Gujarat,Gandhinagar,"Sector-10, Gandhinagar - GPCB","11-02-2026 10:00:00",23.221714,72.654328,OZONE,3,67,7
India,Gujarat,Mehsana,"Sadanand Nagar, Mehsana - Nexteng Enviro","11-02-2026 10:00:00",23.593150,72.372792,PM10,47,138,86
India,Gujarat,Mehsana,"Sadanand Nagar, Mehsana - Nexteng Enviro","11-02-2026 10:00:00",23.593150,72.372792,SO2,1,19,6
India,Gujarat,Rajkot,"Mavdi, Rajkot - Nexteng Enviro ","11-02-2026 10:00:00",22.248853,70.776774,NO2,8,63,26
India,Gujarat,Rajkot,"Mavdi, Rajkot - Nexteng Enviro ","11-02-2026 10:00:00",22.248853,70.776774,SO2,1,43,11
India,Gujarat,Rajkot,"Mavdi, Rajkot - Nexteng Enviro ","11-02-2026 10:00:00",22.248853,70.776774,CO,105,113,110
India,Gujarat,Surat,"Katargam, Surat - Nexteng Enviro","11-02-2026 10:00:00","21.217779 ","72.834787 ",PM2.5,54,307,152
India,Gujarat,Surat,"Katargam, Surat - Nexteng Enviro","11-02-2026 10:00:00","21.217779 ","72.834787 ",NO2,33,95,61
India,Gujarat,Surat,"Katargam, Surat - Nexteng Enviro","11-02-2026 10:00:00","21.217779 ","72.834787 ",NH3,3,5,3
India,Gujarat,Surat,"Katargam, Surat - Nexteng Enviro","11-02-2026 10:00:00","21.217779 ","72.834787 ",CO,120,131,125
India,Gujarat,Surat,"Science Center, Surat - SMC","11-02-2026 10:00:00",21.170046,72.795405,SO2,22,26,24
India,Gujarat,Vadodara,"Bapunagar, Vadodara - Nexteng Enviro","11-02-2026 10:00:00",22.320153,73.216285,NO2,12,32,21
India,Gujarat,Vapi,"Phase-1 GIDC, Vapi - GPCB","11-02-2026 10:00:00",20.362421,72.918013,NO2,13,15,14
India,Gujarat,Vapi,"Phase-1 GIDC, Vapi - GPCB","11-02-2026 10:00:00",20.362421,72.918013,SO2,15,21,17
India,Haryana,Gurugram,"Sector-51, Gurugram - HSPCB","11-02-2026 10:00:00",28.4227,77.0667,NO2,6,15,9
India,Haryana,Gurugram,"Sector-51, Gurugram - HSPCB","11-02-2026 10:00:00",28.4227,77.0667,CO,44,98,83
India,Haryana,Gurugram,"Teri Gram, Gurugram - HSPCB","11-02-2026 10:00:00",28.4275,77.1465,PM10,68,230,131
India,Haryana,Gurugram,"Vikas Sadan, Gurugram - HSPCB","11-02-2026 10:00:00",28.4501238,77.0263051,PM10,149,497,306
India,Haryana,Gurugram,"Vikas Sadan, Gurugram - HSPCB","11-02-2026 10:00:00",28.4501238,77.0263051,OZONE,4,31,14
India,Haryana,Hisar,"Urban Estate-II, Hisar - HSPCB","11-02-2026 10:00:00",29.140560,75.744941,PM10,71,118,95
India,Haryana,Hisar,"Urban Estate-II, Hisar - HSPCB","11-02-2026 10:00:00",29.140560,75.744941,CO,28,50,40
India,Haryana,Jind,"Police Lines, Jind - HSPCB","11-02-2026 10:00:00",29.307814,76.337619,PM10,108,151,122
India,Delhi,Delhi,"R K Puram, Delhi - DPCC","11-02-2026 10:00:00",28.563262,77.186937,CO,2,148,106
India,Delhi,Delhi,"Rohini, Delhi - DPCC","11-02-2026 10:00:00",28.732528,77.119920,NO2,24,135,74
India,Delhi,Delhi,"Shadipur, Delhi - CPCB","11-02-2026 10:00:00",28.6514781,77.1473105,NH3,11,22,14
India,Delhi,Delhi,"Shadipur, Delhi - CPCB","11-02-2026 10:00:00",28.6514781,77.1473105,CO,9,131,75
India,Delhi,Delhi,"Sirifort, Delhi - CPCB","11-02-2026 10:00:00",28.5504249,77.2159377,PM10,179,500,367
India,Delhi,Delhi,"Sirifort, Delhi - CPCB","11-02-2026 10:00:00",28.5504249,77.2159377,CO,28,125,112
India,Delhi,Delhi,"Sri Aurobindo Marg, Delhi - DPCC","11-02-2026 10:00:00",28.531346,77.190156,PM10,113,447,195
India,Delhi,Delhi,"Vivek Vihar, Delhi - DPCC","11-02-2026 10:00:00",28.672342,77.315260,PM10,169,500,340
India,Haryana,Faridabad,"New Industrial Town, Faridabad - HSPCB","11-02-2026 10:00:00",28.39072,77.30059,NO2,23,26,25
India,Haryana,Faridabad,"New Industrial Town, Faridabad - HSPCB","11-02-2026 10:00:00",28.39072,77.30059,NH3,11,12,11
India,Haryana,Faridabad,"New Industrial Town, Faridabad - HSPCB","11-02-2026 10:00:00",28.39072,77.30059,CO,10,13,12
India,Haryana,Faridabad,"New Industrial Town, Faridabad - HSPCB","11-02-2026 10:00:00",28.39072,77.30059,OZONE,26,34,31
India,Haryana,Faridabad,"Sector 11, Faridabad - HSPCB","11-02-2026 10:00:00",28.376058,77.315741,OZONE,14,16,15
India,Haryana,Faridabad,"Sector 30, Faridabad - HSPCB","11-02-2026 10:00:00",28.4417,77.3217,NH3,10,12,11
India,Haryana,Gurugram,"NISE Gwal Pahari, Gurugram - IMD","11-02-2026 10:00:00",28.422681,77.148944,PM10,112,333,185
India,Haryana,Ballabgarh,"Nathu Colony, Ballabgarh - HSPCB","11-02-2026 10:00:00",28.3419248,77.319699,NO2,19,21,20
India,Haryana,Ballabgarh,"Nathu Colony, Ballabgarh - HSPCB","11-02-2026 10:00:00",28.3419248,77.319699,OZONE,15,15,15
India,Haryana,"Charkhi Dadri","Mini Secretariat, Charkhi Dadri - HSPCB","11-02-2026 10:00:00",28.593883,76.270653,NO2,9,24,15
India,Haryana,Dharuhera,"Municipal Corporation Office, Dharuhera -  HSPCB","11-02-2026 10:00:00",28.206800,76.799700,PM2.5,79,324,218
India,Haryana,Dharuhera,"Municipal Corporation Office, Dharuhera -  HSPCB","11-02-2026 10:00:00",28.206800,76.799700,NO2,19,70,50
India,Delhi,Delhi,"Wazirpur, Delhi - DPCC","11-02-2026 10:00:00",28.699793,77.165453,PM2.5,120,471,354
India,Gujarat,Ahmedabad,"Gyaspur, Ahmedabad - IITM","11-02-2026 10:00:00",22.977134,72.553024,SO2,5,107,36
India,Gujarat,Ahmedabad,"Maninagar, Ahmedabad - GPCB","11-02-2026 10:00:00",23.002657,72.591912,NO2,94,100,95
India,Haryana,Jind,"Police Lines, Jind - HSPCB","11-02-2026 10:00:00",29.307814,76.337619,OZONE,12,38,16
India,Haryana,Kaithal,"Rishi Nagar, Kaithal - HSPCB","11-02-2026 10:00:00",29.8006,76.4155,NO2,30,33,31
India,Haryana,Kaithal,"Rishi Nagar, Kaithal - HSPCB","11-02-2026 10:00:00",29.8006,76.4155,NH3,5,6,6
India,Haryana,Sonipat,"Murthal, Sonipat - HSPCB","11-02-2026 10:00:00",29.027200,77.062100,PM10,53,113,85
India,Haryana,Sonipat,"Murthal, Sonipat - HSPCB","11-02-2026 10:00:00",29.027200,77.062100,NO2,12,17,13
India,Haryana,"Yamuna Nagar","Gobind Pura, Yamuna Nagar - HSPCB","11-02-2026 10:00:00",30.1480566,77.2893471,PM2.5,NA,NA,NA
India,Haryana,"Yamuna Nagar","Gobind Pura, Yamuna Nagar - HSPCB","11-02-2026 10:00:00",30.1480566,77.2893471,SO2,NA,NA,NA
India,Haryana,"Yamuna Nagar","Gobind Pura, Yamuna Nagar - HSPCB","11-02-2026 10:00:00",30.1480566,77.2893471,CO,NA,NA,NA
India,"Himachal Pradesh",Baddi,"HIMUDA Complex Phase-1, Baddi - HPPCB","11-02-2026 10:00:00",30.943887,76.801991,PM2.5,77,373,152
India,"Himachal Pradesh",Baddi,"HIMUDA Complex Phase-1, Baddi - HPPCB","11-02-2026 10:00:00",30.943887,76.801991,NO2,12,46,32
India,Jammu_and_Kashmir,Srinagar,"Khunmoh, Srinagar - JKPCC","11-02-2026 10:00:00",34.06313,74.96017,PM10,24,41,32
India,Jammu_and_Kashmir,Srinagar,"Rajbagh, Srinagar - JKPCC","11-02-2026 10:00:00",34.066206,74.819820,PM2.5,15,24,18
India,Jammu_and_Kashmir,Srinagar,"Rajbagh, Srinagar - JKPCC","11-02-2026 10:00:00",34.066206,74.819820,PM10,23,37,28
India,Jammu_and_Kashmir,Srinagar,"Rajbagh, Srinagar - JKPCC","11-02-2026 10:00:00",34.066206,74.819820,CO,12,19,14
India,Jharkhand,Dhanbad,"Sardar Patel Nagar, Dhanbad - JSPCB","11-02-2026 10:00:00",23.80569,86.44268,PM10,9,261,115
India,Jharkhand,Dhanbad,"Sardar Patel Nagar, Dhanbad - JSPCB","11-02-2026 10:00:00",23.80569,86.44268,OZONE,1,24,2
India,Karnataka,Bengaluru,"BTM Layout, Bengaluru - CPCB","11-02-2026 10:00:00",12.9135218,77.5950804,PM2.5,78,105,93
India,Karnataka,Bengaluru,"BTM Layout, Bengaluru - CPCB","11-02-2026 10:00:00",12.9135218,77.5950804,NO2,4,16,10
India,Karnataka,Bengaluru,"BWSSB Kadabesanahalli, Bengaluru - CPCB","11-02-2026 10:00:00",12.9352049,77.6814488,NO2,11,35,23
India,Karnataka,Bengaluru,"BWSSB Kadabesanahalli, Bengaluru - CPCB","11-02-2026 10:00:00",12.9352049,77.6814488,OZONE,20,60,34
India,Karnataka,Bengaluru,"Bapuji Nagar, Bengaluru - KSPCB","11-02-2026 10:00:00",12.951913,77.539784,PM10,NA,NA,NA
India,Karnataka,Bengaluru,"Kasturi Nagar, Bengaluru - KSPCB","11-02-2026 10:00:00",13.003872,77.664217,PM10,79,89,86
India,Karnataka,Bengaluru,"Kasturi Nagar, Bengaluru - KSPCB","11-02-2026 10:00:00",13.003872,77.664217,SO2,14,19,15
India,Karnataka,Bengaluru,"Peenya, Bengaluru - CPCB","11-02-2026 10:00:00",13.0270199,77.494094,PM2.5,21,44,31
India,Karnataka,Bengaluru,"Peenya, Bengaluru - CPCB","11-02-2026 10:00:00",13.0270199,77.494094,PM10,89,104,98
India,Karnataka,Bengaluru,"Sanegurava Halli, Bengaluru - KSPCB","11-02-2026 10:00:00",12.990328,77.5431385,NO2,17,18,18
India,Karnataka,Bengaluru,"Sanegurava Halli, Bengaluru - KSPCB","11-02-2026 10:00:00",12.990328,77.5431385,SO2,6,6,6
India,Karnataka,Bengaluru,"Shivapura_Peenya, Bengaluru - KSPCB","11-02-2026 10:00:00",13.0246342,77.5080115,SO2,3,9,6
India,Karnataka,Bengaluru,"Silk Board, Bengaluru - KSPCB","11-02-2026 10:00:00",12.917348,77.622813,PM2.5,73,110,88
India,Haryana,Panchgaon,"Amity University, Panchgaon - IITM","11-02-2026 10:00:00",28.3153,76.9143,NH3,3,11,7
India,Haryana,Panchkula,"Sector-6, Panchkula - HSPCB ","11-02-2026 10:00:00",30.7057778,76.8531805555555,PM2.5,41,232,113
India,Haryana,Panchkula,"Sector-6, Panchkula - HSPCB ","11-02-2026 10:00:00",30.7057778,76.8531805555555,SO2,14,15,15
India,Haryana,Panipat,"Sector-18, Panipat - HSPCB","11-02-2026 10:00:00",29.432304,76.972765,PM10,118,157,138
India,Haryana,Panipat,"Sector-18, Panipat - HSPCB","11-02-2026 10:00:00",29.432304,76.972765,SO2,18,19,19
India,Haryana,Panipat,"Sector-18, Panipat - HSPCB","11-02-2026 10:00:00",29.432304,76.972765,CO,16,26,24
India,Haryana,Rohtak,"MD University, Rohtak - HSPCB","11-02-2026 10:00:00",28.52123,76.37138,OZONE,39,40,39
India,Karnataka,Bengaluru,"Bapuji Nagar, Bengaluru - KSPCB","11-02-2026 10:00:00",12.951913,77.539784,CO,8,68,68
India,Karnataka,Bengaluru,"Hebbal, Bengaluru - KSPCB","11-02-2026 10:00:00",13.029152,77.585901,CO,4,67,25
India,Karnataka,Bengaluru,"Hombegowda Nagar, Bengaluru - KSPCB","11-02-2026 10:00:00",12.938539,77.590100,CO,10,25,15
India,Karnataka,Bengaluru,"Hombegowda Nagar, Bengaluru - KSPCB","11-02-2026 10:00:00",12.938539,77.590100,OZONE,27,64,37
India,Karnataka,Bengaluru,"Jayanagar 5th Block, Bengaluru - KSPCB","11-02-2026 10:00:00",12.920984,77.584908,PM10,77,140,102
India,Karnataka,Bengaluru,"Jayanagar 5th Block, Bengaluru - KSPCB","11-02-2026 10:00:00",12.920984,77.584908,NH3,2,2,2
India,Karnataka,Bengaluru,"Jigani, Bengaluru - KSPCB","11-02-2026 10:00:00",12.7816279,77.6299145,CO,42,44,42
India,Karnataka,Shivamogga,"Vinoba Nagara, Shivamogga - KSPCB","11-02-2026 10:00:00",13.940000,75.555917,SO2,1,5,3
India,Karnataka,Shivamogga,"Vinoba Nagara, Shivamogga - KSPCB","11-02-2026 10:00:00",13.940000,75.555917,CO,4,33,9
India,Karnataka,Tumakuru,"Thimmalapura, Tumakuru - KSPCB","11-02-2026 10:00:00",13.377516,77.099072,PM2.5,86,205,132
India,Karnataka,Tumakuru,"Thimmalapura, Tumakuru - KSPCB","11-02-2026 10:00:00",13.377516,77.099072,PM10,101,154,124
India,Karnataka,Tumakuru,"Thimmalapura, Tumakuru - KSPCB","11-02-2026 10:00:00",13.377516,77.099072,OZONE,23,23,23
India,Karnataka,Yadgir,"Collector Office, Yadgir - KSPCB","11-02-2026 10:00:00",16.7602,77.1428,CO,2,20,6
India,Karnataka,Yadgir,"Collector Office, Yadgir - KSPCB","11-02-2026 10:00:00",16.7602,77.1428,OZONE,18,22,18
India,Karnataka,Hubballi,"Lingaraj Nagar, Hubballi - KSPCB","11-02-2026 10:00:00",15.3714823,75.1160168,NO2,7,11,8
India,Karnataka,Madikeri,"Stuart Hill, Madikeri - KSPCB","11-02-2026 10:00:00",12.415911,75.735050,SO2,7,7,7
India,Karnataka,Mangalore,"Kadri, Mangalore - KSPCB","11-02-2026 10:00:00",12.889250,74.853000,PM10,NA,NA,NA
India,Karnataka,Mysuru,"Hebbal 1st Stage, Mysuru - KSPCB","11-02-2026 10:00:00",12.21041,76.37376,NH3,3,6,5
India,Karnataka,Ramanagara,"Vijay Nagar, Ramanagara - KSPCB","11-02-2026 10:00:00",12.733409,77.298051,PM2.5,50,136,95
India,Karnataka,Bengaluru,"Silk Board, Bengaluru - KSPCB","11-02-2026 10:00:00",12.917348,77.622813,NH3,4,7,6
India,Karnataka,Chikkaballapur,"Chikkaballapur Rural, Chikkaballapur - KSPCB","11-02-2026 10:00:00",13.428828,77.731418,CO,12,34,14
India,Haryana,Palwal,"Shyam Nagar, Palwal - HSPCB","11-02-2026 10:00:00",28.1485564,77.3320667,SO2,13,15,14
India,Maharashtra,Belapur,"CBD Belapur, Belapur - MPCB","11-02-2026 10:00:00",19.0243902,73.0406721,PM2.5,108,316,202
India,Maharashtra,Bhiwandi,"Gokul Nagar, Bhiwandi - MPCB","11-02-2026 10:00:00",19.309073,73.057223,PM2.5,84,194,115
India,Maharashtra,Bhiwandi,"Gokul Nagar, Bhiwandi - MPCB","11-02-2026 10:00:00",19.309073,73.057223,NO2,16,43,30
India,Maharashtra,Boisar,"Khaira, Boisar - MPCB","11-02-2026 10:00:00",19.786089,72.757971,NO2,17,38,26
India,Maharashtra,Boisar,"Khaira, Boisar - MPCB","11-02-2026 10:00:00",19.786089,72.757971,NH3,6,7,6
India,Maharashtra,Chandrapur,"Chauhan Colony, Chandrapur - MPCB","11-02-2026 10:00:00",19.962900,79.298714,NH3,2,2,2
India,Maharashtra,Chandrapur,"MIDC Khutala, Chandrapur - MPCB","11-02-2026 10:00:00",19.9775302,79.2337086,PM10,126,133,129
India,Maharashtra,Chandrapur,"MIDC Khutala, Chandrapur - MPCB","11-02-2026 10:00:00",19.9775302,79.2337086,NH3,1,6,3
India,"Madhya Pradesh",Indore,"Regional Park, Indore - IMC","11-02-2026 10:00:00",22.6780,75.8559,NO2,19,26,22
India,"Madhya Pradesh",Indore,"Residency Area, Indore - IMC","11-02-2026 10:00:00",22.7084,75.8815,PM2.5,49,295,125
India,"Madhya Pradesh",Jabalpur,"Govindh Bhavan Colony, Jabalpur - JMC","11-02-2026 10:00:00",23.163174,79.973061,PM2.5,37,177,59
India,"Madhya Pradesh",Jabalpur,"Govindh Bhavan Colony, Jabalpur - JMC","11-02-2026 10:00:00",23.163174,79.973061,CO,16,42,18
India,"Madhya Pradesh",Jabalpur,"Gupteshwar, Jabalpur - JMC","11-02-2026 10:00:00",23.142888,79.916147,PM10,29,88,58
India,"Madhya Pradesh",Jabalpur,"Gupteshwar, Jabalpur - JMC","11-02-2026 10:00:00",23.142888,79.916147,OZONE,32,34,32
India,"Madhya Pradesh",Jabalpur,"Suhagi, Jabalpur - JMC","11-02-2026 10:00:00",23.218135,79.957770,PM10,36,121,77
India,"Madhya Pradesh",Satna,"Bandhavgar Colony, Satna - Birla Cement","11-02-2026 10:00:00",24.58434363,80.8549414,PM10,69,71,70
India,"Madhya Pradesh",Satna,"Bandhavgar Colony, Satna - Birla Cement","11-02-2026 10:00:00",24.58434363,80.8549414,NO2,12,13,12
India,"Madhya Pradesh",Ujjain,"Mahashweta Nagar, Ujjain - MPPCB","11-02-2026 10:00:00",23.1633321,75.800225,PM10,71,222,124
India,"Madhya Pradesh",Ujjain,"Mahashweta Nagar, Ujjain - MPPCB","11-02-2026 10:00:00",23.1633321,75.800225,OZONE,4,82,12
India,Maharashtra,Ahmednagar,"Tarakpur, Ahmednagar - MPCB","11-02-2026 10:00:00",19.10122,74.73339,NO2,NA,NA,NA
India,Maharashtra,Ahmednagar,"Tarakpur, Ahmednagar - MPCB","11-02-2026 10:00:00",19.10122,74.73339,SO2,NA,NA,NA
India,Maharashtra,Akola,"Ramdaspeth, Akola - MPCB","11-02-2026 10:00:00",20.719516,77.000253,NO2,12,116,40
India,"Madhya Pradesh",Bhopal,"Idgah Hills, Bhopal - MPPCB","11-02-2026 10:00:00",23.264759,77.381568,OZONE,11,79,45
India,"Madhya Pradesh",Bhopal,"Paryavaran Parisar, Bhopal - MPPCB","11-02-2026 10:00:00",23.210494,77.425409,PM2.5,70,315,190
India,"Madhya Pradesh",Bhopal,"Paryavaran Parisar, Bhopal - MPPCB","11-02-2026 10:00:00",23.210494,77.425409,NO2,28,92,60
India,"Madhya Pradesh",Bhopal,"T T Nagar, Bhopal - MPPCB","11-02-2026 10:00:00",23.233584,77.400574,CO,34,118,48
India,"Madhya Pradesh",Dewas,"Bhopal Chauraha, Dewas - MPPCB","11-02-2026 10:00:00",22.9682591,76.064118,PM10,101,177,125
India,"Madhya Pradesh",Dewas,"Bhopal Chauraha, Dewas - MPPCB","11-02-2026 10:00:00",22.9682591,76.064118,NO2,46,96,73
India,"Madhya Pradesh",Dewas,"Bhopal Chauraha, Dewas - MPPCB","11-02-2026 10:00:00",22.9682591,76.064118,CO,17,57,25
India,"Madhya Pradesh",Jabalpur,"Suhagi, Jabalpur - JMC","11-02-2026 10:00:00",23.218135,79.957770,SO2,12,38,20
India,"Madhya Pradesh",Katni,"Gole Bazar, Katni - MPPCB","11-02-2026 10:00:00",23.50016,80.23284,PM10,50,105,71
India,"Madhya Pradesh",Pithampur,"Sector-2 Industrial Area, Pithampur - MPPCB","11-02-2026 10:00:00",22.624758,75.675238,OZONE,90,167,102
India,"Madhya Pradesh",Sagar,"Civil Lines, Sagar - MPPCB","11-02-2026 10:00:00",23.838586,78.759431,NO2,8,61,24
India,"Madhya Pradesh",Sagar,"Civil Lines, Sagar - MPPCB","11-02-2026 10:00:00",23.838586,78.759431,CO,22,58,31
India,Kerala,Kollam,"Polayathode, Kollam - Kerala PCB","11-02-2026 10:00:00",8.8787,76.6073,SO2,2,3,2
India,Kerala,Thiruvananthapuram,"Kariavattom, Thiruvananthapuram - Kerala PCB","11-02-2026 10:00:00",8.563700,76.886500,SO2,2,36,10
India,Kerala,Thiruvananthapuram,"Plammoodu, Thiruvananthapuram - Kerala PCB","11-02-2026 10:00:00",8.5149093,76.9435879,PM2.5,42,83,65
India,Kerala,Thrissur,"Corporation Ground, Thrissur - Kerala PCB","11-02-2026 10:00:00",10.532400,76.215900,PM10,77,101,91
India,Kerala,Thrissur,"Corporation Ground, Thrissur - Kerala PCB","11-02-2026 10:00:00",10.532400,76.215900,CO,18,28,23
India,Maharashtra,Jalgaon,"Prabhat Colony, Jalgaon - MPCB","11-02-2026 10:00:00",21.001264,75.565602,NO2,6,34,15
India,Maharashtra,Jalna,"Old MIDC, Jalna - MPCB","11-02-2026 10:00:00",19.854616,75.905894,NH3,NA,NA,NA
India,Maharashtra,Jalna,"Old MIDC, Jalna - MPCB","11-02-2026 10:00:00",19.854616,75.905894,CO,NA,NA,NA
India,Maharashtra,Kalyan,"Khadakpada, Kalyan - MPCB","11-02-2026 10:00:00",19.25292,73.142019,PM2.5,51,124,82
India,Maharashtra,Kalyan,"Khadakpada, Kalyan - MPCB","11-02-2026 10:00:00",19.25292,73.142019,NO2,36,36,36
India,Maharashtra,Kalyan,"Pimpleshwar Mandir, Kalyan - MPCB","11-02-2026 10:00:00",19.192056,72.9585188,PM10,NA,NA,NA
India,"Madhya Pradesh",Gwalior,"City Center, Gwalior - MPPCB","11-02-2026 10:00:00",26.203442,78.193251,OZONE,28,68,31
India,"Madhya Pradesh",Gwalior,"Maharaj Bada, Gwalior - MPPCB","11-02-2026 10:00:00",26.200388,78.147714,NO2,38,121,78
India,"Madhya Pradesh",Indore,"Chhoti Gwaltoli, Indore - MPPCB","11-02-2026 10:00:00",22.4310,75.5213,NO2,69,162,116
India,"Madhya Pradesh",Indore,"Chhoti Gwaltoli, Indore - MPPCB","11-02-2026 10:00:00",22.4310,75.5213,OZONE,3,58,14
India,"Madhya Pradesh",Indore,"Maguda Nagar, Indore - IMC","11-02-2026 10:00:00",22.7524,75.8872,CO,30,74,57
India,Maharashtra,Amravati,"Shri Shivaji Science College, Amravati - MPCB","11-02-2026 10:00:00",20.939198,77.765701,PM10,78,173,113
India,Maharashtra,Aurangabad,"MIDC Chilkalthana, Aurangabad - MPCB","11-02-2026 10:00:00",19.875620,75.387310,NO2,21,101,54
India,Maharashtra,Aurangabad,"MIDC Chilkalthana, Aurangabad - MPCB","11-02-2026 10:00:00",19.875620,75.387310,OZONE,12,74,26
India,Maharashtra,Aurangabad,"More Chowk Waluj, Aurangabad - MPCB","11-02-2026 10:00:00",19.8389439,75.244448,NO2,14,22,18
India,Maharashtra,Nashik,"Pandav Nagari, Nashik - MPCB","11-02-2026 10:00:00",19.9591346,73.7788008,CO,17,72,44
India,Maharashtra,Nashik,"Pandav Nagari, Nashik - MPCB","11-02-2026 10:00:00",19.9591346,73.7788008,OZONE,2,61,25
India,Maharashtra,"Navi Mumbai","Kopripada-Vashi, Navi Mumbai - MPCB","11-02-2026 10:00:00",19.090337,73.014232,PM2.5,49,102,69
India,Maharashtra,"Navi Mumbai","Kopripada-Vashi, Navi Mumbai - MPCB","11-02-2026 10:00:00",19.090337,73.014232,NH3,1,19,5
India,Maharashtra,"Navi Mumbai","Kopripada-Vashi, Navi Mumbai - MPCB","11-02-2026 10:00:00",19.090337,73.014232,OZONE,1,114,13
India,Maharashtra,"Navi Mumbai","Mahape, Navi Mumbai - MPCB","11-02-2026 10:00:00",19.1135051,73.008978,SO2,19,21,21
India,Maharashtra,"Navi Mumbai","Nerul, Navi Mumbai - MPCB","11-02-2026 10:00:00",19.008751,73.016620,PM10,NA,NA,NA
India,Maharashtra,"Navi Mumbai","Nerul, Navi Mumbai - MPCB","11-02-2026 10:00:00",19.008751,73.016620,SO2,NA,NA,NA
India,Maharashtra,"Navi Mumbai","Sanpada, Navi Mumbai - MPCB","11-02-2026 10:00:00",19.0575752,73.0151367,OZONE,43,43,43
India,Maharashtra,"Navi Mumbai","Sector-2E Kalamboli, Navi Mumbai - MPCB","11-02-2026 10:00:00",19.02579,73.10297,SO2,4,20,12
India,Maharashtra,"Navi Mumbai","Tondare-Taloja, Navi Mumbai - MPCB","11-02-2026 10:00:00",19.0630,73.1209,PM2.5,89,173,116
India,Maharashtra,"Navi Mumbai","Tondare-Taloja, Navi Mumbai - MPCB","11-02-2026 10:00:00",19.0630,73.1209,NO2,16,50,30
India,Maharashtra,"Navi Mumbai","Tondare-Taloja, Navi Mumbai - MPCB","11-02-2026 10:00:00",19.0630,73.1209,NH3,6,9,8
India,Maharashtra,Mumbai,"Mindspace-Malad West, Mumbai - MPCB","11-02-2026 10:00:00",19.1878657,72.8304069,NH3,2,10,4
India,Maharashtra,Mumbai,"Mulund West, Mumbai - MPCB","11-02-2026 10:00:00",19.1750,72.9419,NH3,4,5,5
India,Maharashtra,Mumbai,"Mulund West, Mumbai - MPCB","11-02-2026 10:00:00",19.1750,72.9419,SO2,NA,NA,NA
India,Maharashtra,Mumbai,"Navy Nagar-Colaba, Mumbai - IITM","11-02-2026 10:00:00",18.897756,72.813320,CO,22,76,64
India,Maharashtra,Mumbai,"Powai, Mumbai - MPCB","11-02-2026 10:00:00",19.137500,72.915056,NH3,1,2,2
India,Maharashtra,Mumbai,"Sewri, Mumbai - BMC","11-02-2026 10:00:00",19.000084,72.856730,PM10,88,157,117
India,Maharashtra,Mumbai,"Sewri, Mumbai - BMC","11-02-2026 10:00:00",19.000084,72.856730,NH3,2,41,14
India,Maharashtra,Mumbai,"Sewri, Mumbai - BMC","11-02-2026 10:00:00",19.000084,72.856730,SO2,NA,NA,NA
India,Maharashtra,Mumbai,"Sewri, Mumbai - BMC","11-02-2026 10:00:00",19.000084,72.856730,CO,64,64,64
India,Maharashtra,Mumbai,"Shivaji Nagar, Mumbai - BMC","11-02-2026 10:00:00",19.060498,72.923356,PM10,108,139,123
India,Maharashtra,Mumbai,"Siddharth Nagar-Worli, Mumbai - IITM","11-02-2026 10:00:00",19.000083,72.813993,PM2.5,71,145,89
India,Maharashtra,Kolhapur,"Sinchan Bhavan, Kolhapur - MPCB","11-02-2026 10:00:00",16.7143745,74.2426398,NO2,NA,NA,NA
India,Maharashtra,Latur,"Sawe Wadi, Latur - MPCB","11-02-2026 10:00:00",18.39963,76.57452,SO2,NA,NA,NA
India,Maharashtra,Mahad,"Kamble Tarf Birwadi, Mahad - MPCB","11-02-2026 10:00:00",18.1023399,73.4783687,PM10,96,167,133
India,Maharashtra,Mahad,"Kamble Tarf Birwadi, Mahad - MPCB","11-02-2026 10:00:00",18.1023399,73.4783687,OZONE,17,74,30
India,Maharashtra,Malegaon,"Mahesh Nagar, Malegaon - MPCB","11-02-2026 10:00:00",20.555712,74.529236,CO,30,82,40
India,Maharashtra,Malegaon,"Mahesh Nagar, Malegaon - MPCB","11-02-2026 10:00:00",20.555712,74.529236,OZONE,15,20,18
India,Maharashtra,Mira-Bhayandar,"Bhayandar West, Mira-Bhayandar - MPCB","11-02-2026 10:00:00",19.296481,72.840923,NH3,3,11,6
India,Maharashtra,Mumbai,"Sion, Mumbai - MPCB","11-02-2026 10:00:00",19.047000,72.874600,SO2,NA,NA,NA
India,Maharashtra,Mumbai,"Sion, Mumbai - MPCB","11-02-2026 10:00:00",19.047000,72.874600,CO,10,16,15
India,Maharashtra,Mumbai,"Vile Parle West, Mumbai - MPCB","11-02-2026 10:00:00",19.10861,72.83622,NH3,6,6,6
India,Maharashtra,Nagpur,"Ambazari, Nagpur - MPCB","11-02-2026 10:00:00",21.121801,79.04952,SO2,17,104,39
India,Maharashtra,Nagpur,"Ambazari, Nagpur - MPCB","11-02-2026 10:00:00",21.121801,79.04952,OZONE,1,131,19
India,Maharashtra,Nagpur,"Opp GPO Civil Lines, Nagpur - MPCB","11-02-2026 10:00:00",21.152875,79.0517531,NO2,15,64,30
India,Maharashtra,Nagpur,"Opp GPO Civil Lines, Nagpur - MPCB","11-02-2026 10:00:00",21.152875,79.0517531,NH3,2,17,10
India,Maharashtra,Nagpur,"Opp GPO Civil Lines, Nagpur - MPCB","11-02-2026 10:00:00",21.152875,79.0517531,SO2,10,103,29
India,Maharashtra,Nagpur,"Opp GPO Civil Lines, Nagpur - MPCB","11-02-2026 10:00:00",21.152875,79.0517531,CO,8,118,39
India,Maharashtra,"Navi Mumbai","Tondare-Taloja, Navi Mumbai - MPCB","11-02-2026 10:00:00",19.0630,73.1209,OZONE,1,76,5
India,Maharashtra,Pimpri-Chinchwad,"Gavalinagar, Pimpri Chinchwad - MPCB","11-02-2026 10:00:00",18.63673,73.82487,PM10,105,155,126
India,Maharashtra,Pimpri-Chinchwad,"Thergaon, Pimpri Chinchwad - MPCB","11-02-2026 10:00:00",18.616318,73.765797,PM2.5,101,278,153
India,Maharashtra,Pimpri-Chinchwad,"Thergaon, Pimpri Chinchwad - MPCB","11-02-2026 10:00:00",18.616318,73.765797,OZONE,2,90,12
India,Maharashtra,Pune,"Bhosari, Pune - IITM","11-02-2026 10:00:00",18.640051,73.848956,PM2.5,57,255,140
India,Maharashtra,Pune,"Bhosari, Pune - IITM","11-02-2026 10:00:00",18.640051,73.848956,PM10,98,184,143
India,Maharashtra,Mumbai,"Borivali East, Mumbai - IITM","11-02-2026 10:00:00",19.23241,72.86895,NO2,40,112,66
India,Maharashtra,Mumbai,"Borivali East, Mumbai - MPCB","11-02-2026 10:00:00",19.2243333,72.8658113,NO2,NA,NA,NA
India,Maharashtra,Mumbai,"Byculla, Mumbai - BMC","11-02-2026 10:00:00",18.9767,72.8380,NH3,8,38,18
India,Maharashtra,Mumbai,"Byculla, Mumbai - BMC","11-02-2026 10:00:00",18.9767,72.8380,OZONE,NA,NA,NA
India,Maharashtra,Mumbai,"Chakala-Andheri East, Mumbai - IITM","11-02-2026 10:00:00",19.11074,72.86084,CO,2,86,59
India,Maharashtra,Mumbai,"Chakala-Andheri East, Mumbai - IITM","11-02-2026 10:00:00",19.11074,72.86084,OZONE,1,137,8
India,Maharashtra,Mumbai,"Chhatrapati Shivaji Intl. Airport (T2), Mumbai - MPCB","11-02-2026 10:00:00",19.10078,72.87462,PM2.5,97,170,130
India,Maharashtra,Mumbai,"Deonar, Mumbai - IITM","11-02-2026 10:00:00",19.04946,72.9230,NO2,26,76,44
India,Maharashtra,Mumbai,"Kandivali East, Mumbai - MPCB","11-02-2026 10:00:00",19.205800,72.868200,PM10,101,154,123
India,Maharashtra,Mumbai,"Kandivali East, Mumbai - MPCB","11-02-2026 10:00:00",19.205800,72.868200,NH3,3,3,3
India,Maharashtra,Mumbai,"Kandivali East, Mumbai - MPCB","11-02-2026 10:00:00",19.205800,72.868200,CO,19,20,20
India,Maharashtra,Mumbai,"Khindipada-Bhandup West, Mumbai - IITM","11-02-2026 10:00:00",19.1653323,72.922099,PM10,85,140,104
India,Maharashtra,Mumbai,"Khindipada-Bhandup West, Mumbai - IITM","11-02-2026 10:00:00",19.1653323,72.922099,NO2,23,41,29
India,Maharashtra,Mumbai,"Kurla, Mumbai - MPCB","11-02-2026 10:00:00",19.0863,72.8888,NO2,6,9,7
India,Maharashtra,Mumbai,"Kurla, Mumbai - MPCB","11-02-2026 10:00:00",19.0863,72.8888,OZONE,28,29,28
India,Maharashtra,Nashik,"Gangapur Road, Nashik - MPCB","11-02-2026 10:00:00",20.0073285,73.7762427,NO2,5,5,5
India,Maharashtra,Nashik,"MIDC Ambad, Nashik - MPCB","11-02-2026 10:00:00",19.950220,73.731480,NO2,7,47,17
India,Maharashtra,Nashik,"Pandav Nagari, Nashik - MPCB","11-02-2026 10:00:00",19.9591346,73.7788008,PM2.5,63,151,85
India,Odisha,Bileipada,"Tata Township, Bileipada - OSPCB","11-02-2026 10:00:00",22.06156703,85.47409613,NO2,6,7,7
India,Odisha,Bileipada,"Tata Township, Bileipada - OSPCB","11-02-2026 10:00:00",22.06156703,85.47409613,SO2,11,11,11
India,Odisha,Brajrajnagar,"GM Office, Brajrajnagar - OSPCB","11-02-2026 10:00:00",21.8004996,83.8396977,NO2,1,35,8
India,Odisha,Brajrajnagar,"GM Office, Brajrajnagar - OSPCB","11-02-2026 10:00:00",21.8004996,83.8396977,NH3,6,7,7
India,Odisha,Byasanagar,"Ferro Chrome Colony, Byasanagar - OSPCB","11-02-2026 10:00:00",20.94185,86.11510,NO2,15,48,22
India,Odisha,Cuttack,"CDA Area, Cuttack - OSPCB","11-02-2026 10:00:00","20.48891     ","85.84768     ",OZONE,1,304,21
India,Odisha,Keonjhar,"Jagamohanpur, Keonjhar - OSPCB","11-02-2026 10:00:00",21.643900,85.599355,PM2.5,6,80,60
India,Odisha,Keonjhar,"Jagamohanpur, Keonjhar - OSPCB","11-02-2026 10:00:00",21.643900,85.599355,NO2,9,13,10
India,Odisha,Keonjhar,"Jagamohanpur, Keonjhar - OSPCB","11-02-2026 10:00:00",21.643900,85.599355,SO2,5,82,15
India,Odisha,Keonjhar,"Jagamohanpur, Keonjhar - OSPCB","11-02-2026 10:00:00",21.643900,85.599355,CO,1,103,25
India,Odisha,Nayagarh,"Dabuna, Nayagarh - OSPCB","11-02-2026 10:00:00",21.847279,85.416905,NO2,9,10,10
India,Maharashtra,Pune,"Transport Nagar-Nigdi, Pune - IITM","11-02-2026 10:00:00",18.664282,73.763966,CO,54,84,70
India,Maharashtra,Pune,"Transport Nagar-Nigdi, Pune - IITM","11-02-2026 10:00:00",18.664282,73.763966,OZONE,8,50,14
India,Maharashtra,Sangli,"Vijay Nagar, Sangli - MPCB","11-02-2026 10:00:00"," 16.5038",74.3623,PM10,68,180,112
India,Maharashtra,Sangli,"Vijay Nagar, Sangli - MPCB","11-02-2026 10:00:00"," 16.5038",74.3623,NO2,11,68,29
India,Maharashtra,Solapur,"Dnyaneshwar Nagar, Solapur - MPCB","11-02-2026 10:00:00",17.6336264,75.9132495,PM10,59,171,97
India,Maharashtra,Solapur,"Ratandeep Housing Society, Solapur - MPCB","11-02-2026 10:00:00",17.65439,75.90649,NO2,14,138,47
India,Maharashtra,Thane,"Kasarvadavali, Thane - MPCB","11-02-2026 10:00:00",19.26777,72.97182,NH3,15,36,22
India,Maharashtra,Thane,"Kasarvadavali, Thane - MPCB","11-02-2026 10:00:00",19.26777,72.97182,CO,19,50,32
India,Maharashtra,Thane,"Kasarvadavali, Thane - MPCB","11-02-2026 10:00:00",19.26777,72.97182,OZONE,2,113,27
India,Maharashtra,Thane,"Upvan Fort, Thane - MPCB","11-02-2026 10:00:00",19.222279,72.957979,PM2.5,57,99,81
India,Maharashtra,Pune,"Bhumkar Nagar, Pune - IITM","11-02-2026 10:00:00",18.605770,73.749976,NO2,NA,NA,NA
India,Maharashtra,Pune,"Dhankawadi, Pune - IITM","11-02-2026 10:00:00",18.459883,73.852193,PM2.5,70,295,146
India,Maharashtra,Pune,"Dhankawadi, Pune - IITM","11-02-2026 10:00:00",18.459883,73.852193,NO2,25,111,71
India,Maharashtra,Pune,"Hadapsar, Pune - IITM","11-02-2026 10:00:00",18.501793,73.927532,NO2,81,148,103
India,Maharashtra,Pune,"Katraj Dairy, Pune - MPCB","11-02-2026 10:00:00",18.454450,73.854155,OZONE,32,51,35
India,Maharashtra,Pune,"Mhada Colony, Pune - IITM","11-02-2026 10:00:00",18.573040,73.927715,PM10,143,288,215
India,Maharashtra,Pune,"Mhada Colony, Pune - IITM","11-02-2026 10:00:00",18.573040,73.927715,NO2,26,154,98
India,Maharashtra,Pune,"Mhada Colony, Pune - IITM","11-02-2026 10:00:00",18.573040,73.927715,CO,2,103,99
India,Maharashtra,Pune,"Panchawati_Pashan, Pune - IITM","11-02-2026 10:00:00",18.536457,73.805454,CO,5,26,14
India,Maharashtra,Pune,"Revenue Colony-Shivajinagar, Pune - IITM","11-02-2026 10:00:00",18.530085,73.849598,PM2.5,88,216,155
India,Odisha,Angul,"Hakimapada, Angul - OSPCB","11-02-2026 10:00:00",20.832874,85.104082,CO,40,82,69
India,Odisha,Angul,"Hakimapada, Angul - OSPCB","11-02-2026 10:00:00",20.832874,85.104082,OZONE,16,215,29
India,Odisha,Balasore,"Kalidaspur, Balasore - OSPCB","11-02-2026 10:00:00",21.51161,86.89088,PM2.5,85,302,187
India,Odisha,Balasore,"Kalidaspur, Balasore - OSPCB","11-02-2026 10:00:00",21.51161,86.89088,PM10,117,217,149
India,Odisha,Baripada,"Meher Colony, Baripada - OSPCB","11-02-2026 10:00:00",21.941841,86.728318,CO,28,66,33
India,Odisha,Baripada,"Meher Colony, Baripada - OSPCB","11-02-2026 10:00:00",21.941841,86.728318,OZONE,8,65,25
India,Odisha,Bhubaneswar,"Lingraj Mandir, Bhubaneswar - OSPCB","11-02-2026 10:00:00",20.240790,85.836784,PM10,91,173,116
India,Odisha,Bhubaneswar,"Lingraj Mandir, Bhubaneswar - OSPCB","11-02-2026 10:00:00",20.240790,85.836784,NO2,48,96,62
India,Odisha,Bhubaneswar,"Lingraj Mandir, Bhubaneswar - OSPCB","11-02-2026 10:00:00",20.240790,85.836784,CO,75,106,100
India,Odisha,Bhubaneswar,"Patia, Bhubaneswar - OSPCB","11-02-2026 10:00:00",20.34652,85.81630,PM10,93,196,128
India,Maharashtra,Ulhasnagar,"Sidhi Vinayak Nagar, Ulhasnagar - MPCB","11-02-2026 10:00:00",19.235581,73.159121,PM2.5,91,197,123
India,Maharashtra,Virar,"Bolinj, Virar - MPCB","11-02-2026 10:00:00",19.4458210,72.7988231,CO,22,43,27
India,Maharashtra,Virar,"Bolinj, Virar - MPCB","11-02-2026 10:00:00",19.4458210,72.7988231,OZONE,18,54,22
India,Mizoram,Aizawl,"Sikulpuikawn, Aizawl - Mizoram PCB","11-02-2026 10:00:00",23.7176342,92.7192841,SO2,16,17,17
India,Nagaland,Kohima,"PWD Junction, Kohima - NPCB","11-02-2026 10:00:00",25.6635413,94.0989878,NH3,1,1,1
India,Nagaland,Kohima,"PWD Junction, Kohima - NPCB","11-02-2026 10:00:00",25.6635413,94.0989878,SO2,77,80,78
India,Nagaland,Kohima,"PWD Junction, Kohima - NPCB","11-02-2026 10:00:00",25.6635413,94.0989878,OZONE,3,19,4
India,Odisha,Angul,"Hakimapada, Angul - OSPCB","11-02-2026 10:00:00",20.832874,85.104082,NH3,6,14,11
India,Puducherry,Puducherry,"Jawahar Nagar, Puducherry - PPCC","11-02-2026 10:00:00",11.9309,79.8027,CO,16,34,24
India,Punjab,Amritsar,"Golden Temple, Amritsar - PPCB","11-02-2026 10:00:00",31.620000,74.876512,NO2,7,109,53
India,Punjab,Amritsar,"Golden Temple, Amritsar - PPCB","11-02-2026 10:00:00",31.620000,74.876512,SO2,15,38,26
India,Punjab,Amritsar,"Golden Temple, Amritsar - PPCB","11-02-2026 10:00:00",31.620000,74.876512,CO,32,76,36
India,Punjab,Bathinda,"Hardev Nagar, Bathinda - PPCB","11-02-2026 10:00:00",30.233011,74.907758,SO2,2,16,10
India,Punjab,Jalandhar,"Civil Line, Jalandhar - PPCB","11-02-2026 10:00:00",31.321907,75.578914,PM10,72,143,113
India,Punjab,Khanna,"Kalal Majra, Khanna - PPCB","11-02-2026 10:00:00","30.736056 ",76.209694,SO2,10,24,14
India,Punjab,"Mandi Gobindgarh","RIMT University, Mandi Gobindgarh - PPCB","11-02-2026 10:00:00",30.649961,76.331442,CO,10,125,71
India,Punjab,Rupnagar,"Ratanpura, Rupnagar - Ambuja Cements","11-02-2026 10:00:00",31.0325454,76.5623046,NO2,9,45,27
India,Rajasthan,Ajmer,"Civil Lines,  Ajmer - RSPCB","11-02-2026 10:00:00",26.470859,74.646594,PM10,105,148,124
India,Rajasthan,Ajmer,"Civil Lines,  Ajmer - RSPCB","11-02-2026 10:00:00",26.470859,74.646594,CO,16,37,23
India,Rajasthan,Alwar,"Moti Doongri, Alwar - RSPCB","11-02-2026 10:00:00",27.554793,76.611536,NH3,6,19,13
India,Rajasthan,Banswara,"Rati Talai, Banswara - RSPCB","11-02-2026 10:00:00",23.555190,74.440010,CO,30,92,33
India,Rajasthan,Baran,"Bamboliya, Baran - RSPCB","11-02-2026 10:00:00",25.106006,76.469948,CO,20,33,21
India,Rajasthan,Barmer,"Railway Colony, Barmer - RSPCB","11-02-2026 10:00:00",25.747299,71.393989,SO2,5,92,13
India,Rajasthan,Bharatpur,"Krishna Nagar, Bharatpur - RSPCB","11-02-2026 10:00:00",27.215415,77.50873,NH3,10,19,14
India,Rajasthan,Bhilwara,"Pratap Nagar, Bhilwara - RSPCB","11-02-2026 10:00:00",25.339605,74.618883,PM2.5,53,273,132
India,Odisha,Rairangpur,"Divisional Forest Office, Rairangpur - OSPCB","11-02-2026 10:00:00",22.265816,86.174829,NO2,11,12,11
India,Odisha,Rairangpur,"Divisional Forest Office, Rairangpur - OSPCB","11-02-2026 10:00:00",22.265816,86.174829,CO,14,62,29
India,Odisha,Rairangpur,"Divisional Forest Office, Rairangpur - OSPCB","11-02-2026 10:00:00",22.265816,86.174829,OZONE,7,75,19
India,Rajasthan,Jodhpur,"Samrat Ashok Udhyan, Jodhpur - RSPCB","11-02-2026 10:00:00",26.253384,72.976571,NH3,3,6,5
India,Rajasthan,Jodhpur,"Samrat Ashok Udhyan, Jodhpur - RSPCB","11-02-2026 10:00:00",26.253384,72.976571,OZONE,4,128,73
India,Rajasthan,Karauli,"Satyawati Vihar, Karauli - RSPCB","11-02-2026 10:00:00",26.506177,77.025989,PM2.5,42,217,67
India,Rajasthan,Karauli,"Satyawati Vihar, Karauli - RSPCB","11-02-2026 10:00:00",26.506177,77.025989,NO2,29,49,40
India,Rajasthan,Karauli,"Satyawati Vihar, Karauli - RSPCB","11-02-2026 10:00:00",26.506177,77.025989,OZONE,22,92,34
India,Rajasthan,Kota,"Dhanmandi, Kota - RSPCB","11-02-2026 10:00:00",25.164090,75.858137,PM2.5,68,350,168
India,Rajasthan,Kota,"Nayapura, Kota - RSPCB","11-02-2026 10:00:00",25.196024,75.855668,PM2.5,65,227,114
India,Rajasthan,Kota,"Nayapura, Kota - RSPCB","11-02-2026 10:00:00",25.196024,75.855668,PM10,103,174,128
India,Rajasthan,Kota,"Nayapura, Kota - RSPCB","11-02-2026 10:00:00",25.196024,75.855668,CO,20,111,27
India,Rajasthan,Kota,"Shrinath Puram, Kota - RSPCB","11-02-2026 10:00:00",25.14389,75.821256,PM2.5,124,311,214
India,Rajasthan,Bhilwara,"Pratap Nagar, Bhilwara - RSPCB","11-02-2026 10:00:00",25.339605,74.618883,OZONE,16,75,20
India,Rajasthan,Bhiwadi,"RIICO Ind. Area III, Bhiwadi - RSPCB","11-02-2026 10:00:00",28.194909,76.862296,CO,2,111,68
India,Rajasthan,Bhiwadi,"Vasundhara Nagar_UIT, Bhiwadi - RSPCB","11-02-2026 10:00:00",28.207266,76.829265,NH3,3,7,5
India,Rajasthan,Bhiwadi,"Vasundhara Nagar_UIT, Bhiwadi - RSPCB","11-02-2026 10:00:00",28.207266,76.829265,SO2,4,130,30
India,Rajasthan,Bikaner,"MM Ground, Bikaner - RSPCB","11-02-2026 10:00:00",28.018792,73.292658,PM2.5,42,311,161
India,Rajasthan,Bikaner,"MM Ground, Bikaner - RSPCB","11-02-2026 10:00:00",28.018792,73.292658,SO2,NA,NA,NA
India,Rajasthan,Bundi,"New Colony, Bundi - RSPCB","11-02-2026 10:00:00",25.435774,75.644272,OZONE,41,141,62
India,Rajasthan,Chittorgarh,"Shastri Nagar, Chittorgarh - RSPCB","11-02-2026 10:00:00",24.892047,74.623527,SO2,3,117,17
India,Rajasthan,"Sawai Madhopur","Sahu Nagar, Sawai Madhopur - RSPCB","11-02-2026 10:00:00",26.031443,76.359327,PM10,69,324,139
India,Rajasthan,"Sawai Madhopur","Sahu Nagar, Sawai Madhopur - RSPCB","11-02-2026 10:00:00",26.031443,76.359327,NO2,13,103,29
India,Rajasthan,"Sawai Madhopur","Sahu Nagar, Sawai Madhopur - RSPCB","11-02-2026 10:00:00",26.031443,76.359327,OZONE,1,180,2
India,Rajasthan,Sikar,"Radhakishan Pura, Sikar - RSPCB","11-02-2026 10:00:00",27.608912,75.153302,PM2.5,63,317,150
India,Rajasthan,Sikar,"Radhakishan Pura, Sikar - RSPCB","11-02-2026 10:00:00",27.608912,75.153302,SO2,5,17,9
India,Rajasthan,Sirohi,"Vedhaynath Colony, Sirohi - RSPCB","11-02-2026 10:00:00",24.885261,72.857549,PM2.5,23,75,46
India,Rajasthan,Sirohi,"Vedhaynath Colony, Sirohi - RSPCB","11-02-2026 10:00:00",24.885261,72.857549,NH3,NA,NA,NA
India,Rajasthan,"Sri Ganganagar","Old City, Sri Ganganagar - RSPCB","11-02-2026 10:00:00",29.931624,73.864511,NO2,24,76,48
India,Rajasthan,Jodhpur,"Digari Kalan, Jodhpur - RSPCB","11-02-2026 10:00:00",26.295810,73.082283,OZONE,2,124,46
India,Rajasthan,Jodhpur,"Jhalamand, Jodhpur - RSPCB","11-02-2026 10:00:00",26.215415,73.070156,PM2.5,30,260,89
India,Rajasthan,Jodhpur,"Jhalamand, Jodhpur - RSPCB","11-02-2026 10:00:00",26.215415,73.070156,PM10,61,428,123
India,Rajasthan,Jodhpur,"Jhalamand, Jodhpur - RSPCB","11-02-2026 10:00:00",26.215415,73.070156,NO2,10,105,35
India,Rajasthan,Jodhpur,"Mandor, Jodhpur - RSPCB","11-02-2026 10:00:00",26.358805,73.047444,NO2,14,90,32
India,Rajasthan,Jodhpur,"Samrat Ashok Udhyan, Jodhpur - RSPCB","11-02-2026 10:00:00",26.253384,72.976571,PM2.5,28,297,112
India,Rajasthan,Jodhpur,"Samrat Ashok Udhyan, Jodhpur - RSPCB","11-02-2026 10:00:00",26.253384,72.976571,NO2,8,102,26
India,Rajasthan,Pali,"Indira Colony Vistar, Pali - RSPCB","11-02-2026 10:00:00",25.771061," 73.340227",CO,20,67,41
India,Rajasthan,Pratapgarh,"Pragati Nagar, Pratapgarh - RSPCB","11-02-2026 10:00:00",24.041198,74.780702,NO2,10,71,27
India,Rajasthan,Pratapgarh,"Pragati Nagar, Pratapgarh - RSPCB","11-02-2026 10:00:00",24.041198,74.780702,OZONE,34,144,53
India,Rajasthan,Rajsamand,"Dhoinda, Rajsamand - RSPCB","11-02-2026 10:00:00",25.036360,73.883502,PM2.5,15,240,86
India,Rajasthan,Rajsamand,"Dhoinda, Rajsamand - RSPCB","11-02-2026 10:00:00",25.036360,73.883502,NH3,6,23,14
India,Rajasthan,Rajsamand,"Dhoinda, Rajsamand - RSPCB","11-02-2026 10:00:00",25.036360,73.883502,SO2,5,18,10
India,Rajasthan,Dholpur,"Raja Ganj, Dholpur - RSPCB","11-02-2026 10:00:00",26.699557,77.898881,PM10,66,174,95
India,Rajasthan,Dungarpur,"Bhoiwada, Dungarpur - RSPCB","11-02-2026 10:00:00",23.837789,73.714926,SO2,3,14,6
India,Rajasthan,Hanumangarh,"Housing Board, Hanumangarh - RSPCB","11-02-2026 10:00:00",29.610750,74.283608,SO2,2,15,8
India,Rajasthan,Jaipur,"Adarsh Nagar, Jaipur - RSPCB","11-02-2026 10:00:00",26.902909,75.836858,NO2,11,61,26
India,Rajasthan,"Sri Ganganagar","Old City, Sri Ganganagar - RSPCB","11-02-2026 10:00:00",29.931624,73.864511,CO,42,74,52
India,Rajasthan,Tonk,"Shastri Nagar, Tonk - RSPCB","11-02-2026 10:00:00",26.159933,75.780517,NH3,7,11,9
India,Rajasthan,Tonk,"Shastri Nagar, Tonk - RSPCB","11-02-2026 10:00:00",26.159933,75.780517,OZONE,4,100,12
India,Rajasthan,Udaipur,"Ashok Nagar, Udaipur - RSPCB","11-02-2026 10:00:00",24.5886166,73.6321397,PM10,86,156,123
India,Rajasthan,Jaipur,"Sector-2 Murlipura, Jaipur - RSPCB","11-02-2026 10:00:00",26.960669,75.771817,NO2,6,122,42
India,Rajasthan,Jaipur,"Sector-2 Murlipura, Jaipur - RSPCB","11-02-2026 10:00:00",26.960669,75.771817,CO,24,126,31
India,Rajasthan,Jaipur,"Shastri Nagar, Jaipur - RSPCB","11-02-2026 10:00:00",26.9502929,75.730943,NH3,7,33,14
India,Rajasthan,Jodhpur,"Collectorate, Jodhpur - RSPCB","11-02-2026 10:00:00",26.268249,73.0193853,PM10,37,112,67
India,Rajasthan,Jodhpur,"Digari Kalan, Jodhpur - RSPCB","11-02-2026 10:00:00",26.295810,73.082283,NH3,6,13,9
India,Telangana,Hyderabad,"Central University, Hyderabad - TSPCB","11-02-2026 10:00:00",17.460103,78.334361,NO2,14,44,25
India,Telangana,Hyderabad,"Central University, Hyderabad - TSPCB","11-02-2026 10:00:00",17.460103,78.334361,SO2,5,15,9
India,Telangana,Hyderabad,"ECIL Kapra, Hyderabad - TSPCB","11-02-2026 10:00:00",17.470431,78.566959,OZONE,12,57,13
India,Telangana,Hyderabad,"ICRISAT Patancheru, Hyderabad - TSPCB","11-02-2026 10:00:00",17.518400,78.278777,OZONE,8,40,13
India,Telangana,Hyderabad,"IDA Pashamylaram, Hyderabad - TSPCB","11-02-2026 10:00:00",17.5316895,78.218939,PM2.5,46,112,82
India,Telangana,Hyderabad,"IDA Pashamylaram, Hyderabad - TSPCB","11-02-2026 10:00:00",17.5316895,78.218939,PM10,35,79,61
India,Telangana,Hyderabad,"IDA Pashamylaram, Hyderabad - TSPCB","11-02-2026 10:00:00",17.5316895,78.218939,NH3,1,1,1
India,Telangana,Hyderabad,"IDA Pashamylaram, Hyderabad - TSPCB","11-02-2026 10:00:00",17.5316895,78.218939,CO,32,64,42
India,Telangana,Hyderabad,"IITH Kandi, Hyderabad - TSPCB","11-02-2026 10:00:00",17.585705,78.126199,NO2,16,19,17
India,Telangana,Hyderabad,"IITH Kandi, Hyderabad - TSPCB","11-02-2026 10:00:00",17.585705,78.126199,CO,20,32,28
India,Telangana,Hyderabad,"Sanathnagar, Hyderabad - TSPCB","11-02-2026 10:00:00",17.4559458,78.4332152,OZONE,11,179,83
India,Telangana,Hyderabad,"Somajiguda, Hyderabad - TSPCB","11-02-2026 10:00:00",17.417094,78.457437,NO2,13,18,15
India,Telangana,Hyderabad,"Somajiguda, Hyderabad - TSPCB","11-02-2026 10:00:00",17.417094,78.457437,NH3,3,5,4
India,Telangana,Hyderabad,"Somajiguda, Hyderabad - TSPCB","11-02-2026 10:00:00",17.417094,78.457437,OZONE,9,30,12
India,Telangana,Hyderabad,"Zoo Park, Hyderabad - TSPCB","11-02-2026 10:00:00",17.349694,78.451437,PM2.5,58,131,88
India,Uttar_Pradesh,Agra,"Manoharpur, Agra - UPPCB","11-02-2026 10:00:00",27.23711,78.01936,NO2,26,26,26
India,Uttar_Pradesh,Baghpat,"Sardar Patel Inter College, Baghpat - UPPCB","11-02-2026 10:00:00",28.964949,77.278761,PM2.5,187,318,281
India,Uttar_Pradesh,Baghpat,"Sardar Patel Inter College, Baghpat - UPPCB","11-02-2026 10:00:00",28.964949,77.278761,PM10,133,236,192
India,Uttar_Pradesh,Bareilly,"Rajendra Nagar, Bareilly - UPPCB","11-02-2026 10:00:00",28.38910936,79.42963708,PM10,45,163,99
India,Uttar_Pradesh,Bareilly,"Rajendra Nagar, Bareilly - UPPCB","11-02-2026 10:00:00",28.38910936,79.42963708,CO,6,62,25
India,Uttar_Pradesh,Bulandshahr,"Yamunapuram, Bulandshahr - UPPCB","11-02-2026 10:00:00",28.406963,77.849831,OZONE,1,78,3
India,TamilNadu,Chennai,"Royapuram, Chennai - TNPCB","11-02-2026 10:00:00",13.1036,80.2909,PM2.5,70,423,139
India,TamilNadu,Chennai,"Velachery Res. Area, Chennai - CPCB","11-02-2026 10:00:00",13.0052189,80.2398125,NH3,3,4,3
India,TamilNadu,Chennai,"Velachery Res. Area, Chennai - CPCB","11-02-2026 10:00:00",13.0052189,80.2398125,OZONE,2,9,3
India,TamilNadu,Coimbatore,"SIDCO Kurichi, Coimbatore - TNPCB","11-02-2026 10:00:00",10.942451,76.978996,SO2,22,23,22
India,TamilNadu,Coimbatore,"SIDCO Kurichi, Coimbatore - TNPCB","11-02-2026 10:00:00",10.942451,76.978996,OZONE,10,10,10
India,Uttar_Pradesh,Agra,"Rohta, Agra - UPPCB","11-02-2026 10:00:00",27.106972,78.000111,NH3,6,6,6
India,Uttar_Pradesh,Agra,"Rohta, Agra - UPPCB","11-02-2026 10:00:00",27.106972,78.000111,SO2,10,18,15
India,Uttar_Pradesh,Agra,"Rohta, Agra - UPPCB","11-02-2026 10:00:00",27.106972,78.000111,CO,18,32,29
India,Uttar_Pradesh,Agra,"Sanjay Palace, Agra - UPPCB","11-02-2026 10:00:00",27.19865833,78.00598056,OZONE,2,112,10
India,Uttar_Pradesh,Agra,"Shahjahan Garden, Agra - UPPCB","11-02-2026 10:00:00",27.169338,78.03582,CO,6,14,12
India,TamilNadu,Thoothukudi,"Meelavittan, Thoothukudi - TNPCB","11-02-2026 10:00:00","8.816428 ",78.099039,PM10,48,102,69
India,TamilNadu,Thoothukudi,"Meelavittan, Thoothukudi - TNPCB","11-02-2026 10:00:00","8.816428 ",78.099039,OZONE,1,8,2
India,Telangana,Hyderabad,"Bollaram Industrial Area, Hyderabad - TSPCB","11-02-2026 10:00:00",17.540891,78.358528,PM2.5,48,157,83
India,Telangana,Hyderabad,"Bollaram Industrial Area, Hyderabad - TSPCB","11-02-2026 10:00:00",17.540891,78.358528,PM10,61,148,97
India,TamilNadu,Chennai,"Arumbakkam, Chennai - TNPCB","11-02-2026 10:00:00",13.0664,"80.2112 ",NH3,1,2,2
India,TamilNadu,Chennai,"Kodungaiyur, Chennai - TNPCB","11-02-2026 10:00:00",13.1278,80.2642,PM2.5,86,349,155
India,TamilNadu,Chennai,"Kodungaiyur, Chennai - TNPCB","11-02-2026 10:00:00",13.1278,80.2642,OZONE,28,36,31
India,TamilNadu,Chennai,"Manali Village, Chennai - TNPCB","11-02-2026 10:00:00",13.1662,80.2584,CO,27,39,29
India,Telangana,Hyderabad,"Kompally Municipal Office, Hyderabad - TSPCB","11-02-2026 10:00:00",17.544899,78.486949,CO,12,36,25
India,Telangana,Hyderabad,"Ramachandrapuram, Hyderabad - TSPCB","11-02-2026 10:00:00",17.528544,78.286195,PM2.5,42,50,47
India,Telangana,Hyderabad,"Ramachandrapuram, Hyderabad - TSPCB","11-02-2026 10:00:00",17.528544,78.286195,NO2,16,17,17
India,Telangana,Hyderabad,"Ramachandrapuram, Hyderabad - TSPCB","11-02-2026 10:00:00",17.528544,78.286195,CO,10,37,32
India,Sikkim,Gangtok,"Zero Point GICI, Gangtok - SSPCB","11-02-2026 10:00:00",27.338530,88.614099,NH3,1,1,1
India,Uttar_Pradesh,Gorakhpur,"Madan Mohan Malaviya University of Technology, Gorakhpur - UPPCB","11-02-2026 10:00:00",26.730136,83.433859,OZONE,2,7,6
India,Uttar_Pradesh,"Greater Noida","Knowledge Park - III, Greater Noida - UPPCB","11-02-2026 10:00:00",28.47272,77.482000,PM10,108,452,243
India,Uttar_Pradesh,"Greater Noida","Knowledge Park - III, Greater Noida - UPPCB","11-02-2026 10:00:00",28.47272,77.482000,OZONE,5,84,7
India,Uttar_Pradesh,Hapur,"Anand Vihar, Hapur - UPPCB","11-02-2026 10:00:00",28.725645,77.749675,NO2,13,53,30
India,Uttar_Pradesh,Hapur,"Anand Vihar, Hapur - UPPCB","11-02-2026 10:00:00",28.725645,77.749675,NH3,7,14,10
India,Uttar_Pradesh,Hapur,"Anand Vihar, Hapur - UPPCB","11-02-2026 10:00:00",28.725645,77.749675,SO2,27,61,42
India,Uttar_Pradesh,Jhansi,"Shivaji Nagar, Jhansi - UPPCB","11-02-2026 10:00:00",25.4547,78.6039,PM2.5,21,63,38
India,Uttar_Pradesh,Jhansi,"Shivaji Nagar, Jhansi - UPPCB","11-02-2026 10:00:00",25.4547,78.6039,PM10,43,124,78
India,Uttar_Pradesh,Jhansi,"Shivaji Nagar, Jhansi - UPPCB","11-02-2026 10:00:00",25.4547,78.6039,NH3,4,4,4
India,Uttar_Pradesh,Kanpur,"FTI Kidwai Nagar, Kanpur - UPPCB","11-02-2026 10:00:00",26.428282,80.327067,PM2.5,22,370,89
India,Uttar_Pradesh,Firozabad,"Nagla Bhau, Firozabad - UPPCB","11-02-2026 10:00:00",27.168897,78.376960,SO2,1,74,28
India,Uttar_Pradesh,Ghaziabad,"Indirapuram, Ghaziabad - UPPCB","11-02-2026 10:00:00",28.646233,77.358075,PM10,140,500,358
India,Uttar_Pradesh,Ghaziabad,"Loni, Ghaziabad - UPPCB","11-02-2026 10:00:00",28.757294,77.278792,NH3,1,6,3
India,Uttar_Pradesh,Ghaziabad,"Sanjay Nagar, Ghaziabad - UPPCB","11-02-2026 10:00:00",28.685382,77.453839,PM2.5,70,378,228
India,Uttar_Pradesh,Ghaziabad,"Sanjay Nagar, Ghaziabad - UPPCB","11-02-2026 10:00:00",28.685382,77.453839,NO2,59,120,98
India,Uttar_Pradesh,Ghaziabad,"Sanjay Nagar, Ghaziabad - UPPCB","11-02-2026 10:00:00",28.685382,77.453839,SO2,9,30,16
India,Uttar_Pradesh,Ghaziabad,"Vasundhara, Ghaziabad - UPPCB","11-02-2026 10:00:00",28.6603346,77.3572563,PM10,138,479,339
India,Uttar_Pradesh,Ghaziabad,"Vasundhara, Ghaziabad - UPPCB","11-02-2026 10:00:00",28.6603346,77.3572563,NH3,8,14,11
India,Uttar_Pradesh,Prayagraj,"Nagar Nigam, Prayagraj - UPPCB","11-02-2026 10:00:00","25.44919916 ","81.82735986 ",SO2,15,74,41
India,Uttar_Pradesh,Varanasi,"Bhelupur, Varanasi - UPPCB","11-02-2026 10:00:00",25.301778,82.996789,SO2,26,31,29
India,Uttar_Pradesh,Varanasi,"Bhelupur, Varanasi - UPPCB","11-02-2026 10:00:00",25.301778,82.996789,CO,11,107,47
India,Uttar_Pradesh,Varanasi,"Bhelupur, Varanasi - UPPCB","11-02-2026 10:00:00",25.301778,82.996789,OZONE,5,24,5
India,Uttar_Pradesh,Varanasi,"IESD Banaras Hindu University, Varanasi - UPPCB","11-02-2026 10:00:00",25.262326,82.995408,PM10,36,124,73
India,Uttar_Pradesh,Varanasi,"IESD Banaras Hindu University, Varanasi - UPPCB","11-02-2026 10:00:00",25.262326,82.995408,NO2,2,2,2
India,Uttar_Pradesh,Varanasi,"IESD Banaras Hindu University, Varanasi - UPPCB","11-02-2026 10:00:00",25.262326,82.995408,SO2,30,32,31
India,Uttar_Pradesh,Vrindavan,"Omex Eternity, Vrindavan - UPPCB","11-02-2026 10:00:00",27.5714090,77.6557570,PM2.5,40,124,67
India,Uttar_Pradesh,Kanpur,"NSI Kalyanpur, Kanpur - UPPCB","11-02-2026 10:00:00",26.509954,80.249612,CO,36,74,51
India,Uttar_Pradesh,Kanpur,"Nehru Nagar, Kanpur - UPPCB","11-02-2026 10:00:00",26.4703136,80.3229863,PM2.5,41,321,158
India,Uttar_Pradesh,Lucknow,"B R Ambedkar University, Lucknow - UPPCB","11-02-2026 10:00:00",26.766433,80.927299,PM2.5,30,183,82
India,Uttar_Pradesh,Lucknow,"B R Ambedkar University, Lucknow - UPPCB","11-02-2026 10:00:00",26.766433,80.927299,CO,7,28,23
India,Uttar_Pradesh,Lucknow,"Gomti Nagar, Lucknow - UPPCB","11-02-2026 10:00:00",26.868120,81.005119,PM2.5,53,315,120
India,Uttar_Pradesh,Lucknow,"Gomti Nagar, Lucknow - UPPCB","11-02-2026 10:00:00",26.868120,81.005119,PM10,40,146,77
India,Uttar_Pradesh,Lucknow,"Gomti Nagar, Lucknow - UPPCB","11-02-2026 10:00:00",26.868120,81.005119,NO2,6,9,8
India,Uttar_Pradesh,Meerut,"Jai Bhim Nagar, Meerut - UPPCB","11-02-2026 10:00:00",28.9535882,77.7622941,NH3,6,24,8
India,Uttar_Pradesh,Meerut,"Pallavpuram Phase 2, Meerut - UPPCB","11-02-2026 10:00:00",29.063510,77.709723,PM2.5,88,364,251
India,Uttar_Pradesh,Meerut,"Pallavpuram Phase 2, Meerut - UPPCB","11-02-2026 10:00:00",29.063510,77.709723,SO2,9,26,15
India,Uttar_Pradesh,Moradabad,"Buddhi Vihar, Moradabad - UPPCB","11-02-2026 10:00:00",28.83526,78.74460,CO,40,88,59
India,Uttar_Pradesh,Moradabad,"Employment Office, Moradabad - UPPCB","11-02-2026 10:00:00",28.88528,78.73880,CO,5,57,42
India,Uttar_Pradesh,Moradabad,"Jigar Colony, Moradabad - UPPCB","11-02-2026 10:00:00",28.856664,78.772638,PM10,46,269,105
India,Uttar_Pradesh,Noida,"Sector - 62, Noida - IMD","11-02-2026 10:00:00",28.6245479,77.3577104,PM2.5,116,396,272
India,Uttar_Pradesh,Noida,"Sector - 62, Noida - IMD","11-02-2026 10:00:00",28.6245479,77.3577104,PM10,98,413,244
India,Uttar_Pradesh,Noida,"Sector-1, Noida - UPPCB","11-02-2026 10:00:00",28.5898,77.3101,PM2.5,117,402,280
India,Uttar_Pradesh,Prayagraj,"Jhunsi, Prayagraj - UPPCB","11-02-2026 10:00:00",25.425602,81.917152,NH3,5,5,5
India,Uttar_Pradesh,Prayagraj,"Jhunsi, Prayagraj - UPPCB","11-02-2026 10:00:00",25.425602,81.917152,SO2,14,34,31
India,Uttar_Pradesh,Prayagraj,"Motilal Nehru NIT, Prayagraj - UPPCB","11-02-2026 10:00:00",25.494,81.863,NO2,12,12,12
India,Uttar_Pradesh,Prayagraj,"Motilal Nehru NIT, Prayagraj - UPPCB","11-02-2026 10:00:00",25.494,81.863,OZONE,4,35,7
India,Uttar_Pradesh,Moradabad,"Jigar Colony, Moradabad - UPPCB","11-02-2026 10:00:00",28.856664,78.772638,CO,40,40,40
India,Uttar_Pradesh,Moradabad,"Kashiram Nagar, Moradabad - UPPCB","11-02-2026 10:00:00",28.849399,78.742362,NO2,25,25,25
India,Uttar_Pradesh,Muzaffarnagar,"New Mandi, Muzaffarnagar - UPPCB","11-02-2026 10:00:00",29.4723508,77.7194031,PM2.5,95,419,289
India,Uttar_Pradesh,Muzaffarnagar,"New Mandi, Muzaffarnagar - UPPCB","11-02-2026 10:00:00",29.4723508,77.7194031,NO2,NA,NA,NA
India,Uttar_Pradesh,Muzaffarnagar,"New Mandi, Muzaffarnagar - UPPCB","11-02-2026 10:00:00",29.4723508,77.7194031,SO2,5,27,14
India,Uttar_Pradesh,Muzaffarnagar,"New Mandi, Muzaffarnagar - UPPCB","11-02-2026 10:00:00",29.4723508,77.7194031,OZONE,7,147,30
India,Uttar_Pradesh,Lucknow,"Kendriya Vidyalaya, Lucknow - CPCB","11-02-2026 10:00:00",26.906111,80.948222,PM10,63,147,97
India,Uttar_Pradesh,Lucknow,"Kendriya Vidyalaya, Lucknow - CPCB","11-02-2026 10:00:00",26.906111,80.948222,SO2,2,19,7
India,Uttar_Pradesh,Lucknow,"Lalbagh, Lucknow - CPCB","11-02-2026 10:00:00",26.8458805,80.9365541,PM2.5,32,268,108
India,Uttar_Pradesh,Lucknow,"Lalbagh, Lucknow - CPCB","11-02-2026 10:00:00",26.8458805,80.9365541,NO2,40,55,47
India,Uttar_Pradesh,Lucknow,"Talkatora District Industries Center, Lucknow - CPCB","11-02-2026 10:00:00",26.83399722,80.8917361,PM10,111,195,153
India,Uttar_Pradesh,Vrindavan,"Omex Eternity, Vrindavan - UPPCB","11-02-2026 10:00:00",27.5714090,77.6557570,OZONE,15,15,15
India,Uttarakhand,Kashipur,"Govt. Girls Inter College, Kashipur - UKPCB","11-02-2026 10:00:00",29.2124114,78.9611753,NO2,NA,NA,NA
India,Uttarakhand,Kashipur,"Govt. Girls Inter College, Kashipur - UKPCB","11-02-2026 10:00:00",29.2124114,78.9611753,OZONE,4,4,4
India,West_Bengal,Asansol,"Mahabir Colliery, Asansol - WBPCB","11-02-2026 10:00:00",23.6181830,87.1057180,PM10,52,223,130
India,West_Bengal,Asansol,"Mahabir Colliery, Asansol - WBPCB","11-02-2026 10:00:00",23.6181830,87.1057180,SO2,6,16,10
India,West_Bengal,Durgapur,"Mahishkapur Road_B-Zone, Durgapur - WBPCB","11-02-2026 10:00:00",23.567923,87.306843,NO2,16,89,48
India,West_Bengal,Durgapur,"PCBL Residential Complex, Durgapur - WBPCB","11-02-2026 10:00:00",23.5087640,87.3544400,PM10,55,207,114
India,West_Bengal,Durgapur,"Womens College_City Center, Durgapur - WBPCB","11-02-2026 10:00:00",23.549395,87.300496,PM2.5,66,245,119
India,West_Bengal,Haldia,"Priyambada Housing Estate, Haldia - WBPCB","11-02-2026 10:00:00",22.06047,88.109737,NH3,6,6,6
India,West_Bengal,Howrah,"Belur Math, Howrah - WBPCB","11-02-2026 10:00:00",22.629801,88.352017,NO2,47,182,103
India,West_Bengal,Howrah,"Belur Math, Howrah - WBPCB","11-02-2026 10:00:00",22.629801,88.352017,SO2,10,46,18
India,West_Bengal,Howrah,"Belur Math, Howrah - WBPCB","11-02-2026 10:00:00",22.629801,88.352017,CO,16,108,36
India,West_Bengal,Howrah,"Botanical Garden, Howrah - WBPCB","11-02-2026 10:00:00",22.554954,88.292568,PM10,37,203,112
India,West_Bengal,Howrah,"Botanical Garden, Howrah - WBPCB","11-02-2026 10:00:00",22.554954,88.292568,NO2,12,98,41
India,West_Bengal,Howrah,"Dasnagar, Howrah - WBPCB","11-02-2026 10:00:00",22.6025571,88.3105664,PM10,46,192,120
India,West_Bengal,Howrah,"Dasnagar, Howrah - WBPCB","11-02-2026 10:00:00",22.6025571,88.3105664,CO,9,123,60
India,West_Bengal,Howrah,"Padmapukur, Howrah - WBPCB","11-02-2026 10:00:00",22.5687319,88.2797276,OZONE,9,66,27
India,West_Bengal,Kolkata,"Ballygunge, Kolkata - WBPCB","11-02-2026 10:00:00",22.5367507,88.3638022,NH3,7,13,9
India,West_Bengal,Kolkata,"Bidhannagar, Kolkata - WBPCB","11-02-2026 10:00:00",22.58157048,88.41002457,SO2,9,81,21
India,West_Bengal,Kolkata,"Fort William, Kolkata - WBPCB","11-02-2026 10:00:00",22.556640,88.342674,PM2.5,51,311,140
India,West_Bengal,Kolkata,"Jadavpur, Kolkata - WBPCB","11-02-2026 10:00:00",22.49929,88.36917,NO2,19,136,56
India,West_Bengal,Kolkata,"Rabindra Bharati University, Kolkata - WBPCB","11-02-2026 10:00:00",22.627847,88.380669,PM10,97,401,179
India,West_Bengal,Kolkata,"Rabindra Sarobar, Kolkata - WBPCB","11-02-2026 10:00:00",22.51106,88.35142,PM10,103,149,128
India,West_Bengal,Kolkata,"Victoria, Kolkata - WBPCB","11-02-2026 10:00:00",22.5448082,88.3403691,PM2.5,7,318,174
India,West_Bengal,Kolkata,"Victoria, Kolkata - WBPCB","11-02-2026 10:00:00",22.5448082,88.3403691,PM10,15,244,154
India,West_Bengal,Kolkata,"Victoria, Kolkata - WBPCB","11-02-2026 10:00:00",22.5448082,88.3403691,OZONE,6,61,12
India,West_Bengal,Siliguri,"Ward-32 Bapupara, Siliguri - WBPCB","11-02-2026 10:00:00",26.6879226,88.4152495,CO,38,101,54
India,Bihar,Begusarai,"Lohiyanagar, Begusarai - BSPCB","11-02-2026 10:00:00",25.42742023,86.13886079,NO2,3,13,9
India,Bihar,Begusarai,"Lohiyanagar, Begusarai - BSPCB","11-02-2026 10:00:00",25.42742023,86.13886079,CO,52,64,58
India,Bihar,Begusarai,"Lohiyanagar, Begusarai - BSPCB","11-02-2026 10:00:00",25.42742023,86.13886079,OZONE,32,64,37
India,Bihar,Bettiah,"Kamalnath Nagar, Bettiah - BSPCB","11-02-2026 10:00:00",26.80365,84.51954,NH3,1,1,1
India,Bihar,Bettiah,"Kamalnath Nagar, Bettiah - BSPCB","11-02-2026 10:00:00",26.80365,84.51954,SO2,14,20,17
India,Bihar,Bettiah,"Kamalnath Nagar, Bettiah - BSPCB","11-02-2026 10:00:00",26.80365,84.51954,OZONE,16,23,22
India,Bihar,Bhagalpur,"DM Office_Kachari Chowk, Bhagalpur - BSPCB","11-02-2026 10:00:00",25.251013,86.989001,PM2.5,30,137,64
India,Bihar,Bhagalpur,"DM Office_Kachari Chowk, Bhagalpur - BSPCB","11-02-2026 10:00:00",25.251013,86.989001,OZONE,12,22,16
India,Bihar,Bhagalpur,"Mayaganj, Bhagalpur - BSPCB","11-02-2026 10:00:00",25.265194,87.012947,PM10,56,143,97
India,Bihar,Bhagalpur,"Mayaganj, Bhagalpur - BSPCB","11-02-2026 10:00:00",25.265194,87.012947,NO2,6,8,7
India,Bihar,Bhagalpur,"Mayaganj, Bhagalpur - BSPCB","11-02-2026 10:00:00",25.265194,87.012947,SO2,44,54,49
India,Bihar,"Bihar Sharif","D M Colony, Bihar Sharif - BSPCB","11-02-2026 10:00:00",25.204762,85.514960,CO,42,68,58
India,Bihar,Buxar,"Charitra Van, Buxar - BSPCB","11-02-2026 10:00:00",25.567520,83.966379,PM10,46,137,73
India,Andhra_Pradesh,Vijayawada,"Kanuru, Vijayawada - APPCB","11-02-2026 10:00:00",16.486692,80.699436,NH3,4,4,4
India,Andhra_Pradesh,Vijayawada,"Rajiv Gandhi Park, Vijayawada - APPCB","11-02-2026 10:00:00",16.509717,80.612222,NO2,20,20,20
India,Andhra_Pradesh,Vijayawada,"Rajiv Gandhi Park, Vijayawada - APPCB","11-02-2026 10:00:00",16.509717,80.612222,CO,30,30,30
India,Andhra_Pradesh,Vijayawada,"Rajiv Nagar, Vijayawada - APPCB","11-02-2026 10:00:00",16.554731,80.649110,PM10,13,83,74
India,Andhra_Pradesh,Vijayawada,"Rajiv Nagar, Vijayawada - APPCB","11-02-2026 10:00:00",16.554731,80.649110,SO2,15,18,16
India,Andhra_Pradesh,Visakhapatnam,"GVM Corporation, Visakhapatnam - APPCB","11-02-2026 10:00:00",17.72,83.3,PM2.5,88,290,141
India,Andhra_Pradesh,Visakhapatnam,"GVM Corporation, Visakhapatnam - APPCB","11-02-2026 10:00:00",17.72,83.3,PM10,108,397,170
India,Andhra_Pradesh,Visakhapatnam,"GVM Corporation, Visakhapatnam - APPCB","11-02-2026 10:00:00",17.72,83.3,CO,6,88,25
India,Andhra_Pradesh,Visakhapatnam,"GVM Corporation, Visakhapatnam - APPCB","11-02-2026 10:00:00",17.72,83.3,OZONE,3,73,18
India,Arunachal_Pradesh,Naharlagun,"Naharlagun, Naharlagun - APSPCB","11-02-2026 10:00:00",27.103358,93.679645,NO2,6,7,7
India,Assam,Byrnihat,"Central Academy for SFS, Byrnihat - PCBA","11-02-2026 10:00:00",26.071318,91.87488,PM2.5,91,262,137
India,Bihar,Muzaffarpur,"MIT-Daudpur Kothi, Muzaffarpur - BSPCB","11-02-2026 10:00:00",26.1403345,85.3650192,CO,37,60,39
India,Bihar,Muzaffarpur,"MIT-Daudpur Kothi, Muzaffarpur - BSPCB","11-02-2026 10:00:00",26.1403345,85.3650192,OZONE,11,50,13
India,Bihar,Muzaffarpur,"Muzaffarpur Collectorate, Muzaffarpur - BSPCB","11-02-2026 10:00:00",26.1209,85.3647,PM2.5,83,98,89
India,Bihar,Muzaffarpur,"Muzaffarpur Collectorate, Muzaffarpur - BSPCB","11-02-2026 10:00:00",26.1209,85.3647,NO2,12,23,14
India,Bihar,Patna,"DRM Office Danapur, Patna - BSPCB","11-02-2026 10:00:00",25.586562,85.043586,OZONE,16,57,41
India,Bihar,Patna,"Govt. High School Shikarpur, Patna - BSPCB","11-02-2026 10:00:00",25.592539,85.227158,SO2,4,6,5
India,Bihar,Patna,"Govt. High School Shikarpur, Patna - BSPCB","11-02-2026 10:00:00",25.592539,85.227158,OZONE,8,11,10
India,Bihar,Patna,"Muradpur, Patna - BSPCB","11-02-2026 10:00:00",25.619651,85.147382,PM10,70,167,112
India,Bihar,Patna,"Rajbansi Nagar, Patna - BSPCB","11-02-2026 10:00:00",25.599486,85.113666,PM2.5,64,148,90
India,Andhra_Pradesh,Chittoor,"Gangineni Cheruvu, Chittoor - APPCB","11-02-2026 10:00:00",13.204880,79.097889,SO2,11,37,20
India,Andhra_Pradesh,Kadapa,"Yerramukkapalli, Kadapa - APPCB","11-02-2026 10:00:00",14.465052,78.824187,NH3,NA,NA,NA
India,Andhra_Pradesh,Kadapa,"Yerramukkapalli, Kadapa - APPCB","11-02-2026 10:00:00",14.465052,78.824187,CO,20,27,27
India,Andhra_Pradesh,Tirumala,"Toll Gate, Tirumala - APPCB","11-02-2026 10:00:00",13.67,79.35,NO2,15,39,26
India,Andhra_Pradesh,Tirupati,"Vaikuntapuram, Tirupati - APPCB","11-02-2026 10:00:00",13.615387,79.409230,PM10,50,110,87
India,Andhra_Pradesh,Vijayawada,"HB Colony, Vijayawada - APPCB","11-02-2026 10:00:00",16.536107,80.594233,PM2.5,56,132,87
India,Andhra_Pradesh,Vijayawada,"HB Colony, Vijayawada - APPCB","11-02-2026 10:00:00",16.536107,80.594233,NH3,2,2,2
India,Andhra_Pradesh,Vijayawada,"HB Colony, Vijayawada - APPCB","11-02-2026 10:00:00",16.536107,80.594233,CO,32,34,33
India,Bihar,Patna,"Rajbansi Nagar, Patna - BSPCB","11-02-2026 10:00:00",25.599486,85.113666,SO2,4,9,6
India,Bihar,Patna,"Samanpura, Patna - BSPCB","11-02-2026 10:00:00",25.596727,85.085624,PM2.5,33,128,89
India,Bihar,Patna,"Samanpura, Patna - BSPCB","11-02-2026 10:00:00",25.596727,85.085624,NO2,6,38,22
India,Bihar,Patna,"Samanpura, Patna - BSPCB","11-02-2026 10:00:00",25.596727,85.085624,OZONE,7,135,16
India,Bihar,Rajgir,"Dangi Tola, Rajgir - BSPCB","11-02-2026 10:00:00",25.03280,85.41948,PM2.5,NA,NA,NA
India,Bihar,Rajgir,"Dangi Tola, Rajgir - BSPCB","11-02-2026 10:00:00",25.03280,85.41948,OZONE,NA,NA,NA
India,Bihar,Saharsa,"Police Line, Saharsa - BSPCB","11-02-2026 10:00:00",25.892357,86.590325,SO2,12,20,16
India,Assam,Silchar,"Tarapur, Silchar - PCBA","11-02-2026 10:00:00",24.82827,92.79525,SO2,2,6,5
India,Assam,Sivasagar,"Girls College, Sivasagar - PCBA","11-02-2026 10:00:00",26.987634,94.636574,SO2,9,13,12
India,Assam,Sivasagar,"Girls College, Sivasagar - PCBA","11-02-2026 10:00:00",26.987634,94.636574,CO,14,112,26
India,Bihar,Araria,"Kharahiya Basti, Araria - BSPCB","11-02-2026 10:00:00",26.146529,87.454184,PM10,30,127,82
India,Bihar,Araria,"Kharahiya Basti, Araria - BSPCB","11-02-2026 10:00:00",26.146529,87.454184,NH3,4,5,4
India,Bihar,Araria,"Kharahiya Basti, Araria - BSPCB","11-02-2026 10:00:00",26.146529,87.454184,SO2,16,64,36
India,Bihar,Chhapra,"Darshan Nagar, Chhapra - BSPCB","11-02-2026 10:00:00",25.7808257,84.7446768,NH3,7,10,8
India,Bihar,Chhapra,"Darshan Nagar, Chhapra - BSPCB","11-02-2026 10:00:00",25.7808257,84.7446768,SO2,22,29,26
India,Bihar,Gaya,"SFTI Kusdihra, Gaya - BSPCB","11-02-2026 10:00:00",24.762518,84.982348,PM10,55,108,74
India,Bihar,Gaya,"SFTI Kusdihra, Gaya - BSPCB","11-02-2026 10:00:00",24.762518,84.982348,NO2,12,34,24
India,Bihar,Hajipur,"Industrial Area, Hajipur - BSPCB","11-02-2026 10:00:00",25.697189,85.245900,SO2,4,6,5
India,Bihar,Kishanganj,"SDM Office_Khagra, Kishanganj - BSPCB","11-02-2026 10:00:00",26.0881305,87.93840336,PM2.5,23,45,33
India,Bihar,Munger,"Town Hall, Munger - BSPCB","11-02-2026 10:00:00",25.376776,86.471523,PM2.5,57,203,98
India,Bihar,Muzaffarpur,"Buddha Colony, Muzaffarpur - BSPCB","11-02-2026 10:00:00",26.11442,85.39813,PM10,67,166,98
India,Bihar,Muzaffarpur,"Buddha Colony, Muzaffarpur - BSPCB","11-02-2026 10:00:00",26.11442,85.39813,SO2,3,8,4
India,Andhra_Pradesh,Anantapur,"Gulzarpet, Anantapur - APPCB","11-02-2026 10:00:00",14.675886,77.593027,NO2,22,22,22
India,Andhra_Pradesh,Chittoor,"Gangineni Cheruvu, Chittoor - APPCB","11-02-2026 10:00:00",13.204880,79.097889,PM2.5,56,82,67
India,Assam,Guwahati,"Pan Bazaar, Guwahati - PCBA","11-02-2026 10:00:00",26.187500,91.744194,CO,12,82,23
India,Bihar,Sasaram,"Dada Peer, Sasaram - BSPCB","11-02-2026 10:00:00",24.952822,84.002396,PM2.5,8,31,21
India,Bihar,Siwan,"Chitragupta Nagar, Siwan - BSPCB","11-02-2026 10:00:00",26.2271665,84.3570427,PM2.5,NA,NA,NA
India,Bihar,Siwan,"Chitragupta Nagar, Siwan - BSPCB","11-02-2026 10:00:00",26.2271665,84.3570427,NH3,NA,NA,NA
India,Bihar,Siwan,"Chitragupta Nagar, Siwan - BSPCB","11-02-2026 10:00:00",26.2271665,84.3570427,SO2,NA,NA,NA
India,Bihar,Siwan,"Chitragupta Nagar, Siwan - BSPCB","11-02-2026 10:00:00",26.2271665,84.3570427,CO,48,101,73
India,Chandigarh,Chandigarh,"Sector 22, Chandigarh - CPCC","11-02-2026 10:00:00",30.735567,76.775714,NH3,4,17,12
India,Chandigarh,Chandigarh,"Sector 22, Chandigarh - CPCC","11-02-2026 10:00:00",30.735567,76.775714,SO2,7,31,14
India,Chandigarh,Chandigarh,"Sector-25, Chandigarh - CPCC","11-02-2026 10:00:00",30.751462,76.762879,NO2,9,30,17
India,Chandigarh,Chandigarh,"Sector-25, Chandigarh - CPCC","11-02-2026 10:00:00",30.751462,76.762879,OZONE,1,61,6
India,Chandigarh,Chandigarh,"Sector-53, Chandigarh - CPCC","11-02-2026 10:00:00",30.719859,76.738637,PM10,56,161,99
India,Chandigarh,Chandigarh,"Sector-53, Chandigarh - CPCC","11-02-2026 10:00:00",30.719859,76.738637,SO2,9,31,14
India,Chhattisgarh,Bhilai,"32Bungalows, Bhilai - CECB","11-02-2026 10:00:00",21.194815,81.314770,NO2,24,50,35
India,Chhattisgarh,Bhilai,"32Bungalows, Bhilai - CECB","11-02-2026 10:00:00",21.194815,81.314770,SO2,7,9,8
India,Chhattisgarh,Bhilai,"Civic Center, Bhilai - Bhilai Steel Plant","11-02-2026 10:00:00",21.185571,81.343175,SO2,6,11,8
India,Chhattisgarh,Bhilai,"Hathkhoj, Bhilai - CECB","11-02-2026 10:00:00",21.224231,81.408350,PM2.5,18,90,53
India,Chhattisgarh,Bilaspur,"Mangala, Bilaspur - NTPC","11-02-2026 10:00:00",22.08815,82.13737,NO2,20,54,24
India,Chhattisgarh,Bilaspur,"Mangala, Bilaspur - NTPC","11-02-2026 10:00:00",22.08815,82.13737,CO,24,113,39
India,Chhattisgarh,Chhal,"Nawapara SECL Colony, Chhal - CECB","11-02-2026 10:00:00",22.118125,83.140608,NH3,5,5,5
India,Chhattisgarh,Korba,"Rampur, Korba - CECB","11-02-2026 10:00:00",22.368195,82.746431,PM10,NA,NA,NA
India,Chhattisgarh,Korba,"Rampur, Korba - CECB","11-02-2026 10:00:00",22.368195,82.746431,SO2,NA,NA,NA
India,Delhi,Delhi,"Anand Vihar, Delhi - DPCC","11-02-2026 10:00:00",28.647622,77.3158090,SO2,NA,NA,NA
India,Delhi,Delhi,"Anand Vihar, Delhi - DPCC","11-02-2026 10:00:00",28.647622,77.3158090,CO,NA,NA,NA
India,Delhi,Delhi,"Aya Nagar, Delhi - IMD","11-02-2026 10:00:00",28.4706914,77.1099364,PM2.5,68,349,216
India,Delhi,Delhi,"Aya Nagar, Delhi - IMD","11-02-2026 10:00:00",28.4706914,77.1099364,NO2,7,86,56
India,Delhi,Delhi,"Aya Nagar, Delhi - IMD","11-02-2026 10:00:00",28.4706914,77.1099364,OZONE,5,76,12
India,Delhi,Delhi,"Bawana, Delhi - DPCC","11-02-2026 10:00:00",28.776200,77.051074,SO2,13,28,16
India,Delhi,Delhi,"Burari Crossing, Delhi - IMD","11-02-2026 10:00:00",28.7256504,77.2011573,PM10,130,476,312
India,Delhi,Delhi,"Burari Crossing, Delhi - IMD","11-02-2026 10:00:00",28.7256504,77.2011573,OZONE,12,264,16
India,Delhi,Delhi,"CRRI Mathura Road, Delhi - IMD","11-02-2026 10:00:00",28.5512005,77.2735737,PM10,130,417,281
India,Delhi,Delhi,"Major Dhyan Chand National Stadium, Delhi - DPCC","11-02-2026 10:00:00",28.611281,77.237738,NO2,40,204,128
India,Delhi,Delhi,"Major Dhyan Chand National Stadium, Delhi - DPCC","11-02-2026 10:00:00",28.611281,77.237738,SO2,2,15,9
India,Delhi,Delhi,"Major Dhyan Chand National Stadium, Delhi - DPCC","11-02-2026 10:00:00",28.611281,77.237738,OZONE,1,172,3
India,Delhi,Delhi,"Mandir Marg, Delhi - DPCC","11-02-2026 10:00:00",28.636429,77.201067,PM2.5,3,420,191
India,Delhi,Delhi,"Mandir Marg, Delhi - DPCC","11-02-2026 10:00:00",28.636429,77.201067,NO2,60,243,147
India,Delhi,Delhi,"Mandir Marg, Delhi - DPCC","11-02-2026 10:00:00",28.636429,77.201067,NH3,5,13,8
India,Delhi,Delhi,"NSIT Dwarka, Delhi - CPCB","11-02-2026 10:00:00",28.60909,77.0325413,NO2,2,68,46
India,Delhi,Delhi,"Najafgarh, Delhi - DPCC","11-02-2026 10:00:00",28.570173,76.933762,NH3,11,13,12
India,Delhi,Delhi,"Najafgarh, Delhi - DPCC","11-02-2026 10:00:00",28.570173,76.933762,OZONE,4,186,20
India,Delhi,Delhi,"Chandni Chowk, Delhi - IITM","11-02-2026 10:00:00",28.656756,77.227234,NH3,4,21,11
India,Delhi,Delhi,"Chandni Chowk, Delhi - IITM","11-02-2026 10:00:00",28.656756,77.227234,OZONE,2,147,6
India,Delhi,Delhi,"DTU, Delhi - CPCB","11-02-2026 10:00:00",28.7500499,77.1112615,NO2,45,52,48
India,Delhi,Delhi,"DTU, Delhi - CPCB","11-02-2026 10:00:00",28.7500499,77.1112615,OZONE,2,44,4
India,Delhi,Delhi,"Dr. Karni Singh Shooting Range, Delhi - DPCC","11-02-2026 10:00:00",28.498571,77.264840,PM2.5,120,411,280
India,Delhi,Delhi,"Dr. Karni Singh Shooting Range, Delhi - DPCC","11-02-2026 10:00:00",28.498571,77.264840,NO2,10,86,50
India,Delhi,Delhi,"IGI Airport (T3), Delhi - IMD","11-02-2026 10:00:00",28.5627763,77.1180053,PM2.5,62,367,205
India,Delhi,Delhi,"IHBAS, Dilshad Garden, Delhi - CPCB","11-02-2026 10:00:00",28.6811736,77.3025234,PM2.5,86,322,217
India,Delhi,Delhi,"IIT Delhi, Delhi - IITM","11-02-2026 10:00:00",28.542460,77.191651,NO2,19,103,51
India,Delhi,Delhi,"IIT Delhi, Delhi - IITM","11-02-2026 10:00:00",28.542460,77.191651,OZONE,1,52,7
India,Delhi,Delhi,"ITO, Delhi - CPCB","11-02-2026 10:00:00",28.628624,77.241060,NO2,22,130,75
India,Delhi,Delhi,"ITO, Delhi - CPCB","11-02-2026 10:00:00",28.628624,77.241060,CO,16,136,70
India,Delhi,Delhi,"Jahangirpuri, Delhi - DPCC","11-02-2026 10:00:00",28.732820,77.170633,OZONE,3,137,7
India,Delhi,Delhi,"Jawaharlal Nehru Stadium, Delhi - DPCC","11-02-2026 10:00:00",28.580280,77.233829,NH3,14,21,17
India,Delhi,Delhi,"Jawaharlal Nehru Stadium, Delhi - DPCC","11-02-2026 10:00:00",28.580280,77.233829,OZONE,5,133,8
India,Delhi,Delhi,"Major Dhyan Chand National Stadium, Delhi - DPCC","11-02-2026 10:00:00",28.611281,77.237738,PM10,111,406,279
India,Delhi,Delhi,"Narela, Delhi - DPCC","11-02-2026 10:00:00",28.822836,77.101981,OZONE,9,222,16
India,Delhi,Delhi,"Nehru Nagar, Delhi - DPCC","11-02-2026 10:00:00",28.567890,77.250515,SO2,3,111,24
India,Delhi,Delhi,"Nehru Nagar, Delhi - DPCC","11-02-2026 10:00:00",28.567890,77.250515,CO,6,132,57
India,Delhi,Delhi,"North Campus, DU, Delhi - IMD","11-02-2026 10:00:00",28.6573814,77.1585447,CO,17,168,114
India,Delhi,Delhi,"Okhla Phase-2, Delhi - DPCC","11-02-2026 10:00:00",28.530785,77.271255,PM10,135,463,313
India,Delhi,Delhi,"Okhla Phase-2, Delhi - DPCC","11-02-2026 10:00:00",28.530785,77.271255,CO,20,136,122
India,Delhi,Delhi,"Okhla Phase-2, Delhi - DPCC","11-02-2026 10:00:00",28.530785,77.271255,OZONE,4,184,9
India,Delhi,Delhi,"Punjabi Bagh, Delhi - DPCC","11-02-2026 10:00:00",28.674045,77.131023,PM2.5,45,439,305
India,Chhattisgarh,Korba,"Urja Nagar, Korba - CECB","11-02-2026 10:00:00",22.348441,82.549611,NO2,17,25,20
India,Chhattisgarh,Korba,"Urja Nagar, Korba - CECB","11-02-2026 10:00:00",22.348441,82.549611,SO2,1,13,7
India,Chhattisgarh,Kunjemura,"OP Jindal School, Kunjemura - CECB","11-02-2026 10:00:00",22.126650,83.483212,PM2.5,44,74,58
India,Chhattisgarh,Milupara,"Govt. Higher Secondary School, Milupara - CECB","11-02-2026 10:00:00",22.1910172,83.5197009,NO2,18,62,30
India,Chhattisgarh,Milupara,"Govt. Higher Secondary School, Milupara - CECB","11-02-2026 10:00:00",22.1910172,83.5197009,SO2,13,34,18
India,Chhattisgarh,Raipur,"AIIMS, Raipur - CECB","11-02-2026 10:00:00",21.258815,81.578979,SO2,NA,NA,NA
India,Chhattisgarh,Raipur,"Krishak Nagar, Raipur - CECB","11-02-2026 10:00:00",21.237755,81.705301,NH3,2,2,2
India,Chhattisgarh,Raipur,"Krishak Nagar, Raipur - CECB","11-02-2026 10:00:00",21.237755,81.705301,OZONE,NA,NA,NA
India,Chhattisgarh,Raipur,"Siltara Phase-II, Raipur - CECB","11-02-2026 10:00:00",21.371751,81.664929,SO2,3,17,5
India,Chhattisgarh,Tumidih,"OP Jindal Industrial Park, Tumidih - CECB","11-02-2026 10:00:00",22.06631475,83.33820077,CO,14,51,34
India,Delhi,Delhi,"Alipur, Delhi - DPCC","11-02-2026 10:00:00",28.815329,77.153010,PM10,165,429,270
India,Haryana,Fatehabad,"Huda Sector, Fatehabad - HSPCB","11-02-2026 10:00:00",29.503664,75.467934,PM2.5,39,75,49
India,Haryana,Fatehabad,"Huda Sector, Fatehabad - HSPCB","11-02-2026 10:00:00",29.503664,75.467934,SO2,10,11,10
India,Haryana,Fatehabad,"Huda Sector, Fatehabad - HSPCB","11-02-2026 10:00:00",29.503664,75.467934,CO,25,34,28
India,Haryana,Gurugram,"NISE Gwal Pahari, Gurugram - IMD","11-02-2026 10:00:00",28.422681,77.148944,PM2.5,89,353,224
India,Haryana,Gurugram,"NISE Gwal Pahari, Gurugram - IMD","11-02-2026 10:00:00",28.422681,77.148944,NO2,17,86,42
India,Haryana,Gurugram,"NISE Gwal Pahari, Gurugram - IMD","11-02-2026 10:00:00",28.422681,77.148944,CO,30,86,80
India,Haryana,Gurugram,"Sector-51, Gurugram - HSPCB","11-02-2026 10:00:00",28.4227,77.0667,PM2.5,47,483,328
India,Haryana,Gurugram,"Sector-51, Gurugram - HSPCB","11-02-2026 10:00:00",28.4227,77.0667,PM10,50,492,275
India,Haryana,Gurugram,"Sector-51, Gurugram - HSPCB","11-02-2026 10:00:00",28.4227,77.0667,SO2,4,7,5
India,Haryana,Gurugram,"Teri Gram, Gurugram - HSPCB","11-02-2026 10:00:00",28.4275,77.1465,NO2,36,76,53
India,Haryana,Gurugram,"Teri Gram, Gurugram - HSPCB","11-02-2026 10:00:00",28.4275,77.1465,NH3,11,20,15
India,Haryana,Gurugram,"Teri Gram, Gurugram - HSPCB","11-02-2026 10:00:00",28.4275,77.1465,SO2,14,39,19
India,Haryana,Gurugram,"Teri Gram, Gurugram - HSPCB","11-02-2026 10:00:00",28.4275,77.1465,OZONE,10,43,12
India,Gujarat,Vadodara,"Bapunagar, Vadodara - Nexteng Enviro","11-02-2026 10:00:00",22.320153,73.216285,CO,122,128,126
India,Gujarat,Vatva,"Phase-4 GIDC, Vatva - GPCB","11-02-2026 10:00:00",22.969611,72.643500,PM2.5,92,390,242
India,Gujarat,Vatva,"Phase-4 GIDC, Vatva - GPCB","11-02-2026 10:00:00",22.969611,72.643500,PM10,115,231,163
India,Gujarat,Vatva,"Phase-4 GIDC, Vatva - GPCB","11-02-2026 10:00:00",22.969611,72.643500,NH3,7,15,10
India,Haryana,Bahadurgarh,"Arya Nagar, Bahadurgarh - HSPCB","11-02-2026 10:00:00",28.6701,76.9254,PM2.5,54,308,187
India,Haryana,Bahadurgarh,"Arya Nagar, Bahadurgarh - HSPCB","11-02-2026 10:00:00",28.6701,76.9254,SO2,7,7,7
India,Haryana,Bahadurgarh,"Arya Nagar, Bahadurgarh - HSPCB","11-02-2026 10:00:00",28.6701,76.9254,CO,44,50,47
India,Haryana,Ballabgarh,"Nathu Colony, Ballabgarh - HSPCB","11-02-2026 10:00:00",28.3419248,77.319699,SO2,1,7,4
India,Haryana,Bhiwani,"H.B. Colony, Bhiwani - HSPCB","11-02-2026 10:00:00",28.806223,76.141105,PM10,16,500,188
India,Delhi,Delhi,"Sonia Vihar, Delhi - DPCC","11-02-2026 10:00:00",28.710508,77.249485,NO2,48,95,70
India,Delhi,Delhi,"Sri Aurobindo Marg, Delhi - DPCC","11-02-2026 10:00:00",28.531346,77.190156,PM2.5,77,345,187
India,Delhi,Delhi,"Vivek Vihar, Delhi - DPCC","11-02-2026 10:00:00",28.672342,77.315260,SO2,6,29,16
India,Delhi,Delhi,"Wazirpur, Delhi - DPCC","11-02-2026 10:00:00",28.699793,77.165453,NH3,6,17,9
India,Delhi,Delhi,"Wazirpur, Delhi - DPCC","11-02-2026 10:00:00",28.699793,77.165453,SO2,2,32,11
India,Delhi,Delhi,"Wazirpur, Delhi - DPCC","11-02-2026 10:00:00",28.699793,77.165453,OZONE,6,302,12
India,Gujarat,Ahmedabad,"Chandkheda, Ahmedabad - IITM","11-02-2026 10:00:00",23.107969,72.574648,PM2.5,36,161,71
India,Gujarat,Ahmedabad,"Chandkheda, Ahmedabad - IITM","11-02-2026 10:00:00",23.107969,72.574648,NO2,13,72,44
India,Gujarat,Ahmedabad,"Chandkheda, Ahmedabad - IITM","11-02-2026 10:00:00",23.107969,72.574648,CO,6,44,36
India,Delhi,Delhi,"Pusa, Delhi - DPCC","11-02-2026 10:00:00",28.639652,77.146275,PM10,137,421,227
India,Delhi,Delhi,"Pusa, Delhi - DPCC","11-02-2026 10:00:00",28.639652,77.146275,OZONE,1,268,5
India,Delhi,Delhi,"Pusa, Delhi - IMD","11-02-2026 10:00:00",28.636110,77.173332,PM10,110,403,233
India,Delhi,Delhi,"R K Puram, Delhi - DPCC","11-02-2026 10:00:00",28.563262,77.186937,NO2,8,119,59
India,Delhi,Delhi,"Rohini, Delhi - DPCC","11-02-2026 10:00:00",28.732528,77.119920,SO2,11,21,14
India,Delhi,Delhi,"Rohini, Delhi - DPCC","11-02-2026 10:00:00",28.732528,77.119920,OZONE,5,304,10
India,Delhi,Delhi,"Shadipur, Delhi - CPCB","11-02-2026 10:00:00",28.6514781,77.1473105,NO2,54,260,104
India,Gujarat,Mehsana,"Sadanand Nagar, Mehsana - Nexteng Enviro","11-02-2026 10:00:00",23.593150,72.372792,PM2.5,9,116,52
India,Gujarat,Mehsana,"Sadanand Nagar, Mehsana - Nexteng Enviro","11-02-2026 10:00:00",23.593150,72.372792,OZONE,8,16,9
India,Gujarat,Rajkot,"Mavdi, Rajkot - Nexteng Enviro ","11-02-2026 10:00:00",22.248853,70.776774,PM2.5,2,93,45
India,Gujarat,Rajkot,"Mavdi, Rajkot - Nexteng Enviro ","11-02-2026 10:00:00",22.248853,70.776774,OZONE,6,26,10
India,Gujarat,Surat,"Katargam, Surat - Nexteng Enviro","11-02-2026 10:00:00","21.217779 ","72.834787 ",SO2,40,115,68
India,Haryana,Bhiwani,"H.B. Colony, Bhiwani - HSPCB","11-02-2026 10:00:00",28.806223,76.141105,OZONE,7,19,14
India,Haryana,Dharuhera,"Municipal Corporation Office, Dharuhera -  HSPCB","11-02-2026 10:00:00",28.206800,76.799700,NH3,9,26,19
India,Haryana,Faridabad,"Sector 11, Faridabad - HSPCB","11-02-2026 10:00:00",28.376058,77.315741,PM2.5,34,422,267
India,Haryana,Faridabad,"Sector 30, Faridabad - HSPCB","11-02-2026 10:00:00",28.4417,77.3217,PM2.5,94,142,107
India,Gujarat,Ahmedabad,"Maninagar, Ahmedabad - GPCB","11-02-2026 10:00:00",23.002657,72.591912,PM2.5,35,217,107
India,Gujarat,Ahmedabad,"Maninagar, Ahmedabad - GPCB","11-02-2026 10:00:00",23.002657,72.591912,OZONE,33,89,39
India,Gujarat,Ahmedabad,"Rakhial, Ahmedabad - IITM","11-02-2026 10:00:00",23.016834,72.625775,PM10,99,196,135
India,Gujarat,Ahmedabad,"Rakhial, Ahmedabad - IITM","11-02-2026 10:00:00",23.016834,72.625775,NH3,5,11,7
India,Gujarat,Ahmedabad,"SAC ISRO Satellite, Ahmedabad - IITM","11-02-2026 10:00:00",23.023389,72.515201,PM2.5,64,188,103
India,Gujarat,Ankleshwar,"GIDC, Ankleshwar - GPCB","11-02-2026 10:00:00",21.613267,73.010555,PM10,85,127,107
India,Gujarat,Ankleshwar,"GIDC, Ankleshwar - GPCB","11-02-2026 10:00:00",21.613267,73.010555,CO,34,71,59
India,Gujarat,Bhavnagar,"Vidhyanagar, Bhavnagar - Nexteng Enviro","11-02-2026 10:00:00",21.755417,72.139056,NO2,45,58,51
India,Gujarat,Bhavnagar,"Vidhyanagar, Bhavnagar - Nexteng Enviro","11-02-2026 10:00:00",21.755417,72.139056,NH3,4,7,6
India,Haryana,Gurugram,"Vikas Sadan, Gurugram - HSPCB","11-02-2026 10:00:00",28.4501238,77.0263051,SO2,2,8,5
India,Haryana,Hisar,"Urban Estate-II, Hisar - HSPCB","11-02-2026 10:00:00",29.140560,75.744941,PM2.5,42,91,64
India,Haryana,Hisar,"Urban Estate-II, Hisar - HSPCB","11-02-2026 10:00:00",29.140560,75.744941,NH3,10,11,11
India,Karnataka,Chikkaballapur,"Chikkaballapur Rural, Chikkaballapur - KSPCB","11-02-2026 10:00:00",13.428828,77.731418,NO2,11,97,31
India,Karnataka,Chikkaballapur,"Chikkaballapur Rural, Chikkaballapur - KSPCB","11-02-2026 10:00:00",13.428828,77.731418,SO2,7,17,13
India,Karnataka,Chikkamagaluru,"Kalyana Nagara, Chikkamagaluru - KSPCB","11-02-2026 10:00:00",13.328028,75.797056,CO,11,12,11
India,Karnataka,Dharwad,"Kalabhavan, Dharwad - KSPCB","11-02-2026 10:00:00",15.459706,75.008381,NO2,25,28,27
India,Karnataka,Hubballi,"Lingaraj Nagar, Hubballi - KSPCB","11-02-2026 10:00:00",15.3714823,75.1160168,PM10,57,63,58
India,Karnataka,Hubballi,"Lingaraj Nagar, Hubballi - KSPCB","11-02-2026 10:00:00",15.3714823,75.1160168,CO,8,26,23
India,Karnataka,Kalaburagi,"Mahatma Basaveswar Colony, Kalaburgi - KSPCB","11-02-2026 10:00:00",17.336318,76.847397,PM2.5,11,61,46
India,Karnataka,Kalaburagi,"Mahatma Basaveswar Colony, Kalaburgi - KSPCB","11-02-2026 10:00:00",17.336318,76.847397,OZONE,14,27,14
India,Karnataka,Madikeri,"Stuart Hill, Madikeri - KSPCB","11-02-2026 10:00:00",12.415911,75.735050,PM2.5,48,69,57
India,Karnataka,Madikeri,"Stuart Hill, Madikeri - KSPCB","11-02-2026 10:00:00",12.415911,75.735050,CO,12,20,16
India,Haryana,Narnaul,"Shastri Nagar, Narnaul - HSPCB","11-02-2026 10:00:00",28.060249,76.113115,CO,36,56,51
India,Haryana,Palwal,"Shyam Nagar, Palwal - HSPCB","11-02-2026 10:00:00",28.1485564,77.3320667,PM2.5,56,83,66
India,Haryana,Palwal,"Shyam Nagar, Palwal - HSPCB","11-02-2026 10:00:00",28.1485564,77.3320667,NH3,8,9,9
India,Haryana,Palwal,"Shyam Nagar, Palwal - HSPCB","11-02-2026 10:00:00",28.1485564,77.3320667,OZONE,15,17,16
India,Haryana,Panchgaon,"Amity University, Panchgaon - IITM","11-02-2026 10:00:00",28.3153,76.9143,NO2,1,53,16
India,Haryana,Panchgaon,"Amity University, Panchgaon - IITM","11-02-2026 10:00:00",28.3153,76.9143,SO2,12,22,18
India,Haryana,Panipat,"Sector-18, Panipat - HSPCB","11-02-2026 10:00:00",29.432304,76.972765,NO2,31,32,31
India,Karnataka,Bengaluru,"BWSSB Kadabesanahalli, Bengaluru - CPCB","11-02-2026 10:00:00",12.9352049,77.6814488,PM2.5,NA,NA,NA
India,Karnataka,Bengaluru,"Bapuji Nagar, Bengaluru - KSPCB","11-02-2026 10:00:00",12.951913,77.539784,SO2,NA,NA,NA
India,Karnataka,Bengaluru,"City Railway Station, Bengaluru - KSPCB","11-02-2026 10:00:00",12.9756843,77.5660749,SO2,18,19,19
India,Karnataka,Bengaluru,"Hebbal, Bengaluru - KSPCB","11-02-2026 10:00:00",13.029152,77.585901,PM2.5,57,185,112
India,Karnataka,Bengaluru,"Hombegowda Nagar, Bengaluru - KSPCB","11-02-2026 10:00:00",12.938539,77.590100,PM2.5,48,92,71
India,Karnataka,Bengaluru,"Hombegowda Nagar, Bengaluru - KSPCB","11-02-2026 10:00:00",12.938539,77.590100,SO2,6,20,14
India,"Himachal Pradesh",Baddi,"HIMUDA Complex Phase-1, Baddi - HPPCB","11-02-2026 10:00:00",30.943887,76.801991,SO2,24,126,67
India,Jammu_and_Kashmir,Pampore,"Khrew, Pampore - JKPCC","11-02-2026 10:00:00",34.031606,75.009712,PM2.5,12,35,24
India,Jammu_and_Kashmir,Pampore,"Khrew, Pampore - JKPCC","11-02-2026 10:00:00",34.031606,75.009712,NO2,9,34,17
India,Jammu_and_Kashmir,Srinagar,"Khunmoh, Srinagar - JKPCC","11-02-2026 10:00:00",34.06313,74.96017,PM2.5,17,39,30
India,Jammu_and_Kashmir,Srinagar,"Rajbagh, Srinagar - JKPCC","11-02-2026 10:00:00",34.066206,74.819820,SO2,3,4,3
India,Haryana,Rohtak,"MD University, Rohtak - HSPCB","11-02-2026 10:00:00",28.52123,76.37138,NO2,10,13,12
India,Haryana,Sirsa,"F-Block, Sirsa - HSPCB","11-02-2026 10:00:00",29.536400,75.015800,PM2.5,NA,NA,NA
India,Haryana,Sirsa,"F-Block, Sirsa - HSPCB","11-02-2026 10:00:00",29.536400,75.015800,CO,NA,NA,NA
India,Haryana,Sonipat,"Murthal, Sonipat - HSPCB","11-02-2026 10:00:00",29.027200,77.062100,CO,2,40,10
India,Haryana,"Yamuna Nagar","Gobind Pura, Yamuna Nagar - HSPCB","11-02-2026 10:00:00",30.1480566,77.2893471,PM10,NA,NA,NA
India,Haryana,"Yamuna Nagar","Gobind Pura, Yamuna Nagar - HSPCB","11-02-2026 10:00:00",30.1480566,77.2893471,NO2,NA,NA,NA
India,Haryana,Kurukshetra,"Sector-7, Kurukshetra - HSPCB","11-02-2026 10:00:00",29.966942,76.875879,PM10,142,271,186
India,Haryana,Kurukshetra,"Sector-7, Kurukshetra - HSPCB","11-02-2026 10:00:00",29.966942,76.875879,CO,17,60,26
India,Haryana,Kurukshetra,"Sector-7, Kurukshetra - HSPCB","11-02-2026 10:00:00",29.966942,76.875879,OZONE,2,71,22
India,Haryana,Mandikhera,"General Hospital, Mandikhera(Nuh) - HSPCB","11-02-2026 10:00:00",27.9002,76.9938,NO2,18,24,21
India,Haryana,Manesar,"Sector-2 IMT, Manesar - HSPCB","11-02-2026 10:00:00",28.360699,76.936090,NH3,13,16,14
India,Karnataka,Bengaluru,"Jayanagar 5th Block, Bengaluru - KSPCB","11-02-2026 10:00:00",12.920984,77.584908,PM2.5,55,108,85
India,Karnataka,Bengaluru,"Jigani, Bengaluru - KSPCB","11-02-2026 10:00:00",12.7816279,77.6299145,PM2.5,50,72,64
India,Karnataka,Bengaluru,"Jigani, Bengaluru - KSPCB","11-02-2026 10:00:00",12.7816279,77.6299145,PM10,79,124,110
India,Karnataka,Bengaluru,"Jigani, Bengaluru - KSPCB","11-02-2026 10:00:00",12.7816279,77.6299145,OZONE,24,26,25
India,Karnataka,Bengaluru,"Kasturi Nagar, Bengaluru - KSPCB","11-02-2026 10:00:00",13.003872,77.664217,PM2.5,58,66,64
India,Karnataka,Bengaluru,"Shivapura_Peenya, Bengaluru - KSPCB","11-02-2026 10:00:00",13.0246342,77.5080115,NH3,2,3,3
India,Haryana,Narnaul,"Shastri Nagar, Narnaul - HSPCB","11-02-2026 10:00:00",28.060249,76.113115,NH3,6,19,12
India,"Madhya Pradesh",Ratlam,"Shasthri Nagar, Ratlam - IPCA Lab","11-02-2026 10:00:00",23.331731,75.045981,NO2,13,60,25
India,"Madhya Pradesh",Sagar,"Civil Lines, Sagar - MPPCB","11-02-2026 10:00:00",23.838586,78.759431,SO2,4,12,8
India,"Madhya Pradesh",Sagar,"Deen Dayal Nagar, Sagar - MPPCB","11-02-2026 10:00:00",23.8640158,78.80289321,PM10,53,136,85
India,"Madhya Pradesh",Sagar,"Deen Dayal Nagar, Sagar - MPPCB","11-02-2026 10:00:00",23.8640158,78.80289321,CO,12,33,16
India,"Madhya Pradesh",Satna,"Bandhavgar Colony, Satna - Birla Cement","11-02-2026 10:00:00",24.58434363,80.8549414,SO2,19,21,20
India,"Madhya Pradesh",Singrauli,"Suryakiran Bhawan NCL, Singrauli - MPPCB","11-02-2026 10:00:00",24.108970,82.645580,CO,4,45,18
India,"Madhya Pradesh",Singrauli,"Suryakiran Bhawan NCL, Singrauli - MPPCB","11-02-2026 10:00:00",24.108970,82.645580,OZONE,1,27,3
India,"Madhya Pradesh",Ujjain,"Mahashweta Nagar, Ujjain - MPPCB","11-02-2026 10:00:00",23.1633321,75.800225,NO2,47,133,77
India,"Madhya Pradesh",Ujjain,"Mahashweta Nagar, Ujjain - MPPCB","11-02-2026 10:00:00",23.1633321,75.800225,NH3,5,17,13
India,"Madhya Pradesh",Jabalpur,"Gupteshwar, Jabalpur - JMC","11-02-2026 10:00:00",23.142888,79.916147,NO2,17,128,42
India,"Madhya Pradesh",Jabalpur,"Gupteshwar, Jabalpur - JMC","11-02-2026 10:00:00",23.142888,79.916147,NH3,2,2,2
India,"Madhya Pradesh",Jabalpur,"Gupteshwar, Jabalpur - JMC","11-02-2026 10:00:00",23.142888,79.916147,CO,32,123,46
India,"Madhya Pradesh",Jabalpur,"Marhatal, Jabalpur - MPPCB","11-02-2026 10:00:00",23.168606,79.932247,PM2.5,36,143,73
India,"Madhya Pradesh",Jabalpur,"Marhatal, Jabalpur - MPPCB","11-02-2026 10:00:00",23.168606,79.932247,NH3,2,2,2
India,"Madhya Pradesh",Jabalpur,"Suhagi, Jabalpur - JMC","11-02-2026 10:00:00",23.218135,79.957770,NO2,26,112,53
India,"Madhya Pradesh",Katni,"Gole Bazar, Katni - MPPCB","11-02-2026 10:00:00",23.50016,80.23284,PM2.5,30,82,51
India,"Madhya Pradesh",Mandideep,"Sector-D Industrial Area, Mandideep - MPPCB","11-02-2026 10:00:00",23.108440,77.511428,PM2.5,37,302,151
India,"Madhya Pradesh",Mandideep,"Sector-D Industrial Area, Mandideep - MPPCB","11-02-2026 10:00:00",23.108440,77.511428,PM10,62,216,142
India,"Madhya Pradesh",Indore,"Airport Area, Indore - IMC","11-02-2026 10:00:00",22.7289,75.8076,SO2,2,10,4
India,"Madhya Pradesh",Indore,"Maguda Nagar, Indore - IMC","11-02-2026 10:00:00",22.7524,75.8872,PM10,43,500,114
India,"Madhya Pradesh",Indore,"Maguda Nagar, Indore - IMC","11-02-2026 10:00:00",22.7524,75.8872,SO2,12,14,13
India,"Madhya Pradesh",Indore,"Regional Park, Indore - IMC","11-02-2026 10:00:00",22.6780,75.8559,PM2.5,49,300,148
India,"Madhya Pradesh",Indore,"Regional Park, Indore - IMC","11-02-2026 10:00:00",22.6780,75.8559,NH3,1,4,2
India,"Madhya Pradesh",Indore,"Residency Area, Indore - IMC","11-02-2026 10:00:00",22.7084,75.8815,PM10,53,175,104
India,"Madhya Pradesh",Indore,"Residency Area, Indore - IMC","11-02-2026 10:00:00",22.7084,75.8815,NH3,NA,NA,NA
India,"Madhya Pradesh",Jabalpur,"Govindh Bhavan Colony, Jabalpur - JMC","11-02-2026 10:00:00",23.163174,79.973061,NO2,9,14,11
India,Karnataka,Vijayapura,"Ibrahimpur, Vijayapura - KSPCB","11-02-2026 10:00:00",16.802639,75.722694,SO2,3,6,3
India,Karnataka,Vijayapura,"Ibrahimpur, Vijayapura - KSPCB","11-02-2026 10:00:00",16.802639,75.722694,OZONE,16,17,16
India,Karnataka,Yadgir,"Collector Office, Yadgir - KSPCB","11-02-2026 10:00:00",16.7602,77.1428,PM10,58,127,82
India,Karnataka,Yadgir,"Collector Office, Yadgir - KSPCB","11-02-2026 10:00:00",16.7602,77.1428,NO2,8,38,16
India,Karnataka,Yadgir,"Collector Office, Yadgir - KSPCB","11-02-2026 10:00:00",16.7602,77.1428,SO2,7,20,14
India,Kerala,Kollam,"Polayathode, Kollam - Kerala PCB","11-02-2026 10:00:00",8.8787,76.6073,CO,14,18,15
India,Kerala,Thiruvananthapuram,"Kariavattom, Thiruvananthapuram - Kerala PCB","11-02-2026 10:00:00",8.563700,76.886500,PM2.5,34,330,198
India,"Madhya Pradesh",Dewas,"Bhopal Chauraha, Dewas - MPPCB","11-02-2026 10:00:00",22.9682591,76.064118,SO2,38,89,53
India,"Madhya Pradesh",Gwalior,"City Center, Gwalior - MPPCB","11-02-2026 10:00:00",26.203442,78.193251,PM2.5,22,168,65
India,"Madhya Pradesh",Gwalior,"Deen Dayal Nagar, Gwalior - MPPCB","11-02-2026 10:00:00",26.259242,78.216432,PM10,64,240,135
India,"Madhya Pradesh",Gwalior,"Deen Dayal Nagar, Gwalior - MPPCB","11-02-2026 10:00:00",26.259242,78.216432,NO2,20,87,47
India,"Madhya Pradesh",Gwalior,"Maharaj Bada, Gwalior - MPPCB","11-02-2026 10:00:00",26.200388,78.147714,CO,2,107,21
India,"Madhya Pradesh",Indore,"Airport Area, Indore - IMC","11-02-2026 10:00:00",22.7289,75.8076,PM2.5,95,309,178
India,Kerala,Thiruvananthapuram,"Kariavattom, Thiruvananthapuram - Kerala PCB","11-02-2026 10:00:00",8.563700,76.886500,OZONE,36,37,36
India,Kerala,Thiruvananthapuram,"Plammoodu, Thiruvananthapuram - Kerala PCB","11-02-2026 10:00:00",8.5149093,76.9435879,PM10,62,117,96
India,Kerala,Thiruvananthapuram,"Plammoodu, Thiruvananthapuram - Kerala PCB","11-02-2026 10:00:00",8.5149093,76.9435879,SO2,6,22,13
India,"Madhya Pradesh",Bhopal,"Idgah Hills, Bhopal - MPPCB","11-02-2026 10:00:00",23.264759,77.381568,NO2,19,74,36
India,"Madhya Pradesh",Bhopal,"T T Nagar, Bhopal - MPPCB","11-02-2026 10:00:00",23.233584,77.400574,SO2,17,37,24
India,"Madhya Pradesh",Bhopal,"T T Nagar, Bhopal - MPPCB","11-02-2026 10:00:00",23.233584,77.400574,OZONE,5,181,63
India,Maharashtra,Aurangabad,"Rachnakar Colony, Aurangabad - MPCB","11-02-2026 10:00:00",19.863756,75.321188,NO2,16,116,52
India,Maharashtra,Aurangabad,"Rachnakar Colony, Aurangabad - MPCB","11-02-2026 10:00:00",19.863756,75.321188,OZONE,13,86,18
India,Maharashtra,Badlapur,"Katrap, Badlapur - MPCB","11-02-2026 10:00:00",19.16485,73.23409,PM2.5,53,245,97
India,Maharashtra,Belapur,"CBD Belapur, Belapur - MPCB","11-02-2026 10:00:00",19.0243902,73.0406721,CO,2,38,25
India,Maharashtra,Bhiwandi,"Gokul Nagar, Bhiwandi - MPCB","11-02-2026 10:00:00",19.309073,73.057223,PM10,106,184,146
India,Karnataka,Mangalore,"Kadri, Mangalore - KSPCB","11-02-2026 10:00:00",12.889250,74.853000,NO2,NA,NA,NA
India,Karnataka,Mysuru,"Hebbal 1st Stage, Mysuru - KSPCB","11-02-2026 10:00:00",12.21041,76.37376,NO2,14,27,20
India,Karnataka,Mysuru,"Hebbal 1st Stage, Mysuru - KSPCB","11-02-2026 10:00:00",12.21041,76.37376,OZONE,11,94,44
India,Karnataka,Ramanagara,"Vijay Nagar, Ramanagara - KSPCB","11-02-2026 10:00:00",12.733409,77.298051,CO,2,38,29
India,Karnataka,Tumakuru,"Thimmalapura, Tumakuru - KSPCB","11-02-2026 10:00:00",13.377516,77.099072,NH3,6,6,6
India,Maharashtra,Ahmednagar,"Tarakpur, Ahmednagar - MPCB","11-02-2026 10:00:00",19.10122,74.73339,NH3,NA,NA,NA
India,Maharashtra,Ahmednagar,"Tarakpur, Ahmednagar - MPCB","11-02-2026 10:00:00",19.10122,74.73339,CO,36,149,68
India,Maharashtra,Amravati,"Shivneri Colony, Amravati - MPCB","11-02-2026 10:00:00",20.9402359,77.7895248,PM2.5,NA,NA,NA
India,Maharashtra,Amravati,"Shivneri Colony, Amravati - MPCB","11-02-2026 10:00:00",20.9402359,77.7895248,SO2,NA,NA,NA
India,Maharashtra,Amravati,"Shri Shivaji Science College, Amravati - MPCB","11-02-2026 10:00:00",20.939198,77.765701,NO2,10,68,23
India,Maharashtra,Mumbai,"Kurla, Mumbai - MPCB","11-02-2026 10:00:00",19.0863,72.8888,NH3,2,2,2
India,Maharashtra,Mumbai,"Kurla, Mumbai - MPCB","11-02-2026 10:00:00",19.0863,72.8888,CO,12,26,23
India,Maharashtra,Mumbai,"Malad West, Mumbai - IITM","11-02-2026 10:00:00",19.19709,72.82204,SO2,3,26,14
India,Maharashtra,Mumbai,"Mazgaon, Mumbai - IITM","11-02-2026 10:00:00",18.96702,72.84214,SO2,19,42,25
India,Maharashtra,Mumbai,"Mazgaon, Mumbai - IITM","11-02-2026 10:00:00",18.96702,72.84214,CO,12,82,76
India,Maharashtra,Mumbai,"Mindspace-Malad West, Mumbai - MPCB","11-02-2026 10:00:00",19.1878657,72.8304069,CO,20,62,39
India,Maharashtra,Mumbai,"Mindspace-Malad West, Mumbai - MPCB","11-02-2026 10:00:00",19.1878657,72.8304069,OZONE,6,66,8
India,Maharashtra,Mumbai,"Mulund West, Mumbai - MPCB","11-02-2026 10:00:00",19.1750,72.9419,CO,NA,NA,NA
India,Maharashtra,Mumbai,"Navy Nagar-Colaba, Mumbai - IITM","11-02-2026 10:00:00",18.897756,72.813320,PM10,109,165,127
India,Maharashtra,Mumbai,"Navy Nagar-Colaba, Mumbai - IITM","11-02-2026 10:00:00",18.897756,72.813320,OZONE,11,74,29
India,Maharashtra,Mumbai,"Powai, Mumbai - MPCB","11-02-2026 10:00:00",19.137500,72.915056,PM10,59,129,73
India,Maharashtra,Mumbai,"Deonar, Mumbai - IITM","11-02-2026 10:00:00",19.04946,72.9230,OZONE,2,72,10
India,Maharashtra,Mumbai,"Ghatkopar, Mumbai - BMC","11-02-2026 10:00:00",19.083694,72.920967,SO2,1,3,2
India,Maharashtra,Mumbai,"Kandivali East, Mumbai - MPCB","11-02-2026 10:00:00",19.205800,72.868200,PM2.5,20,48,33
India,Maharashtra,Mumbai,"Kandivali West, Mumbai - BMC","11-02-2026 10:00:00",19.215859,72.831718,PM10,109,135,119
India,Maharashtra,Mumbai,"Kandivali West, Mumbai - BMC","11-02-2026 10:00:00",19.215859,72.831718,SO2,7,19,12
India,Maharashtra,Mumbai,"Kherwadi_Bandra East, Mumbai - MPCB","11-02-2026 10:00:00",19.0632143,72.8456324,PM2.5,85,202,152
India,Maharashtra,Mumbai,"Kherwadi_Bandra East, Mumbai - MPCB","11-02-2026 10:00:00",19.0632143,72.8456324,NH3,3,26,13
India,Maharashtra,Mumbai,"Kherwadi_Bandra East, Mumbai - MPCB","11-02-2026 10:00:00",19.0632143,72.8456324,OZONE,NA,NA,NA
India,Maharashtra,Mumbai,"Kurla, Mumbai - MPCB","11-02-2026 10:00:00",19.0863,72.8888,PM2.5,52,341,120
India,Maharashtra,Mumbai,"Kurla, Mumbai - MPCB","11-02-2026 10:00:00",19.0863,72.8888,PM10,74,375,143
India,Maharashtra,Nagpur,"Mahal, Nagpur - MPCB","11-02-2026 10:00:00",21.14472,79.107595,PM10,131,181,154
India,Maharashtra,Nagpur,"Mahal, Nagpur - MPCB","11-02-2026 10:00:00",21.14472,79.107595,CO,36,106,54
India,Maharashtra,Nagpur,"Opp GPO Civil Lines, Nagpur - MPCB","11-02-2026 10:00:00",21.152875,79.0517531,PM10,92,182,137
India,Maharashtra,Nagpur,"Ram Nagar, Nagpur - MPCB","11-02-2026 10:00:00",21.143383,79.048912,PM10,111,152,137
India,Maharashtra,Nagpur,"Ram Nagar, Nagpur - MPCB","11-02-2026 10:00:00",21.143383,79.048912,CO,20,70,49
India,Maharashtra,Nanded,"Sneh Nagar, Nanded - MPCB","11-02-2026 10:00:00",19.173852,77.296291,PM2.5,77,302,194
India,Maharashtra,Nanded,"Sneh Nagar, Nanded - MPCB","11-02-2026 10:00:00",19.173852,77.296291,NH3,3,5,4
India,Maharashtra,Nanded,"Sneh Nagar, Nanded - MPCB","11-02-2026 10:00:00",19.173852,77.296291,SO2,1,5,4
India,Maharashtra,Nashik,"Gangapur Road, Nashik - MPCB","11-02-2026 10:00:00",20.0073285,73.7762427,NH3,3,3,3
India,Maharashtra,Mumbai,"Byculla, Mumbai - BMC","11-02-2026 10:00:00",18.9767,72.8380,NO2,NA,NA,NA
India,Maharashtra,Mumbai,"Chakala-Andheri East, Mumbai - IITM","11-02-2026 10:00:00",19.11074,72.86084,PM10,90,166,134
India,Maharashtra,Mumbai,"Chakala-Andheri East, Mumbai - IITM","11-02-2026 10:00:00",19.11074,72.86084,SO2,1,26,12
India,Maharashtra,Mumbai,"Chembur, Mumbai - MPCB","11-02-2026 10:00:00",19.0364585,72.8954371,NH3,12,15,14
India,Maharashtra,Mumbai,"Chembur, Mumbai - MPCB","11-02-2026 10:00:00",19.0364585,72.8954371,OZONE,1,75,17
India,Maharashtra,Mumbai,"Colaba, Mumbai - MPCB","11-02-2026 10:00:00",18.910000,72.820000,PM2.5,50,104,75
India,Maharashtra,Mumbai,"Deonar, Mumbai - IITM","11-02-2026 10:00:00",19.04946,72.9230,PM10,126,173,145
India,Maharashtra,Mumbai,"Deonar, Mumbai - IITM","11-02-2026 10:00:00",19.04946,72.9230,NH3,NA,NA,NA
India,Maharashtra,Mira-Bhayandar,"Bhayandar West, Mira-Bhayandar - MPCB","11-02-2026 10:00:00",19.296481,72.840923,CO,26,60,41
India,Maharashtra,Mumbai,"Bandra Kurla Complex, Mumbai - IITM","11-02-2026 10:00:00",19.053536,72.84643,OZONE,4,10,6
India,Maharashtra,Mumbai,"Bandra Kurla Complex, Mumbai - MPCB","11-02-2026 10:00:00",19.065931,72.862131,CO,8,14,10
India,Maharashtra,Mumbai,"Borivali East, Mumbai - IITM","11-02-2026 10:00:00",19.23241,72.86895,PM2.5,85,149,101
India,Maharashtra,Mumbai,"Borivali East, Mumbai - MPCB","11-02-2026 10:00:00",19.2243333,72.8658113,CO,13,18,15
India,Maharashtra,Mumbai,"Shivaji Nagar, Mumbai - BMC","11-02-2026 10:00:00",19.060498,72.923356,NH3,3,3,3
India,Maharashtra,Mumbai,"Siddharth Nagar-Worli, Mumbai - IITM","11-02-2026 10:00:00",19.000083,72.813993,PM10,66,160,108
India,Maharashtra,Mumbai,"Sion, Mumbai - MPCB","11-02-2026 10:00:00",19.047000,72.874600,PM10,77,238,135
India,Maharashtra,Mumbai,"Vile Parle West, Mumbai - MPCB","11-02-2026 10:00:00",19.10861,72.83622,PM2.5,55,128,82
India,Maharashtra,Kolhapur,"Shivaji University, Kolhapur - MPCB","11-02-2026 10:00:00",16.6870449,74.2505872,NO2,20,86,41
India,Maharashtra,Kolhapur,"Shivaji University, Kolhapur - MPCB","11-02-2026 10:00:00",16.6870449,74.2505872,OZONE,8,85,20
India,Maharashtra,Mahad,"Kamble Tarf Birwadi, Mahad - MPCB","11-02-2026 10:00:00",18.1023399,73.4783687,PM2.5,127,212,182
India,Maharashtra,Malegaon,"Mahesh Nagar, Malegaon - MPCB","11-02-2026 10:00:00",20.555712,74.529236,SO2,2,19,8
India,Maharashtra,Mira-Bhayandar,"Bhayandar West, Mira-Bhayandar - MPCB","11-02-2026 10:00:00",19.296481,72.840923,PM10,83,170,105
India,Maharashtra,Mira-Bhayandar,"Bhayandar West, Mira-Bhayandar - MPCB","11-02-2026 10:00:00",19.296481,72.840923,NO2,20,97,44
India,Maharashtra,Chandrapur,"Chauhan Colony, Chandrapur - MPCB","11-02-2026 10:00:00",19.962900,79.298714,SO2,37,38,38
India,Maharashtra,Dhule,"Deopur, Dhule - MPCB","11-02-2026 10:00:00",20.918946,74.776388,NH3,2,3,2
India,Maharashtra,Dhule,"Deopur, Dhule - MPCB","11-02-2026 10:00:00",20.918946,74.776388,CO,23,38,28
India,Maharashtra,Pimpri-Chinchwad,"Savta Mali Nagar, Pimpri-Chinchwad - IITM","11-02-2026 10:00:00",18.614767,73.799516,PM2.5,87,306,176
India,Maharashtra,Pimpri-Chinchwad,"Savta Mali Nagar, Pimpri-Chinchwad - IITM","11-02-2026 10:00:00",18.614767,73.799516,CO,34,102,82
India,Maharashtra,Pimpri-Chinchwad,"Thergaon, Pimpri Chinchwad - MPCB","11-02-2026 10:00:00",18.616318,73.765797,PM10,99,167,131
India,Maharashtra,Pimpri-Chinchwad,"Thergaon, Pimpri Chinchwad - MPCB","11-02-2026 10:00:00",18.616318,73.765797,NH3,8,12,10
India,Maharashtra,Pimpri-Chinchwad,"Thergaon, Pimpri Chinchwad - MPCB","11-02-2026 10:00:00",18.616318,73.765797,CO,32,98,73
India,Maharashtra,Pune,"Bhumkar Nagar, Pune - IITM","11-02-2026 10:00:00",18.605770,73.749976,PM2.5,NA,NA,NA
India,Maharashtra,Pune,"Bhumkar Nagar, Pune - IITM","11-02-2026 10:00:00",18.605770,73.749976,CO,36,102,70
India,Maharashtra,Pune,"Dhankawadi, Pune - IITM","11-02-2026 10:00:00",18.459883,73.852193,OZONE,11,87,26
India,Maharashtra,Pune,"Hadapsar, Pune - IITM","11-02-2026 10:00:00",18.501793,73.927532,PM10,NA,NA,NA
India,Maharashtra,Pune,"Katraj Dairy, Pune - MPCB","11-02-2026 10:00:00",18.454450,73.854155,NO2,25,58,43
India,Maharashtra,Pune,"Katraj Dairy, Pune - MPCB","11-02-2026 10:00:00",18.454450,73.854155,NH3,3,11,5
India,Maharashtra,Pune,"Katraj Dairy, Pune - MPCB","11-02-2026 10:00:00",18.454450,73.854155,CO,54,107,71
India,Maharashtra,Pune,"Panchawati_Pashan, Pune - IITM","11-02-2026 10:00:00",18.536457,73.805454,PM2.5,89,270,166
India,Maharashtra,Pune,"Panchawati_Pashan, Pune - IITM","11-02-2026 10:00:00",18.536457,73.805454,NO2,8,39,18
India,Maharashtra,Pune,"Revenue Colony-Shivajinagar, Pune - IITM","11-02-2026 10:00:00",18.530085,73.849598,PM10,NA,NA,NA
India,Maharashtra,Pune,"Revenue Colony-Shivajinagar, Pune - IITM","11-02-2026 10:00:00",18.530085,73.849598,NO2,27,114,58
India,Maharashtra,Pune,"Revenue Colony-Shivajinagar, Pune - IITM","11-02-2026 10:00:00",18.530085,73.849598,OZONE,6,82,18
India,Maharashtra,Sangli,"Vijay Nagar, Sangli - MPCB","11-02-2026 10:00:00"," 16.5038",74.3623,NH3,1,6,4
India,Maharashtra,Sangli,"Vijay Nagar, Sangli - MPCB","11-02-2026 10:00:00"," 16.5038",74.3623,SO2,7,53,21
India,Maharashtra,Sangli,"Vijay Nagar, Sangli - MPCB","11-02-2026 10:00:00"," 16.5038",74.3623,CO,24,112,46
India,Maharashtra,Solapur,"Dnyaneshwar Nagar, Solapur - MPCB","11-02-2026 10:00:00",17.6336264,75.9132495,PM2.5,48,115,80
India,Maharashtra,Solapur,"Dnyaneshwar Nagar, Solapur - MPCB","11-02-2026 10:00:00",17.6336264,75.9132495,NO2,7,114,35
India,Maharashtra,Solapur,"Ratandeep Housing Society, Solapur - MPCB","11-02-2026 10:00:00",17.65439,75.90649,PM10,68,219,113
India,Maharashtra,"Navi Mumbai","Sanpada, Navi Mumbai - MPCB","11-02-2026 10:00:00",19.0575752,73.0151367,PM10,75,149,110
India,Maharashtra,"Navi Mumbai","Sanpada, Navi Mumbai - MPCB","11-02-2026 10:00:00",19.0575752,73.0151367,SO2,20,57,34
India,Maharashtra,"Navi Mumbai","Sector-2E Kalamboli, Navi Mumbai - MPCB","11-02-2026 10:00:00",19.02579,73.10297,NH3,6,11,8
India,Maharashtra,Parbhani,"Masoom Colony, Parbhani - MPCB","11-02-2026 10:00:00",19.265594,76.761463,PM10,58,164,104
India,Maharashtra,Parbhani,"Masoom Colony, Parbhani - MPCB","11-02-2026 10:00:00",19.265594,76.761463,SO2,6,12,9
India,Maharashtra,Parbhani,"Masoom Colony, Parbhani - MPCB","11-02-2026 10:00:00",19.265594,76.761463,CO,8,16,12
India,Maharashtra,Parbhani,"Masoom Colony, Parbhani - MPCB","11-02-2026 10:00:00",19.265594,76.761463,OZONE,10,10,10
India,Maharashtra,Pimpri-Chinchwad,"Gavalinagar, Pimpri Chinchwad - MPCB","11-02-2026 10:00:00",18.63673,73.82487,SO2,1,5,3
India,Maharashtra,Pimpri-Chinchwad,"Park Street Wakad, Pimpri Chinchwad - MPCB","11-02-2026 10:00:00",18.59051,73.77946,PM2.5,40,99,74
India,Maharashtra,Pimpri-Chinchwad,"Park Street Wakad, Pimpri Chinchwad - MPCB","11-02-2026 10:00:00",18.59051,73.77946,PM10,115,185,156
India,Odisha,Rourkela,"Raghunathpali, Rourkela - OSPCB","11-02-2026 10:00:00",22.220833,84.809444,SO2,3,5,4
India,Odisha,Rourkela,"Raghunathpali, Rourkela - OSPCB","11-02-2026 10:00:00",22.220833,84.809444,CO,31,92,63
India,Odisha,Rourkela,"Raghunathpali, Rourkela - OSPCB","11-02-2026 10:00:00",22.220833,84.809444,OZONE,3,16,5
India,Odisha,Talcher,"Talcher Coalfields,Talcher - OSPCB","11-02-2026 10:00:00",20.9360711,85.1707021,PM2.5,27,399,159
India,Odisha,Tensa,"Barsua Iron Ore Mines, Tensa - OSPCB","11-02-2026 10:00:00",21.869985,85.167016,NH3,3,5,4
India,Odisha,Tensa,"Barsua Iron Ore Mines, Tensa - OSPCB","11-02-2026 10:00:00",21.869985,85.167016,SO2,6,59,34
India,Puducherry,Puducherry,"Jawahar Nagar, Puducherry - PPCC","11-02-2026 10:00:00",11.9309,79.8027,NH3,2,3,1
India,Puducherry,Puducherry,"Jawahar Nagar, Puducherry - PPCC","11-02-2026 10:00:00",11.9309,79.8027,OZONE,35,111,53
India,Odisha,Cuttack,"CDA Area, Cuttack - OSPCB","11-02-2026 10:00:00","20.48891     ","85.84768     ",PM2.5,50,173,82
India,Odisha,Cuttack,"CDA Area, Cuttack - OSPCB","11-02-2026 10:00:00","20.48891     ","85.84768     ",SO2,2,28,8
India,Odisha,Keonjhar,"Jagamohanpur, Keonjhar - OSPCB","11-02-2026 10:00:00",21.643900,85.599355,NH3,5,5,5
India,Odisha,Nayagarh,"Dabuna, Nayagarh - OSPCB","11-02-2026 10:00:00",21.847279,85.416905,CO,14,28,22
India,Odisha,Nayagarh,"Dabuna, Nayagarh - OSPCB","11-02-2026 10:00:00",21.847279,85.416905,OZONE,9,35,12
India,Odisha,Rairangpur,"Divisional Forest Office, Rairangpur - OSPCB","11-02-2026 10:00:00",22.265816,86.174829,NH3,1,1,1
India,Odisha,Rairangpur,"Divisional Forest Office, Rairangpur - OSPCB","11-02-2026 10:00:00",22.265816,86.174829,SO2,1,33,12
India,Maharashtra,Nashik,"Hirawadi, Nashik - MPCB","11-02-2026 10:00:00",20.021503,73.813844,NH3,1,9,3
India,Maharashtra,Nashik,"Hirawadi, Nashik - MPCB","11-02-2026 10:00:00",20.021503,73.813844,CO,50,70,58
India,Maharashtra,Nashik,"MIDC Ambad, Nashik - MPCB","11-02-2026 10:00:00",19.950220,73.731480,SO2,18,27,21
India,Maharashtra,Nashik,"Pandav Nagari, Nashik - MPCB","11-02-2026 10:00:00",19.9591346,73.7788008,NH3,3,9,5
India,Maharashtra,"Navi Mumbai","Mahape, Navi Mumbai - MPCB","11-02-2026 10:00:00",19.1135051,73.008978,NH3,1,2,1
India,Maharashtra,"Navi Mumbai","Nerul, Navi Mumbai - MPCB","11-02-2026 10:00:00",19.008751,73.016620,PM2.5,91,214,142
India,Odisha,Bhubaneswar,"Lingraj Mandir, Bhubaneswar - OSPCB","11-02-2026 10:00:00",20.240790,85.836784,PM2.5,83,240,125
India,Odisha,Bhubaneswar,"Patia, Bhubaneswar - OSPCB","11-02-2026 10:00:00",20.34652,85.81630,SO2,3,27,10
India,Odisha,Bhubaneswar,"Patia, Bhubaneswar - OSPCB","11-02-2026 10:00:00",20.34652,85.81630,OZONE,3,151,18
India,Odisha,Bileipada,"Tata Township, Bileipada - OSPCB","11-02-2026 10:00:00",22.06156703,85.47409613,CO,20,74,42
India,Odisha,Byasanagar,"Ferro Chrome Colony, Byasanagar - OSPCB","11-02-2026 10:00:00",20.94185,86.11510,PM10,77,172,131
India,Meghalaya,Shillong,"Lumpyngngad, Shillong - Meghalaya PCB","11-02-2026 10:00:00",25.5586,91.8985,SO2,10,15,12
India,Nagaland,Kohima,"PWD Junction, Kohima - NPCB","11-02-2026 10:00:00",25.6635413,94.0989878,PM10,23,75,40
India,Odisha,Angul,"Hakimapada, Angul - OSPCB","11-02-2026 10:00:00",20.832874,85.104082,NO2,39,134,69
India,Odisha,Angul,"Hakimapada, Angul - OSPCB","11-02-2026 10:00:00",20.832874,85.104082,SO2,15,111,38
India,Odisha,Baripada,"Meher Colony, Baripada - OSPCB","11-02-2026 10:00:00",21.941841,86.728318,SO2,NA,NA,NA
India,Maharashtra,Thane,"Kasarvadavali, Thane - MPCB","11-02-2026 10:00:00",19.26777,72.97182,SO2,7,31,15
India,Maharashtra,Virar,"Bolinj, Virar - MPCB","11-02-2026 10:00:00",19.4458210,72.7988231,PM10,77,116,105
India,Punjab,Rupnagar,"Ratanpura, Rupnagar - Ambuja Cements","11-02-2026 10:00:00",31.0325454,76.5623046,SO2,6,6,6
India,Rajasthan,Ajmer,"Civil Lines,  Ajmer - RSPCB","11-02-2026 10:00:00",26.470859,74.646594,NO2,28,34,31
India,Rajasthan,Ajmer,"Civil Lines,  Ajmer - RSPCB","11-02-2026 10:00:00",26.470859,74.646594,NH3,3,4,4
India,Rajasthan,Alwar,"Moti Doongri, Alwar - RSPCB","11-02-2026 10:00:00",27.554793,76.611536,PM10,60,164,136
India,Rajasthan,Banswara,"Rati Talai, Banswara - RSPCB","11-02-2026 10:00:00",23.555190,74.440010,PM10,70,167,118
India,Rajasthan,Banswara,"Rati Talai, Banswara - RSPCB","11-02-2026 10:00:00",23.555190,74.440010,OZONE,2,171,46
India,Rajasthan,Baran,"Bamboliya, Baran - RSPCB","11-02-2026 10:00:00",25.106006,76.469948,PM2.5,18,87,58
India,Rajasthan,Baran,"Bamboliya, Baran - RSPCB","11-02-2026 10:00:00",25.106006,76.469948,PM10,64,119,89
India,Rajasthan,Baran,"Bamboliya, Baran - RSPCB","11-02-2026 10:00:00",25.106006,76.469948,NO2,14,32,21
India,Rajasthan,Baran,"Bamboliya, Baran - RSPCB","11-02-2026 10:00:00",25.106006,76.469948,SO2,2,11,6
India,Rajasthan,Baran,"Bamboliya, Baran - RSPCB","11-02-2026 10:00:00",25.106006,76.469948,OZONE,16,144,32
India,Rajasthan,Barmer,"Railway Colony, Barmer - RSPCB","11-02-2026 10:00:00",25.747299,71.393989,PM2.5,35,283,123
India,Rajasthan,Barmer,"Railway Colony, Barmer - RSPCB","11-02-2026 10:00:00",25.747299,71.393989,PM10,84,163,124
India,Rajasthan,Hanumangarh,"Housing Board, Hanumangarh - RSPCB","11-02-2026 10:00:00",29.610750,74.283608,PM2.5,42,103,68
India,Rajasthan,Hanumangarh,"Housing Board, Hanumangarh - RSPCB","11-02-2026 10:00:00",29.610750,74.283608,CO,1,198,10
India,Rajasthan,Jaipur,"Adarsh Nagar, Jaipur - RSPCB","11-02-2026 10:00:00",26.902909,75.836858,PM10,43,121,95
India,Rajasthan,Jaipur,"Adarsh Nagar, Jaipur - RSPCB","11-02-2026 10:00:00",26.902909,75.836858,CO,32,86,55
India,Rajasthan,Jaipur,"Mansarovar Sector-12, Jaipur - RSPCB","11-02-2026 10:00:00",26.843698,75.766894,PM10,98,262,138
India,Rajasthan,Jaipur,"Mansarovar Sector-12, Jaipur - RSPCB","11-02-2026 10:00:00",26.843698,75.766894,NH3,8,15,11
India,Rajasthan,Jaipur,"Police Commissionerate, Jaipur - RSPCB","11-02-2026 10:00:00",26.9164092,75.7994901,NO2,110,157,141
India,Rajasthan,Jaipur,"Shastri Nagar, Jaipur - RSPCB","11-02-2026 10:00:00",26.9502929,75.730943,CO,55,109,95
India,Rajasthan,Jaisalmer,"Sadar Bazar, Jaisalmer - RSPCB","11-02-2026 10:00:00",26.912329,70.909168,PM10,109,154,134
India,Rajasthan,Jaisalmer,"Sadar Bazar, Jaisalmer - RSPCB","11-02-2026 10:00:00",26.912329,70.909168,SO2,1,8,4
India,Rajasthan,Jaisalmer,"Sadar Bazar, Jaisalmer - RSPCB","11-02-2026 10:00:00",26.912329,70.909168,OZONE,39,90,51
India,Rajasthan,Jalore,"Mudtra Sili, Jalore - RSPCB","11-02-2026 10:00:00",25.344694,72.626208,NH3,5,11,7
India,Rajasthan,Jhalawar,"Rajlaxmi Nagar, Jhalawar - RSPCB","11-02-2026 10:00:00",24.588397,76.172782,NO2,82,145,119
India,Rajasthan,Jhalawar,"Rajlaxmi Nagar, Jhalawar - RSPCB","11-02-2026 10:00:00",24.588397,76.172782,SO2,1,75,16
India,Rajasthan,Bundi,"New Colony, Bundi - RSPCB","11-02-2026 10:00:00",25.435774,75.644272,PM10,75,171,100
India,Rajasthan,Churu,"Subash Chowk, Churu - RSPCB","11-02-2026 10:00:00",28.296139,74.961696,PM10,113,258,171
India,Rajasthan,Churu,"Subash Chowk, Churu - RSPCB","11-02-2026 10:00:00",28.296139,74.961696,NO2,12,225,64
India,Rajasthan,Churu,"Subash Chowk, Churu - RSPCB","11-02-2026 10:00:00",28.296139,74.961696,OZONE,31,126,73
India,Rajasthan,Dausa,"Khatikan Mohalla, Dausa - RSPCB","11-02-2026 10:00:00",26.895552,76.334753,SO2,6,8,7
India,Rajasthan,Dausa,"Khatikan Mohalla, Dausa - RSPCB","11-02-2026 10:00:00",26.895552,76.334753,CO,35,77,56
India,Rajasthan,Dholpur,"Raja Ganj, Dholpur - RSPCB","11-02-2026 10:00:00",26.699557,77.898881,NO2,20,65,32
India,Rajasthan,Jaipur,"Police Commissionerate, Jaipur - RSPCB","11-02-2026 10:00:00",26.9164092,75.7994901,SO2,21,30,26
India,Rajasthan,Jaipur,"Police Commissionerate, Jaipur - RSPCB","11-02-2026 10:00:00",26.9164092,75.7994901,OZONE,15,80,34
India,Rajasthan,Jaipur,"RIICO Sitapura, Jaipur - RSPCB","11-02-2026 10:00:00",26.786682,75.827928,PM10,NA,NA,NA
India,Rajasthan,Jaipur,"RIICO Sitapura, Jaipur - RSPCB","11-02-2026 10:00:00",26.786682,75.827928,NO2,NA,NA,NA
India,Rajasthan,Jaipur,"RIICO Sitapura, Jaipur - RSPCB","11-02-2026 10:00:00",26.786682,75.827928,CO,20,112,40
India,Rajasthan,Jaipur,"Sector-2 Murlipura, Jaipur - RSPCB","11-02-2026 10:00:00",26.960669,75.771817,NH3,6,8,7
India,Rajasthan,Jaipur,"Shastri Nagar, Jaipur - RSPCB","11-02-2026 10:00:00",26.9502929,75.730943,PM10,66,161,107
India,Punjab,Jalandhar,"Civil Line, Jalandhar - PPCB","11-02-2026 10:00:00",31.321907,75.578914,OZONE,27,70,50
India,Punjab,Ludhiana,"Punjab Agricultural University, Ludhiana - PPCB","11-02-2026 10:00:00",30.9028,75.8086,PM2.5,77,186,133
India,Punjab,"Mandi Gobindgarh","RIMT University, Mandi Gobindgarh - PPCB","11-02-2026 10:00:00",30.649961,76.331442,NH3,6,6,6
India,Punjab,Patiala,"Model Town, Patiala - PPCB","11-02-2026 10:00:00",30.349388,76.366642,PM10,104,155,125
India,Punjab,Patiala,"Model Town, Patiala - PPCB","11-02-2026 10:00:00",30.349388,76.366642,OZONE,11,42,11
India,Rajasthan,Jodhpur,"Mandor, Jodhpur - RSPCB","11-02-2026 10:00:00",26.358805,73.047444,PM2.5,38,311,116
India,Rajasthan,Jodhpur,"Mandor, Jodhpur - RSPCB","11-02-2026 10:00:00",26.358805,73.047444,PM10,62,230,107
India,Rajasthan,Jodhpur,"Mandor, Jodhpur - RSPCB","11-02-2026 10:00:00",26.358805,73.047444,SO2,4,17,7
India,Rajasthan,Jodhpur,"Mandor, Jodhpur - RSPCB","11-02-2026 10:00:00",26.358805,73.047444,CO,12,68,25
India,Rajasthan,Jodhpur,"Mandor, Jodhpur - RSPCB","11-02-2026 10:00:00",26.358805,73.047444,OZONE,22,73,45
India,Rajasthan,Jodhpur,"Samrat Ashok Udhyan, Jodhpur - RSPCB","11-02-2026 10:00:00",26.253384,72.976571,SO2,3,19,8
India,Rajasthan,Bharatpur,"Krishna Nagar, Bharatpur - RSPCB","11-02-2026 10:00:00",27.215415,77.50873,CO,27,74,47
India,Rajasthan,Bhilwara,"Pratap Nagar, Bhilwara - RSPCB","11-02-2026 10:00:00",25.339605,74.618883,SO2,12,82,28
India,Rajasthan,Bhiwadi,"Vasundhara Nagar_UIT, Bhiwadi - RSPCB","11-02-2026 10:00:00",28.207266,76.829265,OZONE,4,229,9
India,Rajasthan,Jodhpur,"Collectorate, Jodhpur - RSPCB","11-02-2026 10:00:00",26.268249,73.0193853,OZONE,5,78,33
India,Rajasthan,Jodhpur,"Digari Kalan, Jodhpur - RSPCB","11-02-2026 10:00:00",26.295810,73.082283,NO2,14,100,36
India,TamilNadu,Pudukottai,"SIPCOT Nathampannai, Pudukottai - TNPCB","11-02-2026 10:00:00",10.423417,78.784889,NH3,NA,NA,NA
India,TamilNadu,Ramanathapuram,"Chalai Bazaar, Ramanathapuram - TNPCB","11-02-2026 10:00:00",9.36399,78.831977,PM10,NA,NA,NA
India,TamilNadu,Ramanathapuram,"Chalai Bazaar, Ramanathapuram - TNPCB","11-02-2026 10:00:00",9.36399,78.831977,SO2,NA,NA,NA
India,TamilNadu,Thoothukudi,"Meelavittan, Thoothukudi - TNPCB","11-02-2026 10:00:00","8.816428 ",78.099039,NO2,7,20,13
India,Telangana,Hyderabad,"Bollaram Industrial Area, Hyderabad - TSPCB","11-02-2026 10:00:00",17.540891,78.358528,NO2,16,172,52
India,Telangana,Hyderabad,"Bollaram Industrial Area, Hyderabad - TSPCB","11-02-2026 10:00:00",17.540891,78.358528,NH3,2,26,7
India,Telangana,Hyderabad,"Bollaram Industrial Area, Hyderabad - TSPCB","11-02-2026 10:00:00",17.540891,78.358528,CO,16,124,37
India,Telangana,Hyderabad,"Bollaram Industrial Area, Hyderabad - TSPCB","11-02-2026 10:00:00",17.540891,78.358528,OZONE,36,46,38
India,Telangana,Hyderabad,"ICRISAT Patancheru, Hyderabad - TSPCB","11-02-2026 10:00:00",17.518400,78.278777,PM10,48,106,67
India,TamilNadu,Chennai,"Kodungaiyur, Chennai - TNPCB","11-02-2026 10:00:00",13.1278,80.2642,NO2,2,16,5
India,TamilNadu,Chennai,"Kodungaiyur, Chennai - TNPCB","11-02-2026 10:00:00",13.1278,80.2642,NH3,2,3,2
India,TamilNadu,Chennai,"Kodungaiyur, Chennai - TNPCB","11-02-2026 10:00:00",13.1278,80.2642,SO2,2,12,8
India,TamilNadu,Chennai,"Kodungaiyur, Chennai - TNPCB","11-02-2026 10:00:00",13.1278,80.2642,CO,40,64,51
India,TamilNadu,Chennai,"Manali Village, Chennai - TNPCB","11-02-2026 10:00:00",13.1662,80.2584,NO2,5,8,6
India,TamilNadu,Chennai,"Manali, Chennai - CPCB","11-02-2026 10:00:00",13.164544,80.26285,CO,11,74,27
India,TamilNadu,Chennai,"Perungudi, Chennai - TNPCB","11-02-2026 10:00:00",12.9533,80.2357,NO2,3,12,7
India,TamilNadu,Chennai,"Royapuram, Chennai - TNPCB","11-02-2026 10:00:00",13.1036,80.2909,OZONE,14,33,17
India,Telangana,Hyderabad,"ICRISAT Patancheru, Hyderabad - TSPCB","11-02-2026 10:00:00",17.518400,78.278777,NH3,1,2,2
India,Telangana,Hyderabad,"IDA Pashamylaram, Hyderabad - TSPCB","11-02-2026 10:00:00",17.5316895,78.218939,OZONE,17,19,18
India,Telangana,Hyderabad,"Kokapet, Hyderabad - TSPCB","11-02-2026 10:00:00",17.393559,78.339194,PM2.5,57,70,62
India,Telangana,Hyderabad,"Kompally Municipal Office, Hyderabad - TSPCB","11-02-2026 10:00:00",17.544899,78.486949,NH3,3,5,4
India,Telangana,Hyderabad,"Nacharam_TSIIC IALA, Hyderabad - TSPCB","11-02-2026 10:00:00",17.429398,78.569354,SO2,10,16,13
India,Rajasthan,Pratapgarh,"Pragati Nagar, Pratapgarh - RSPCB","11-02-2026 10:00:00",24.041198,74.780702,PM2.5,60,263,103
India,Rajasthan,Rajsamand,"Dhoinda, Rajsamand - RSPCB","11-02-2026 10:00:00",25.036360,73.883502,NO2,10,41,25
India,Rajasthan,Rajsamand,"Dhoinda, Rajsamand - RSPCB","11-02-2026 10:00:00",25.036360,73.883502,OZONE,12,92,22
India,Rajasthan,"Sawai Madhopur","Sahu Nagar, Sawai Madhopur - RSPCB","11-02-2026 10:00:00",26.031443,76.359327,NH3,5,40,18
India,Rajasthan,Sikar,"Radhakishan Pura, Sikar - RSPCB","11-02-2026 10:00:00",27.608912,75.153302,PM10,98,261,149
India,TamilNadu,Gummidipoondi,"Anthoni Pillai Nagar, Gummidipoondi - TNPCB","11-02-2026 10:00:00",13.4127,80.1081,PM10,84,362,154
India,TamilNadu,Madurai,"Uchapatti, Madurai - TNPCB","11-02-2026 10:00:00",9.865935,78.022669,CO,NA,NA,NA
India,TamilNadu,Perundurai,"SIPCOT Industrial Park, Perundurai - TNPCB","11-02-2026 10:00:00",11.258242,77.552761,PM10,1,101,42
India,TamilNadu,Perundurai,"SIPCOT Industrial Park, Perundurai - TNPCB","11-02-2026 10:00:00",11.258242,77.552761,NO2,12,14,13
India,TamilNadu,Perundurai,"SIPCOT Industrial Park, Perundurai - TNPCB","11-02-2026 10:00:00",11.258242,77.552761,CO,39,44,41
India,Rajasthan,Kota,"Shrinath Puram, Kota - RSPCB","11-02-2026 10:00:00",25.14389,75.821256,PM10,94,179,131
India,Rajasthan,Kota,"Shrinath Puram, Kota - RSPCB","11-02-2026 10:00:00",25.14389,75.821256,NH3,5,11,7
India,Rajasthan,Kota,"Shrinath Puram, Kota - RSPCB","11-02-2026 10:00:00",25.14389,75.821256,CO,22,114,40
India,Rajasthan,Nagaur,"Karni Colony, Nagaur - RSPCB","11-02-2026 10:00:00",27.213494,73.734444,PM10,89,162,119
India,Rajasthan,Nagaur,"Karni Colony, Nagaur - RSPCB","11-02-2026 10:00:00",27.213494,73.734444,NH3,6,12,9
India,Rajasthan,Nagaur,"Karni Colony, Nagaur - RSPCB","11-02-2026 10:00:00",27.213494,73.734444,CO,20,35,28
India,Rajasthan,Tonk,"Shastri Nagar, Tonk - RSPCB","11-02-2026 10:00:00",26.159933,75.780517,CO,29,141,39
India,Rajasthan,Udaipur,"Ashok Nagar, Udaipur - RSPCB","11-02-2026 10:00:00",24.5886166,73.6321397,NO2,17,50,29
India,Sikkim,Gangtok,"Zero Point GICI, Gangtok - SSPCB","11-02-2026 10:00:00",27.338530,88.614099,NO2,6,7,6
India,Sikkim,Gangtok,"Zero Point GICI, Gangtok - SSPCB","11-02-2026 10:00:00",27.338530,88.614099,OZONE,21,24,22
India,Telangana,Hyderabad,"New Malakpet, Hyderabad - TSPCB","11-02-2026 10:00:00",17.37206,78.50864,CO,23,45,25
India,Telangana,Hyderabad,"New Malakpet, Hyderabad - TSPCB","11-02-2026 10:00:00",17.37206,78.50864,OZONE,13,32,16
India,Telangana,Hyderabad,"Somajiguda, Hyderabad - TSPCB","11-02-2026 10:00:00",17.417094,78.457437,PM2.5,54,69,62
India,Telangana,Hyderabad,"Zoo Park, Hyderabad - TSPCB","11-02-2026 10:00:00",17.349694,78.451437,PM10,80,142,112
India,Rajasthan,"Sri Ganganagar","Old City, Sri Ganganagar - RSPCB","11-02-2026 10:00:00",29.931624,73.864511,OZONE,11,124,16
India,Rajasthan,Tonk,"Shastri Nagar, Tonk - RSPCB","11-02-2026 10:00:00",26.159933,75.780517,PM2.5,63,364,153
India,Uttar_Pradesh,Lucknow,"Lalbagh, Lucknow - CPCB","11-02-2026 10:00:00",26.8458805,80.9365541,OZONE,7,59,11
India,Uttar_Pradesh,Lucknow,"Talkatora District Industries Center, Lucknow - CPCB","11-02-2026 10:00:00",26.83399722,80.8917361,SO2,2,18,10
India,Uttar_Pradesh,Meerut,"Ganga Nagar, Meerut - UPPCB","11-02-2026 10:00:00",28.999264,77.7590354,PM2.5,NA,NA,NA
India,Uttar_Pradesh,Meerut,"Jai Bhim Nagar, Meerut - UPPCB","11-02-2026 10:00:00",28.9535882,77.7622941,PM10,120,466,236
India,Uttar_Pradesh,Meerut,"Jai Bhim Nagar, Meerut - UPPCB","11-02-2026 10:00:00",28.9535882,77.7622941,OZONE,2,171,22
India,Uttar_Pradesh,Meerut,"Pallavpuram Phase 2, Meerut - UPPCB","11-02-2026 10:00:00",29.063510,77.709723,PM10,117,379,201
India,Uttar_Pradesh,Meerut,"Pallavpuram Phase 2, Meerut - UPPCB","11-02-2026 10:00:00",29.063510,77.709723,NO2,13,64,32
India,Uttar_Pradesh,Meerut,"Pallavpuram Phase 2, Meerut - UPPCB","11-02-2026 10:00:00",29.063510,77.709723,CO,12,110,43
India,Uttar_Pradesh,Moradabad,"Buddhi Vihar, Moradabad - UPPCB","11-02-2026 10:00:00",28.83526,78.74460,PM10,38,177,106
India,Uttar_Pradesh,Kanpur,"Nehru Nagar, Kanpur - UPPCB","11-02-2026 10:00:00",26.4703136,80.3229863,OZONE,6,22,6
India,Uttar_Pradesh,Khurja,"Kalindi Kunj, Khurja - UPPCB","11-02-2026 10:00:00",28.2348927,77.8683002,NH3,1,1,1
India,Uttar_Pradesh,Lucknow,"B R Ambedkar University, Lucknow - UPPCB","11-02-2026 10:00:00",26.766433,80.927299,SO2,26,38,31
India,Uttar_Pradesh,Lucknow,"B R Ambedkar University, Lucknow - UPPCB","11-02-2026 10:00:00",26.766433,80.927299,OZONE,17,77,24
India,Uttar_Pradesh,Lucknow,"Gomti Nagar, Lucknow - UPPCB","11-02-2026 10:00:00",26.868120,81.005119,SO2,9,11,10
India,Uttar_Pradesh,Lucknow,"Gomti Nagar, Lucknow - UPPCB","11-02-2026 10:00:00",26.868120,81.005119,CO,30,38,31
India,Uttar_Pradesh,Lucknow,"Kendriya Vidyalaya, Lucknow - CPCB","11-02-2026 10:00:00",26.906111,80.948222,PM2.5,66,288,162
India,Uttar_Pradesh,Lucknow,"Kukrail Picnic Spot-1, Lucknow - UPPCB","11-02-2026 10:00:00",26.90723,80.98579,PM2.5,13,69,45
India,Uttar_Pradesh,Lucknow,"Kukrail Picnic Spot-1, Lucknow - UPPCB","11-02-2026 10:00:00",26.90723,80.98579,PM10,22,67,46
India,Uttar_Pradesh,Agra,"Sanjay Palace, Agra - UPPCB","11-02-2026 10:00:00",27.19865833,78.00598056,SO2,18,19,18
India,Uttar_Pradesh,Agra,"Sector-3B Avas Vikas Colony, Agra - UPPCB","11-02-2026 10:00:00",27.19412,77.96237,SO2,11,14,11
India,Uttar_Pradesh,Agra,"Sector-3B Avas Vikas Colony, Agra - UPPCB","11-02-2026 10:00:00",27.19412,77.96237,CO,6,27,17
India,Uttar_Pradesh,Agra,"Sector-3B Avas Vikas Colony, Agra - UPPCB","11-02-2026 10:00:00",27.19412,77.96237,OZONE,NA,NA,NA
India,Uttar_Pradesh,Agra,"Shahjahan Garden, Agra - UPPCB","11-02-2026 10:00:00",27.169338,78.03582,SO2,29,40,35
India,Uttar_Pradesh,Agra,"Shastripuram, Agra - UPPCB","11-02-2026 10:00:00",27.19862,77.92066,CO,14,27,19
India,Uttar_Pradesh,Baghpat,"Sardar Patel Inter College, Baghpat - UPPCB","11-02-2026 10:00:00",28.964949,77.278761,OZONE,5,138,8
India,Uttar_Pradesh,Bareilly,"Civil Lines, Bareilly - UPPCB","11-02-2026 10:00:00",28.359581,79.414455,NO2,2,3,2
India,Uttar_Pradesh,Ghaziabad,"Sanjay Nagar, Ghaziabad - UPPCB","11-02-2026 10:00:00",28.685382,77.453839,PM10,132,403,257
India,Uttar_Pradesh,Ghaziabad,"Sanjay Nagar, Ghaziabad - UPPCB","11-02-2026 10:00:00",28.685382,77.453839,NH3,6,8,7
India,Uttar_Pradesh,Ghaziabad,"Vasundhara, Ghaziabad - UPPCB","11-02-2026 10:00:00",28.6603346,77.3572563,CO,22,146,111
India,Uttar_Pradesh,Gorakhpur,"Madan Mohan Malaviya University of Technology, Gorakhpur - UPPCB","11-02-2026 10:00:00",26.730136,83.433859,NO2,10,12,11
India,Uttar_Pradesh,Gorakhpur,"Madan Mohan Malaviya University of Technology, Gorakhpur - UPPCB","11-02-2026 10:00:00",26.730136,83.433859,SO2,43,46,44
India,Uttar_Pradesh,"Greater Noida","Knowledge Park - III, Greater Noida - UPPCB","11-02-2026 10:00:00",28.47272,77.482000,PM2.5,63,347,214
India,Uttar_Pradesh,"Greater Noida","Knowledge Park - III, Greater Noida - UPPCB","11-02-2026 10:00:00",28.47272,77.482000,NO2,15,233,87
India,Uttar_Pradesh,Moradabad,"Eco Herbal Park, Moradabad - UPPCB","11-02-2026 10:00:00",28.840739,78.697531,PM10,57,154,107
India,Uttar_Pradesh,Moradabad,"Eco Herbal Park, Moradabad - UPPCB","11-02-2026 10:00:00",28.840739,78.697531,OZONE,2,77,7
India,Uttar_Pradesh,Moradabad,"Employment Office, Moradabad - UPPCB","11-02-2026 10:00:00",28.88528,78.73880,PM2.5,58,297,158
India,Uttar_Pradesh,Moradabad,"Jigar Colony, Moradabad - UPPCB","11-02-2026 10:00:00",28.856664,78.772638,SO2,21,79,38
India,Uttar_Pradesh,Moradabad,"Kashiram Nagar, Moradabad - UPPCB","11-02-2026 10:00:00",28.849399,78.742362,NH3,4,4,4
India,Uttar_Pradesh,"Greater Noida","Knowledge Park - V, Greater Noida - UPPCB","11-02-2026 10:00:00",28.557054,77.453663,CO,30,118,86
India,Uttar_Pradesh,Hapur,"Anand Vihar, Hapur - UPPCB","11-02-2026 10:00:00",28.725645,77.749675,PM10,92,300,179
India,Uttar_Pradesh,Kanpur,"NSI Kalyanpur, Kanpur - UPPCB","11-02-2026 10:00:00",26.509954,80.249612,PM2.5,29,317,118
India,Uttar_Pradesh,Kanpur,"Nehru Nagar, Kanpur - UPPCB","11-02-2026 10:00:00",26.4703136,80.3229863,CO,12,89,52
India,Uttar_Pradesh,Moradabad,"Transport Nagar, Moradabad - UPPCB","11-02-2026 10:00:00",28.802625,78.753728,NH3,5,6,6
India,Uttar_Pradesh,Moradabad,"Transport Nagar, Moradabad - UPPCB","11-02-2026 10:00:00",28.802625,78.753728,SO2,38,43,41
India,Uttar_Pradesh,Noida,"Sector - 62, Noida - IMD","11-02-2026 10:00:00",28.6245479,77.3577104,OZONE,19,143,29
India,Uttar_Pradesh,Noida,"Sector-1, Noida - UPPCB","11-02-2026 10:00:00",28.5898,77.3101,NO2,131,150,142
India,Uttar_Pradesh,Agra,"Manoharpur, Agra - UPPCB","11-02-2026 10:00:00",27.23711,78.01936,PM10,45,141,95
India,Uttar_Pradesh,Agra,"Rohta, Agra - UPPCB","11-02-2026 10:00:00",27.106972,78.000111,PM2.5,27,247,74
India,Uttar_Pradesh,Agra,"Rohta, Agra - UPPCB","11-02-2026 10:00:00",27.106972,78.000111,PM10,55,169,116
India,Uttar_Pradesh,Agra,"Rohta, Agra - UPPCB","11-02-2026 10:00:00",27.106972,78.000111,OZONE,13,15,15
India,Uttar_Pradesh,Firozabad,"Nagla Bhau, Firozabad - UPPCB","11-02-2026 10:00:00",27.168897,78.376960,NO2,17,17,17
India,Uttar_Pradesh,Firozabad,"Nagla Bhau, Firozabad - UPPCB","11-02-2026 10:00:00",27.168897,78.376960,OZONE,1,29,2
India,Uttar_Pradesh,Ghaziabad,"Indirapuram, Ghaziabad - UPPCB","11-02-2026 10:00:00",28.646233,77.358075,SO2,21,43,25
India,Uttar_Pradesh,Prayagraj,"Jhunsi, Prayagraj - UPPCB","11-02-2026 10:00:00",25.425602,81.917152,CO,4,58,28
India,Uttar_Pradesh,Prayagraj,"Motilal Nehru NIT, Prayagraj - UPPCB","11-02-2026 10:00:00",25.494,81.863,PM10,33,120,79
India,Uttar_Pradesh,Prayagraj,"Motilal Nehru NIT, Prayagraj - UPPCB","11-02-2026 10:00:00",25.494,81.863,NH3,6,8,7
India,Uttar_Pradesh,Prayagraj,"Nagar Nigam, Prayagraj - UPPCB","11-02-2026 10:00:00","25.44919916 ","81.82735986 ",NH3,7,19,12
India,Uttar_Pradesh,Prayagraj,"Nagar Nigam, Prayagraj - UPPCB","11-02-2026 10:00:00","25.44919916 ","81.82735986 ",OZONE,11,12,11
India,Uttar_Pradesh,Varanasi,"Bhelupur, Varanasi - UPPCB","11-02-2026 10:00:00",25.301778,82.996789,NO2,8,8,8
India,Uttar_Pradesh,Varanasi,"IESD Banaras Hindu University, Varanasi - UPPCB","11-02-2026 10:00:00",25.262326,82.995408,CO,8,30,12
India,Uttar_Pradesh,Varanasi,"Maldahiya, Varanasi - UPPCB","11-02-2026 10:00:00",25.32393,82.99687,PM10,34,142,81
India,Uttar_Pradesh,Varanasi,"Maldahiya, Varanasi - UPPCB","11-02-2026 10:00:00",25.32393,82.99687,SO2,27,30,28
India,Uttar_Pradesh,Varanasi,"Maldahiya, Varanasi - UPPCB","11-02-2026 10:00:00",25.32393,82.99687,CO,18,106,70
India,Uttar_Pradesh,Varanasi,"Maldahiya, Varanasi - UPPCB","11-02-2026 10:00:00",25.32393,82.99687,OZONE,1,10,2
India,Uttar_Pradesh,Vrindavan,"Omex Eternity, Vrindavan - UPPCB","11-02-2026 10:00:00",27.5714090,77.6557570,PM10,33,121,90
India,Uttarakhand,Dehradun,"Doon University, Dehradun - UKPCB","11-02-2026 10:00:00",30.269444,78.044167,PM2.5,54,215,107
India,Uttarakhand,Dehradun,"Doon University, Dehradun - UKPCB","11-02-2026 10:00:00",30.269444,78.044167,PM10,44,147,76
India,Uttarakhand,Kashipur,"Govt. Girls Inter College, Kashipur - UKPCB","11-02-2026 10:00:00",29.2124114,78.9611753,PM10,NA,NA,NA
India,Uttarakhand,Kashipur,"Govt. Girls Inter College, Kashipur - UKPCB","11-02-2026 10:00:00",29.2124114,78.9611753,SO2,NA,NA,NA
India,Uttarakhand,Rishikesh,"Shivaji Nagar, Rishikesh - UKPCB","11-02-2026 10:00:00",30.075911,78.2859547,PM10,32,52,39
India,Uttarakhand,Rishikesh,"Shivaji Nagar, Rishikesh - UKPCB","11-02-2026 10:00:00",30.075911,78.2859547,SO2,1,1,1
India,West_Bengal,Asansol,"Asansol Court Area, Asansol - WBPCB","11-02-2026 10:00:00",23.685297,86.945968,CO,20,95,71
India,West_Bengal,Asansol,"Evelyn Lodge, Asansol - WBPCB","11-02-2026 10:00:00",23.6979360,86.9443950,NO2,7,75,34
India,West_Bengal,Asansol,"Evelyn Lodge, Asansol - WBPCB","11-02-2026 10:00:00",23.6979360,86.9443950,NH3,5,7,6
India,West_Bengal,Asansol,"Mahabir Colliery, Asansol - WBPCB","11-02-2026 10:00:00",23.6181830,87.1057180,NO2,8,37,21
India,West_Bengal,Asansol,"Mahabir Colliery, Asansol - WBPCB","11-02-2026 10:00:00",23.6181830,87.1057180,NH3,1,2,1
India,West_Bengal,Asansol,"Mahabir Colliery, Asansol - WBPCB","11-02-2026 10:00:00",23.6181830,87.1057180,OZONE,4,37,6
India,West_Bengal,Asansol,"Trivenidevi Bhalotia College, Asansol - WBPCB","11-02-2026 10:00:00",23.616515,87.119133,OZONE,4,47,5
India,West_Bengal,Barrackpore,"SVSPA Campus, Barrackpore - WBPCB","11-02-2026 10:00:00",22.7605581,88.3617589,NH3,3,6,5
India,West_Bengal,Barrackpore,"SVSPA Campus, Barrackpore - WBPCB","11-02-2026 10:00:00",22.7605581,88.3617589,SO2,9,13,11
India,West_Bengal,Durgapur,"Mahishkapur Road_B-Zone, Durgapur - WBPCB","11-02-2026 10:00:00",23.567923,87.306843,PM10,116,116,116
India,West_Bengal,Durgapur,"PCBL Residential Complex, Durgapur - WBPCB","11-02-2026 10:00:00",23.5087640,87.3544400,NH3,12,15,13
India,West_Bengal,Durgapur,"PCBL Residential Complex, Durgapur - WBPCB","11-02-2026 10:00:00",23.5087640,87.3544400,CO,30,102,53
India,West_Bengal,Durgapur,"PCBL Residential Complex, Durgapur - WBPCB","11-02-2026 10:00:00",23.5087640,87.3544400,OZONE,1,61,18
India,West_Bengal,Durgapur,"Womens College_City Center, Durgapur - WBPCB","11-02-2026 10:00:00",23.549395,87.300496,CO,18,82,49
India,West_Bengal,Durgapur,"Womens College_City Center, Durgapur - WBPCB","11-02-2026 10:00:00",23.549395,87.300496,OZONE,2,82,7
India,West_Bengal,Haldia,"Priyambada Housing Estate, Haldia - WBPCB","11-02-2026 10:00:00",22.06047,88.109737,OZONE,18,25,20
India,West_Bengal,Howrah,"Botanical Garden, Howrah - WBPCB","11-02-2026 10:00:00",22.554954,88.292568,PM2.5,24,311,131
India,West_Bengal,Howrah,"Botanical Garden, Howrah - WBPCB","11-02-2026 10:00:00",22.554954,88.292568,SO2,6,36,15
India,West_Bengal,Howrah,"Dasnagar, Howrah - WBPCB","11-02-2026 10:00:00",22.6025571,88.3105664,SO2,9,122,40
India,West_Bengal,Howrah,"Padmapukur, Howrah - WBPCB","11-02-2026 10:00:00",22.5687319,88.2797276,PM2.5,33,371,162
India,West_Bengal,Howrah,"Padmapukur, Howrah - WBPCB","11-02-2026 10:00:00",22.5687319,88.2797276,CO,5,60,54
India,West_Bengal,Kolkata,"Bidhannagar, Kolkata - WBPCB","11-02-2026 10:00:00",22.58157048,88.41002457,OZONE,13,69,19
India,West_Bengal,Kolkata,"Fort William, Kolkata - WBPCB","11-02-2026 10:00:00",22.556640,88.342674,CO,16,110,67
India,West_Bengal,Kolkata,"Rabindra Bharati University, Kolkata - WBPCB","11-02-2026 10:00:00",22.627847,88.380669,PM2.5,88,458,279
India,West_Bengal,Kolkata,"Rabindra Bharati University, Kolkata - WBPCB","11-02-2026 10:00:00",22.627847,88.380669,CO,29,120,64
India,West_Bengal,Kolkata,"Rabindra Bharati University, Kolkata - WBPCB","11-02-2026 10:00:00",22.627847,88.380669,OZONE,8,52,16
India,West_Bengal,Kolkata,"Rabindra Sarobar, Kolkata - WBPCB","11-02-2026 10:00:00",22.51106,88.35142,PM2.5,39,274,154
India,West_Bengal,Kolkata,"Rabindra Sarobar, Kolkata - WBPCB","11-02-2026 10:00:00",22.51106,88.35142,OZONE,3,27,11
India,West_Bengal,Kolkata,"Victoria, Kolkata - WBPCB","11-02-2026 10:00:00",22.5448082,88.3403691,NO2,26,54,46
India,West_Bengal,Kolkata,"Victoria, Kolkata - WBPCB","11-02-2026 10:00:00",22.5448082,88.3403691,SO2,9,34,18
India,West_Bengal,Siliguri,"Ward-32 Bapupara, Siliguri - WBPCB","11-02-2026 10:00:00",26.6879226,88.4152495,NH3,10,10,10
India,West_Bengal,Siliguri,"Ward-32 Bapupara, Siliguri - WBPCB","11-02-2026 10:00:00",26.6879226,88.4152495,OZONE,39,114,65
